prolongation,block,sound_rep,word_rep,interjection,unsure,poor_audio_quality,no_speech,difficult_to_understand,no_stuttered_words,natural_pause,music,stream_position,original_sample_rate,num_samples,duration_seconds,audio_sha256,sample_id,dependence_group
0,0,0,0,0,0,0,0,0,3,1,0,1,16000,48000,3.0,fbe1c48a4659779446a648417da91061384028add1060380ed4cddfd99386cd7,fbe1c48a4659779446a648417da91061384028add1060380ed4cddfd99386cd7,0
0,0,0,0,0,0,0,0,0,3,0,0,11,16000,48000,3.0,4754836f60be6e9eef9eef33e48c65d4229a157fa056f25fb0363d95ec273152,4754836f60be6e9eef9eef33e48c65d4229a157fa056f25fb0363d95ec273152,1
0,0,0,0,0,0,0,0,0,3,1,0,17,16000,48000,3.0,f3be036bc699e4df3b0bdd5ea7ff1315a84d88b89f26cca35e2feb2d068f41f9,f3be036bc699e4df3b0bdd5ea7ff1315a84d88b89f26cca35e2feb2d068f41f9,2
0,0,0,0,0,0,0,0,0,3,0,0,29,16000,48000,3.0,33cdd538a3e7df59c92db3e7a6b18e46016db73b2a6f1d815f6eb1be484200d8,33cdd538a3e7df59c92db3e7a6b18e46016db73b2a6f1d815f6eb1be484200d8,3
0,0,0,1,0,0,0,0,0,2,1,0,46,16000,48000,3.0,72879db6cea96071d70c2087a9e4810c2be905d56224249e16de5bec9ab1d3e4,72879db6cea96071d70c2087a9e4810c2be905d56224249e16de5bec9ab1d3e4,4
0,0,0,3,0,0,0,0,1,0,1,0,47,16000,48000,3.0,caba69fb6a549f9943de5e1e714b3e795eb9e941668c037061b19f335491d780,caba69fb6a549f9943de5e1e714b3e795eb9e941668c037061b19f335491d780,5
3,0,0,0,3,0,0,0,0,0,0,0,54,16000,48000,3.0,0de8745ad6657c9a3159c09e0ff377c18c7f2d995bb1c4f4f99927263043740e,0de8745ad6657c9a3159c09e0ff377c18c7f2d995bb1c4f4f99927263043740e,6
1,0,0,0,0,0,0,0,0,2,0,0,63,16000,48000,3.0,63c61f46d339c2367a46d1c8e3f820ff3050636062873a0001aea8f5e1314eb8,63c61f46d339c2367a46d1c8e3f820ff3050636062873a0001aea8f5e1314eb8,7
0,1,1,0,2,0,0,0,0,1,1,0,79,16000,48000,3.0,2aa250f3ba7ae125c2a43298fd37360ba526449c2ec9788878e842a005e32a50,2aa250f3ba7ae125c2a43298fd37360ba526449c2ec9788878e842a005e32a50,8
0,1,0,3,0,0,0,0,0,0,0,0,91,16000,48000,3.0,6156ff116671c01ad9b986bbc9b5cc121a72965886f3d154477887b88cb4f644,6156ff116671c01ad9b986bbc9b5cc121a72965886f3d154477887b88cb4f644,9
3,0,1,0,0,0,0,0,1,0,0,0,94,16000,48000,3.0,a4a320a9a84174ac6cce1e6eacd86048c267731d7ba648224e9e86f125e8f73d,a4a320a9a84174ac6cce1e6eacd86048c267731d7ba648224e9e86f125e8f73d,10
0,0,0,1,0,0,0,0,1,2,1,0,98,16000,48000,3.0,f667acb652002fef88958a673bb5a55b592ca4e420f800afb9f48d848d8c8140,f667acb652002fef88958a673bb5a55b592ca4e420f800afb9f48d848d8c8140,11
0,0,0,0,0,0,0,1,0,3,0,0,104,16000,48000,3.0,031c388c67e21a1531ef12691f48d32677df25330a2b5a5ce809910c8148cd26,031c388c67e21a1531ef12691f48d32677df25330a2b5a5ce809910c8148cd26,12
0,1,0,0,1,0,0,0,1,2,2,0,119,16000,48000,3.0,c1f4cd4f4ed606da3c6b3190655a6ff24ae7003f8576880939751a17e7f68e95,c1f4cd4f4ed606da3c6b3190655a6ff24ae7003f8576880939751a17e7f68e95,13
0,1,2,0,0,0,0,0,0,0,0,0,136,16000,48000,3.0,5be1559271287eaff403edebc2269a614cd2f83dfbedff1e14a20a04dfc7385a,5be1559271287eaff403edebc2269a614cd2f83dfbedff1e14a20a04dfc7385a,14
1,0,0,0,1,0,0,0,0,2,1,0,139,16000,48000,3.0,6979016c73e394aa6e3f3616551721fe10e5cd3d2288570a0eb3ef206f9809ef,6979016c73e394aa6e3f3616551721fe10e5cd3d2288570a0eb3ef206f9809ef,15
0,0,0,0,2,0,0,0,0,3,0,0,143,16000,48000,3.0,b6e1539d66c48a38b6b60d0380e2967b8bfc2c36d14326de6fd8cf14f659faa6,b6e1539d66c48a38b6b60d0380e2967b8bfc2c36d14326de6fd8cf14f659faa6,16
0,0,0,3,1,0,0,1,1,0,1,0,144,16000,48000,3.0,87ee2c521c719d7660a93a3d931aab1a73c30f7f97f63436abf9a854f4f754e2,87ee2c521c719d7660a93a3d931aab1a73c30f7f97f63436abf9a854f4f754e2,17
3,1,0,0,0,0,1,0,1,0,0,0,152,16000,48000,3.0,1a4e890ef2429fae7298cd34fd02f83d557ed651674d441fcc1ffe99ab36ab04,1a4e890ef2429fae7298cd34fd02f83d557ed651674d441fcc1ffe99ab36ab04,18
2,0,0,0,3,0,0,0,0,1,1,0,158,16000,48000,3.0,53c712074ec53ced7b3dc0982d35268fe835a5a8d6c178a2fe9a351f9f5584ec,53c712074ec53ced7b3dc0982d35268fe835a5a8d6c178a2fe9a351f9f5584ec,19
1,1,0,0,0,0,0,0,0,2,0,0,174,16000,48000,3.0,527421dea88b5c0c51896ba55d5db33250330ca51f61ace257e9d0797c34ee89,527421dea88b5c0c51896ba55d5db33250330ca51f61ace257e9d0797c34ee89,20
2,0,0,0,0,0,0,0,0,2,0,0,180,16000,48000,3.0,84482f7df692b5b57a2b93f5b51a05a710f7615a6ee229307e61669f64045ab2,84482f7df692b5b57a2b93f5b51a05a710f7615a6ee229307e61669f64045ab2,21
2,0,0,0,2,0,0,0,0,1,0,0,208,16000,48000,3.0,a411e5bd968052584d6eca178eb8b39549c179c4c608d4d79cf1f4a7135158a0,a411e5bd968052584d6eca178eb8b39549c179c4c608d4d79cf1f4a7135158a0,22
2,1,0,0,0,0,0,0,1,1,0,0,222,16000,48000,3.0,77bbe0db9233b0f8eaf968c7e68fb5cc91eac3e95491119ff19520f3629826ce,77bbe0db9233b0f8eaf968c7e68fb5cc91eac3e95491119ff19520f3629826ce,23
0,0,0,3,0,0,0,0,1,0,0,0,245,16000,48000,3.0,30f07cff4474e1556a3673f36d0e5f377a70db1c230ac561c4a3731adba5369c,30f07cff4474e1556a3673f36d0e5f377a70db1c230ac561c4a3731adba5369c,24
3,0,1,0,0,0,0,0,2,0,0,0,251,16000,48000,3.0,1836299bd39851ea18048e65cc1ac32517341d22da93e028ba340caec86b60ff,1836299bd39851ea18048e65cc1ac32517341d22da93e028ba340caec86b60ff,25
1,0,1,0,0,0,0,0,0,1,0,0,261,16000,48000,3.0,15606ee546209463b28e70c85df3c2d4883a240040d8afc6cd4dcd43a8d22dde,15606ee546209463b28e70c85df3c2d4883a240040d8afc6cd4dcd43a8d22dde,26
1,1,0,0,2,0,0,0,0,1,0,0,279,16000,48000,3.0,098fd1551b2872b529def0f78594a11a14aa9290acabefec3e05bf1b18b1a725,098fd1551b2872b529def0f78594a11a14aa9290acabefec3e05bf1b18b1a725,27
0,1,0,0,2,0,0,0,0,2,0,0,333,16000,48000,3.0,f8c139606373fe7be825b917d5e7b14009a9433c53b76d684845e3457c21a3d7,f8c139606373fe7be825b917d5e7b14009a9433c53b76d684845e3457c21a3d7,28
0,1,0,0,2,0,2,0,1,2,0,0,340,16000,48000,3.0,bef9ba08b2ae8cac370ee9165577a8234718ad42d510afe14f546fcdce14dc35,bef9ba08b2ae8cac370ee9165577a8234718ad42d510afe14f546fcdce14dc35,29
0,2,0,0,3,0,0,0,0,1,0,0,343,16000,48000,3.0,1196d01aa3b678ef8a5b932b29a35c64567db3c9b5cdba76c3c3110fd3bc8d73,1196d01aa3b678ef8a5b932b29a35c64567db3c9b5cdba76c3c3110fd3bc8d73,30
1,0,0,0,0,0,0,0,0,2,1,0,412,16000,48000,3.0,974aabda74f2e4cca44ea0c881293a1a7fb275b279394be2e8d2e4a8785a2e02,974aabda74f2e4cca44ea0c881293a1a7fb275b279394be2e8d2e4a8785a2e02,31
0,2,0,0,0,0,1,0,0,1,0,0,414,16000,48000,3.0,1dafab46fc965deadf6b5f798c2661b8221622c760a66dfe9ae1e0673996fc84,1dafab46fc965deadf6b5f798c2661b8221622c760a66dfe9ae1e0673996fc84,32
2,0,0,0,3,0,0,0,0,1,0,0,425,16000,48000,3.0,786bb91954c8ee1582a2f886c238c2b77d53b70b1f222e70f403f5cb81383be2,786bb91954c8ee1582a2f886c238c2b77d53b70b1f222e70f403f5cb81383be2,33
2,0,0,0,1,0,1,0,0,1,1,0,476,16000,48000,3.0,1ae9aeb6ce89459dfa6de3ac0d1830fd4a14047b28b9cc5566133ae2a4c27997,1ae9aeb6ce89459dfa6de3ac0d1830fd4a14047b28b9cc5566133ae2a4c27997,34
0,0,0,3,0,0,0,0,0,0,0,0,478,16000,48000,3.0,13503b11e423ba0d26e6db6d6bc947c68fa779c293612a2da615070c023ba615,13503b11e423ba0d26e6db6d6bc947c68fa779c293612a2da615070c023ba615,35
3,0,0,0,3,0,0,0,0,0,0,0,492,16000,48000,3.0,2081b1504e155168be2013cc33f4243d75c6ea1bdadffc597f63e6f83975d8b2,2081b1504e155168be2013cc33f4243d75c6ea1bdadffc597f63e6f83975d8b2,36
2,0,2,0,0,0,0,0,1,1,0,0,498,16000,48000,3.0,82f994d839db0218bfecf7dc78bb4b4eab0b165bececc7f2e594981816f07667,82f994d839db0218bfecf7dc78bb4b4eab0b165bececc7f2e594981816f07667,37
3,2,1,0,0,0,0,0,0,0,0,0,501,16000,48000,3.0,4b7a636f383743e71e522080d83a272b4aab30d7aaffdf6bd86d7fab9d5bd7a1,4b7a636f383743e71e522080d83a272b4aab30d7aaffdf6bd86d7fab9d5bd7a1,38
0,0,0,0,3,0,3,0,0,3,1,0,509,16000,48000,3.0,eb61c270b978469cfd64f5e3160d5578f0c0c613d1babadf3b31736288f8a9db,eb61c270b978469cfd64f5e3160d5578f0c0c613d1babadf3b31736288f8a9db,39
0,0,0,0,3,0,0,0,0,3,0,0,531,16000,48000,3.0,a0422478c062fb425bf176cf3e40a4fd728716e2b28513fb95d4459a7ff7ae2c,a0422478c062fb425bf176cf3e40a4fd728716e2b28513fb95d4459a7ff7ae2c,40
0,0,0,3,3,0,1,0,0,0,0,0,532,16000,48000,3.0,0ff751698453aa373bbaa114d209005ef7ed7fea501602c6cc25777dce456506,0ff751698453aa373bbaa114d209005ef7ed7fea501602c6cc25777dce456506,41
0,1,0,0,1,0,0,0,0,2,0,0,540,16000,48000,3.0,c13c795ee45d9dfd289c143f80e1cd49c98c9f83d479b06a141c089bbceba00b,c13c795ee45d9dfd289c143f80e1cd49c98c9f83d479b06a141c089bbceba00b,42
0,0,0,0,3,0,0,0,0,3,0,0,558,16000,48000,3.0,16df73fe14c514486c5f59184864e1e5694cff13fc486b85ed7b13715e1b2f85,16df73fe14c514486c5f59184864e1e5694cff13fc486b85ed7b13715e1b2f85,43
0,0,0,1,0,0,0,0,0,2,0,0,575,16000,48000,3.0,fa1a939715fcb91d86d53538ca8c5e61f84ab4d1c133a0d946061c9ee88c67fd,fa1a939715fcb91d86d53538ca8c5e61f84ab4d1c133a0d946061c9ee88c67fd,44
0,0,0,0,2,0,0,0,0,3,0,0,576,16000,48000,3.0,57973d4029a996615cd7ad31aca264625a574c0ed22b42be8a21976e3c8063c4,57973d4029a996615cd7ad31aca264625a574c0ed22b42be8a21976e3c8063c4,45
1,0,0,0,0,0,0,0,0,2,0,0,581,16000,48000,3.0,0a64617ce9c3b64184b118f62661fde5cd70e07684c2116c23b3984654df3f69,0a64617ce9c3b64184b118f62661fde5cd70e07684c2116c23b3984654df3f69,46
3,2,0,0,0,0,0,0,0,0,0,0,588,16000,48000,3.0,d1d47adca78bc5bae4d0adc21c0a5bc4bd4758d16bc19fae35a882cff084995e,d1d47adca78bc5bae4d0adc21c0a5bc4bd4758d16bc19fae35a882cff084995e,47
0,0,0,0,0,0,0,0,0,3,1,0,590,16000,48000,3.0,d9cb11500785ded637962db19ef343d876e9a09e25dd0eec5328e484176cd313,d9cb11500785ded637962db19ef343d876e9a09e25dd0eec5328e484176cd313,48
0,0,0,3,1,0,0,0,0,0,1,0,596,16000,48000,3.0,f1c3d9e5ec1acfdf094aea222074254928eb10f5630ccfb81cbf9f20c42a661a,f1c3d9e5ec1acfdf094aea222074254928eb10f5630ccfb81cbf9f20c42a661a,49
0,1,0,0,0,0,0,0,0,2,0,0,609,16000,48000,3.0,35ffd3bab7eb1470d08b720058ee82d818676abbb7a342d161884f9fa97b724e,35ffd3bab7eb1470d08b720058ee82d818676abbb7a342d161884f9fa97b724e,50
0,0,0,0,3,0,1,0,0,3,2,0,655,16000,48000,3.0,cf7daad281e29b2bd24838d09017b1ae2c68ea5ccbc9b15f179f2cc509b4163e,cf7daad281e29b2bd24838d09017b1ae2c68ea5ccbc9b15f179f2cc509b4163e,51
0,0,0,0,0,0,0,0,0,3,1,0,666,16000,48000,3.0,a7382d37a1161e78b9177e037bc72246ff182d3f13c9e1b41e5ac1ad742af686,a7382d37a1161e78b9177e037bc72246ff182d3f13c9e1b41e5ac1ad742af686,52
0,1,3,0,1,0,0,0,0,0,0,0,670,16000,48000,3.0,088af8d4b51c749ea1a892273dc5b1b91169c01dfe3f3c5329f16b4664d73e45,088af8d4b51c749ea1a892273dc5b1b91169c01dfe3f3c5329f16b4664d73e45,53
1,0,0,0,0,0,0,0,0,2,2,0,677,16000,48000,3.0,ee12b86951191aee76740393be7f4deb88cb24139926fa59d0e1e69813b0e36a,ee12b86951191aee76740393be7f4deb88cb24139926fa59d0e1e69813b0e36a,54
0,2,0,0,0,0,0,0,1,1,2,0,694,16000,48000,3.0,51f99b1de76ce50b31199fe6e7929e90f61197750ca8155ac177492097d71575,51f99b1de76ce50b31199fe6e7929e90f61197750ca8155ac177492097d71575,55
1,2,0,0,0,0,0,0,1,1,2,0,711,16000,48000,3.0,3e89811c1a5ae2d203e253cf8f4a846acbcd3d647735e9b8c0f077429170a5be,3e89811c1a5ae2d203e253cf8f4a846acbcd3d647735e9b8c0f077429170a5be,56
2,0,0,0,0,0,0,1,1,1,0,0,738,16000,48000,3.0,1cd06bf44f97c2adea8e92f8c855c67fff1ad6127ac1a62b98917f5b0a607e28,1cd06bf44f97c2adea8e92f8c855c67fff1ad6127ac1a62b98917f5b0a607e28,57
1,0,0,0,3,0,0,0,0,2,1,0,762,16000,48000,3.0,fd5d1763e0a14c6a1897c8ef654171cfb30bae5797989104670ace36ce8467b0,fd5d1763e0a14c6a1897c8ef654171cfb30bae5797989104670ace36ce8467b0,58
3,1,0,0,0,0,0,0,0,0,0,0,785,16000,48000,3.0,fe79e638b3853827a984eaf0a89c0fc5dca3b44081b74c25b4e47b623a2b1002,fe79e638b3853827a984eaf0a89c0fc5dca3b44081b74c25b4e47b623a2b1002,59
2,0,0,2,0,0,0,0,0,0,0,0,794,16000,48000,3.0,b09cdca638c7201f477ba53b483c89bb643c4c83493fec306124499237159008,b09cdca638c7201f477ba53b483c89bb643c4c83493fec306124499237159008,60
2,1,0,0,2,0,0,0,0,0,0,0,810,16000,48000,3.0,5df4994609b45d76e27c727226ef00668e3fc414986c41d5827f5b18e85dcf5a,5df4994609b45d76e27c727226ef00668e3fc414986c41d5827f5b18e85dcf5a,61
1,0,0,1,0,0,0,0,0,2,1,0,829,16000,48000,3.0,af9fdd3766107a35f94ce17cd6d94e190a8248964037915014a29aa0148dcd59,af9fdd3766107a35f94ce17cd6d94e190a8248964037915014a29aa0148dcd59,62
0,0,0,2,3,0,0,0,0,1,0,0,830,16000,48000,3.0,aee4cfcc3634faa2842539812f634635121f7c0974f03a8b0b5840a4f060c8e0,aee4cfcc3634faa2842539812f634635121f7c0974f03a8b0b5840a4f060c8e0,63
1,0,0,0,0,0,0,0,0,2,1,0,835,16000,48000,3.0,d5dd8b18ab961fbd5144da97eca094c9f0dae94a72140564c640dfcdeaf35b78,d5dd8b18ab961fbd5144da97eca094c9f0dae94a72140564c640dfcdeaf35b78,64
0,0,1,0,0,0,0,0,0,2,1,0,857,16000,48000,3.0,871f59ca2e105b249e5d0b847446a9cf99b8011e01eaf9634a06e10df3a6affb,871f59ca2e105b249e5d0b847446a9cf99b8011e01eaf9634a06e10df3a6affb,65
0,1,2,0,0,0,0,0,0,0,0,0,859,16000,48000,3.0,dd6e753781213727d4f40ac5597ee9634bb23a1ecc9a8d8fbe8fc473fa7f3644,dd6e753781213727d4f40ac5597ee9634bb23a1ecc9a8d8fbe8fc473fa7f3644,66
0,1,0,0,0,0,0,2,0,3,0,0,895,16000,48000,3.0,f2c3ceef1f2fb2d281724b3c7c34a3ca34b495ea41157c903d9ee503e383ea79,f2c3ceef1f2fb2d281724b3c7c34a3ca34b495ea41157c903d9ee503e383ea79,67
0,0,0,2,0,0,0,0,0,1,1,0,916,16000,48000,3.0,6844210856481a19c7a7d8b511c88e2e6809990d89f936a6afc8213e8b700429,6844210856481a19c7a7d8b511c88e2e6809990d89f936a6afc8213e8b700429,68
1,0,0,0,0,0,0,0,0,2,1,0,937,16000,48000,3.0,78c5e79dd09685862eaaece177869b2bbed875f12cda4a60e5ae527550c1a057,78c5e79dd09685862eaaece177869b2bbed875f12cda4a60e5ae527550c1a057,69
1,1,2,0,2,0,0,0,1,0,0,0,939,16000,48000,3.0,77ec9de05b84da2a145c4258e24e44a100b29938935437c4010bc3539eb736e0,77ec9de05b84da2a145c4258e24e44a100b29938935437c4010bc3539eb736e0,70
2,0,0,0,3,0,0,0,0,1,0,0,950,16000,48000,3.0,8a3028d8c73ab3d747e96bdd9a5735ace12d6b9132ff0670e951dff3ab4eb05b,8a3028d8c73ab3d747e96bdd9a5735ace12d6b9132ff0670e951dff3ab4eb05b,71
1,2,0,0,0,0,1,0,2,1,0,0,966,16000,48000,3.0,c94c4ca5331a1230a0c17fd4363d76bca99c10af5bd7b88be71ced01fb0d9cd5,c94c4ca5331a1230a0c17fd4363d76bca99c10af5bd7b88be71ced01fb0d9cd5,72
0,0,0,3,1,0,0,0,0,0,0,0,968,16000,48000,3.0,cf4e3d0886bcec348c3937b4e62328662cf399add6c48d754d2e8ad5c20da7c7,cf4e3d0886bcec348c3937b4e62328662cf399add6c48d754d2e8ad5c20da7c7,73
0,1,0,2,0,0,0,0,0,0,0,0,981,16000,48000,3.0,f7004b548c511a36747712085387e8a60f8d0a19dbca3805f9aacc1f71b42f10,f7004b548c511a36747712085387e8a60f8d0a19dbca3805f9aacc1f71b42f10,74
0,0,0,0,0,0,0,0,0,3,0,0,984,16000,48000,3.0,cf6c6293322671d7ea3c3514dacabfff63d9ca4f7fecedbd36cd0400f3a82605,cf6c6293322671d7ea3c3514dacabfff63d9ca4f7fecedbd36cd0400f3a82605,75
0,0,1,0,0,0,0,0,0,2,0,0,988,16000,48000,3.0,712d9dbecea392f20b0533e2479a1f206cc74a0e186603f4747ef8ed5fac7027,712d9dbecea392f20b0533e2479a1f206cc74a0e186603f4747ef8ed5fac7027,76
1,0,0,0,3,0,0,0,0,2,0,0,995,16000,48000,3.0,e8d51b4d4a132254a4529a4c8f6d5024bde9c8024d928b0338b3ee0e5e750f28,e8d51b4d4a132254a4529a4c8f6d5024bde9c8024d928b0338b3ee0e5e750f28,77
0,0,0,0,3,0,0,0,0,3,0,0,1007,16000,48000,3.0,2f52f8e11d4d20207bc733b96df66775564945343b677b684cd2bf426141307d,2f52f8e11d4d20207bc733b96df66775564945343b677b684cd2bf426141307d,78
0,0,0,1,0,0,0,0,0,2,2,0,1020,16000,48000,3.0,19c670f0872b914dce765b708a89f0a1c15f0ed324293bd4b92468c7b85b53b1,19c670f0872b914dce765b708a89f0a1c15f0ed324293bd4b92468c7b85b53b1,79
0,1,0,3,0,0,0,0,1,0,0,0,1030,16000,48000,3.0,5cd19802b641afd5259c9dfafb2d16e50cff6305c985264320923e12fe889ef8,5cd19802b641afd5259c9dfafb2d16e50cff6305c985264320923e12fe889ef8,80
3,1,0,0,3,0,0,0,0,0,0,0,1038,16000,48000,3.0,f5abfe6a72d1e32a40ed8b6e15591c95933066b5cd8ec34a295f2ec66a3f7070,f5abfe6a72d1e32a40ed8b6e15591c95933066b5cd8ec34a295f2ec66a3f7070,81
0,1,2,0,1,0,0,0,0,0,0,0,1053,16000,48000,3.0,be9b693cf7f72f6154295cafac6229f9b73147ebe79f361d9132a05c7177f3b8,be9b693cf7f72f6154295cafac6229f9b73147ebe79f361d9132a05c7177f3b8,82
0,2,0,0,3,0,0,0,0,1,1,0,1071,16000,48000,3.0,24376786b40991aa6bd5d40cc6e07341a5481a9e8e934ede595fa45ff4be6af4,24376786b40991aa6bd5d40cc6e07341a5481a9e8e934ede595fa45ff4be6af4,83
0,1,0,0,3,0,0,0,0,2,0,0,1072,16000,48000,3.0,c356431ccc29994585fb774de5471a52cf40d25ae5947e53e1524bb24026db42,c356431ccc29994585fb774de5471a52cf40d25ae5947e53e1524bb24026db42,84
0,0,1,0,2,0,0,0,0,2,1,0,1073,16000,48000,3.0,a5c48612ae8d722be0213c11faf0c0483e66599f7342bc6052757806e4d2ee3c,a5c48612ae8d722be0213c11faf0c0483e66599f7342bc6052757806e4d2ee3c,85
1,0,0,0,3,0,0,1,0,2,0,0,1075,16000,48000,3.0,4f38770979f571da5e46b39da27954b89d243e8884b3fbfd9eb0faa11ad0df34,4f38770979f571da5e46b39da27954b89d243e8884b3fbfd9eb0faa11ad0df34,86
0,0,0,0,0,0,0,3,0,3,0,0,1078,16000,48000,3.0,a9d2a8222410bc2c0908bb675763b96f1dc42044463e1cb62cf58d8eee1881ae,a9d2a8222410bc2c0908bb675763b96f1dc42044463e1cb62cf58d8eee1881ae,87
2,0,0,3,0,0,0,0,0,0,0,0,1089,16000,48000,3.0,cf2c8f5d44c2b1809f09eabaac6a692026b359906af0fa5aae8fb7d2abbedd2a,cf2c8f5d44c2b1809f09eabaac6a692026b359906af0fa5aae8fb7d2abbedd2a,88
0,0,0,0,0,0,0,0,0,3,0,0,1100,16000,48000,3.0,12e1ee8aff894dd530a4069f9f249e61eb5523849f380beaac3de4838b0eadc6,12e1ee8aff894dd530a4069f9f249e61eb5523849f380beaac3de4838b0eadc6,89
1,0,0,3,0,0,0,0,0,0,0,0,1134,16000,48000,3.0,27182a94dbdbac1fcbdcd9f2558f17af5348b740f07ab44d5b33447ffde17611,27182a94dbdbac1fcbdcd9f2558f17af5348b740f07ab44d5b33447ffde17611,90
0,0,0,2,3,0,0,0,1,2,1,0,1151,16000,48000,3.0,f398ea8dc2d7f156373bcb7d7d4ad325b052436bccc6188de64d67c117d8a0a8,f398ea8dc2d7f156373bcb7d7d4ad325b052436bccc6188de64d67c117d8a0a8,91
0,0,0,0,0,0,0,0,0,3,0,0,1161,16000,48000,3.0,c7e411c1a1b1744ef34a13a80969d2db0f43081a5e7280152d0eeeeecd4ed1f8,c7e411c1a1b1744ef34a13a80969d2db0f43081a5e7280152d0eeeeecd4ed1f8,92
0,1,0,0,0,0,0,0,1,2,0,0,1184,16000,48000,3.0,9d181d6ded36ed11e687716b1243598d42ac9a85415795250f7084c859f4d59c,9d181d6ded36ed11e687716b1243598d42ac9a85415795250f7084c859f4d59c,93
1,1,1,0,2,0,0,0,0,1,0,0,1212,16000,48000,3.0,677c2c190375945b6f9218c0f3c7f266016bc0707637b88218a887d7ad8ec84b,677c2c190375945b6f9218c0f3c7f266016bc0707637b88218a887d7ad8ec84b,94
0,1,1,0,0,0,0,0,0,2,2,0,1216,16000,48000,3.0,ec722122123cbd459bb8e86ccd523f8c13d207eb8a11f09f285665a112378336,ec722122123cbd459bb8e86ccd523f8c13d207eb8a11f09f285665a112378336,95
0,0,0,0,0,0,0,0,0,3,2,0,1222,16000,48000,3.0,af737158b5ded57fdda85ac9b011e294d5002f636e6f58bd31326dd1c289d720,af737158b5ded57fdda85ac9b011e294d5002f636e6f58bd31326dd1c289d720,96
0,3,1,0,1,0,0,0,1,0,0,0,1231,16000,48000,3.0,53ace62dea9f0972567347255840e72f9e42cca80cd0444a1638f05d83d27907,53ace62dea9f0972567347255840e72f9e42cca80cd0444a1638f05d83d27907,97
0,0,0,0,0,0,0,0,0,3,2,0,1232,16000,48000,3.0,af4e1af77ffb0ae39d63559377cc60b35ea8eda6e697e5d2b88e21b0f4e3c146,af4e1af77ffb0ae39d63559377cc60b35ea8eda6e697e5d2b88e21b0f4e3c146,98
0,0,0,0,0,0,0,0,0,3,1,0,1237,16000,48000,3.0,39836c5b6e7bd56ed0ea2f715c2aede3063b35b50f86132a47c64187abb64b8a,39836c5b6e7bd56ed0ea2f715c2aede3063b35b50f86132a47c64187abb64b8a,99
0,0,0,0,0,0,0,0,0,3,2,0,1239,16000,48000,3.0,5f1f7d06f8dd8908e9ad4cc25c0f13265dcbd89aee1d8761375d63690f534d77,5f1f7d06f8dd8908e9ad4cc25c0f13265dcbd89aee1d8761375d63690f534d77,100
1,1,0,0,0,0,0,0,1,1,0,0,1245,16000,48000,3.0,7ca696b87da527501712d6ef17c6223163717db9ea1915c1ab3ccf48c1ff1e0a,7ca696b87da527501712d6ef17c6223163717db9ea1915c1ab3ccf48c1ff1e0a,101
0,1,2,1,2,0,0,0,0,0,1,0,1249,16000,48000,3.0,88aaf83f523c9f9e332f1ad253f7390ae27232e3b160886e214960ea95b63c5c,88aaf83f523c9f9e332f1ad253f7390ae27232e3b160886e214960ea95b63c5c,102
0,0,1,0,0,0,0,0,0,2,3,0,1258,16000,48000,3.0,675a5bd1982a22b42faaf47cfbddd76a3c01a76a4cb60d67e5ed5dc04b973465,675a5bd1982a22b42faaf47cfbddd76a3c01a76a4cb60d67e5ed5dc04b973465,103
0,0,0,1,3,0,0,0,0,2,0,0,1272,16000,48000,3.0,51e2d58856b8d5e873a2d519b4fdb7f69f13ee5e6004c11e2ec11dcee09a3e5c,51e2d58856b8d5e873a2d519b4fdb7f69f13ee5e6004c11e2ec11dcee09a3e5c,104
0,3,0,0,0,0,0,0,0,0,0,0,1294,16000,48000,3.0,b3eaced3f21b468842186a3ac3106121168ccfa0c08708a80127e9ce8dade79b,b3eaced3f21b468842186a3ac3106121168ccfa0c08708a80127e9ce8dade79b,105
1,1,0,0,1,0,0,0,0,1,0,0,1296,16000,48000,3.0,83aa96c1c39d3e826b6a448b287c78002564fa3c5cc69b7c41d81329ac904938,83aa96c1c39d3e826b6a448b287c78002564fa3c5cc69b7c41d81329ac904938,106
0,0,0,0,0,0,0,0,0,3,2,0,1310,16000,48000,3.0,95635173b9325afbe4355f9df083dfb48996316e07e90f8bca3d5ca690ef4c86,95635173b9325afbe4355f9df083dfb48996316e07e90f8bca3d5ca690ef4c86,107
1,2,0,0,1,0,0,0,0,0,1,0,1335,16000,48000,3.0,934b7fd9fe58e5d64857b7453eae7fc608ed5e594b81159d7bbfefde2f9fd8bb,934b7fd9fe58e5d64857b7453eae7fc608ed5e594b81159d7bbfefde2f9fd8bb,108
0,0,0,0,0,0,0,0,0,3,0,0,1347,16000,48000,3.0,edf932bbfea3d7dd268a98dc324b022f952e9a88976a295d5e08e5ae51e071b0,edf932bbfea3d7dd268a98dc324b022f952e9a88976a295d5e08e5ae51e071b0,109
0,0,0,0,1,0,0,0,0,3,0,0,1349,16000,48000,3.0,ab1fe4a97fcf623f5cbeab8d79e358c28fd086f25d4e407b1cf642251c053c91,ab1fe4a97fcf623f5cbeab8d79e358c28fd086f25d4e407b1cf642251c053c91,110
0,0,0,0,0,0,0,0,0,3,1,0,1378,16000,48000,3.0,fa691bfcb32e6a1668d8b1e2f64c7e109338f9544b97d0e5c1aea2be42fde7b3,fa691bfcb32e6a1668d8b1e2f64c7e109338f9544b97d0e5c1aea2be42fde7b3,111
1,0,0,2,0,0,1,0,0,0,0,0,1379,16000,48000,3.0,57b0295dff0a3ddac538d10b07160e392f1645b0f7109c07e84857183c6f5b97,57b0295dff0a3ddac538d10b07160e392f1645b0f7109c07e84857183c6f5b97,112
0,0,0,0,0,0,0,0,0,3,0,0,1384,16000,48000,3.0,321f4919d9fe48ea46fe5821cfe4af7ebcb2e4fce621b16b2a49dd2b1c531d49,321f4919d9fe48ea46fe5821cfe4af7ebcb2e4fce621b16b2a49dd2b1c531d49,113
0,0,0,0,2,0,0,0,0,3,0,0,1415,16000,48000,3.0,3b27ec16ab7cbc9d798d254b98bcd7b2a91822b6901f411c8dba8d879ac30295,3b27ec16ab7cbc9d798d254b98bcd7b2a91822b6901f411c8dba8d879ac30295,114
0,0,0,0,1,0,0,0,0,3,0,0,1420,16000,48000,3.0,c0cb0648d1ee6ca73c1246a818906755c2383829868a865b2cb7ae2f4ce4a6fe,c0cb0648d1ee6ca73c1246a818906755c2383829868a865b2cb7ae2f4ce4a6fe,115
0,0,2,1,0,0,0,0,1,1,0,0,1453,16000,48000,3.0,74342281d0a70632685e116c82710ad36d4367c351a7f4abb785edd7c99488e9,74342281d0a70632685e116c82710ad36d4367c351a7f4abb785edd7c99488e9,116
0,2,1,0,1,0,0,0,0,0,1,0,1473,16000,48000,3.0,7ebfb9c27180a651ec33efdd35f96c3d1f4899d5b10bebc5cde65eef818b7a33,7ebfb9c27180a651ec33efdd35f96c3d1f4899d5b10bebc5cde65eef818b7a33,117
2,1,0,0,0,0,0,0,1,0,1,0,1484,16000,48000,3.0,6add8a2ee78b00bfe79948d174a5e4f8f8919e2bfcde2c0e92d4585c94aeac0a,6add8a2ee78b00bfe79948d174a5e4f8f8919e2bfcde2c0e92d4585c94aeac0a,118
0,0,0,0,2,0,0,0,0,3,1,0,1496,16000,48000,3.0,54d49cfc176f29bc727823d2bdb489f8a23728bdbbf144cdb2198f69e117c293,54d49cfc176f29bc727823d2bdb489f8a23728bdbbf144cdb2198f69e117c293,119
1,1,1,0,0,0,0,0,1,1,0,0,1521,16000,48000,3.0,dd011113101e38032004aa3424f9c6059328f0089fcd57bd22b45d38cc6d4c87,dd011113101e38032004aa3424f9c6059328f0089fcd57bd22b45d38cc6d4c87,120
0,2,0,0,2,0,0,0,2,1,1,0,1533,16000,48000,3.0,024ce514d22c69d0ffb385965aacfab6bb46a243f0ae5de31a5822491d3585b4,024ce514d22c69d0ffb385965aacfab6bb46a243f0ae5de31a5822491d3585b4,121
2,0,1,2,1,0,0,0,0,0,0,0,1543,16000,48000,3.0,d8bf5cec3876d26c1aa1362b1b72d628e13abdf3ad00242f02be8635c77d2ef0,d8bf5cec3876d26c1aa1362b1b72d628e13abdf3ad00242f02be8635c77d2ef0,122
0,0,0,3,0,0,0,0,0,0,0,0,1552,16000,48000,3.0,9aa46821b4f6baf2b3a2ffef4c36c3fbe71cb783dc817f98251c581bd8105e0e,9aa46821b4f6baf2b3a2ffef4c36c3fbe71cb783dc817f98251c581bd8105e0e,123
0,0,0,0,0,0,0,0,0,3,2,0,1567,16000,48000,3.0,fead097e278fb2a939983fdfb8591f0730268bffe1d33da163cf0739263c9581,fead097e278fb2a939983fdfb8591f0730268bffe1d33da163cf0739263c9581,124
2,0,0,0,3,0,0,0,0,1,0,0,1568,16000,48000,3.0,64ff20068ceb2f44a6b3a3291963d423f43b1563afa1e502468055ba414a4db7,64ff20068ceb2f44a6b3a3291963d423f43b1563afa1e502468055ba414a4db7,125
0,1,0,0,0,0,0,0,0,3,1,0,1581,16000,48000,3.0,548acfa7a7dda2b7fa92fc65b9d2164fb2921089ec74b37a08dd121f4a2ae011,548acfa7a7dda2b7fa92fc65b9d2164fb2921089ec74b37a08dd121f4a2ae011,126
0,0,0,0,0,0,0,0,1,3,1,0,1598,16000,48000,3.0,3e8111e1e55a453404aa22c02fd1f9395e62e64006b25da1db3a02bd732a5740,3e8111e1e55a453404aa22c02fd1f9395e62e64006b25da1db3a02bd732a5740,127
2,0,0,1,3,0,0,0,0,1,0,0,1616,16000,48000,3.0,46947bbdb0cf2cb998ff8346dd24aef1cf3c6fb58e88e110b45ba9d2c936afa1,46947bbdb0cf2cb998ff8346dd24aef1cf3c6fb58e88e110b45ba9d2c936afa1,128
1,0,0,0,3,0,0,0,0,2,2,0,1619,16000,48000,3.0,f9f435aa59787f1ba778169ac6b4d6f83e3e7a4d7a9db9235ede73096e08f8bf,f9f435aa59787f1ba778169ac6b4d6f83e3e7a4d7a9db9235ede73096e08f8bf,129
0,0,0,0,0,0,0,0,0,3,0,0,1646,16000,48000,3.0,c4d417e1883ee582790a936ae262186925a371ec9d64dce2bbed8a91ef5cef20,c4d417e1883ee582790a936ae262186925a371ec9d64dce2bbed8a91ef5cef20,130
1,0,0,0,1,0,0,0,0,2,0,0,1671,16000,48000,3.0,3195abe04ab6c4893c6d22cb2a68999e162cd0b2f9497c89bbf7ca05cfda0bce,3195abe04ab6c4893c6d22cb2a68999e162cd0b2f9497c89bbf7ca05cfda0bce,131
1,0,1,3,0,0,0,0,0,0,0,0,1688,16000,48000,3.0,23ed7c5ace6cc3fe77741603eb2f8e60c529eb14d11dc619653cb6edb3af81dc,23ed7c5ace6cc3fe77741603eb2f8e60c529eb14d11dc619653cb6edb3af81dc,132
0,1,1,1,0,0,0,0,0,0,0,0,1703,16000,48000,3.0,a6e7fc9928784dc19911f1fd410ee42f728aaeacdecd6ccc56d4a6ae9b4253ba,a6e7fc9928784dc19911f1fd410ee42f728aaeacdecd6ccc56d4a6ae9b4253ba,133
0,1,0,1,1,0,1,0,0,2,0,0,1710,16000,48000,3.0,c4f074d3001bdd8fbfe15d0260e406e87e2a1fac997a74f96bc21711ad03db59,c4f074d3001bdd8fbfe15d0260e406e87e2a1fac997a74f96bc21711ad03db59,134
0,0,3,3,3,0,0,0,0,0,1,0,1716,16000,48000,3.0,429cbe92ab65d8582360cc1cecf64d5a5fc25d40eab2a281a278d1661cc9c0c7,429cbe92ab65d8582360cc1cecf64d5a5fc25d40eab2a281a278d1661cc9c0c7,135
1,0,0,0,0,0,0,0,0,2,0,0,1720,16000,48000,3.0,897bf4218cc503722b47507e956bc74925a335487a8258028fc6d3f807a43df3,897bf4218cc503722b47507e956bc74925a335487a8258028fc6d3f807a43df3,136
0,1,0,0,0,0,0,0,0,2,1,0,1767,16000,48000,3.0,f54d0f59c9b5abbc5d6fdab15dd76430a51e5873db2ccc474482e8db5aaca16b,f54d0f59c9b5abbc5d6fdab15dd76430a51e5873db2ccc474482e8db5aaca16b,137
0,0,0,3,1,0,0,0,1,0,0,0,1781,16000,48000,3.0,b090e7917d8aa6f166c0924476e28425a5eddf61740bcee3eeff1cd6e62c2a93,b090e7917d8aa6f166c0924476e28425a5eddf61740bcee3eeff1cd6e62c2a93,138
0,1,0,0,0,0,0,0,1,2,0,0,1788,16000,48000,3.0,268ecfdaee9575bfb5a91c8ca35f817741cc95c0c1347120ae261859a98c809d,268ecfdaee9575bfb5a91c8ca35f817741cc95c0c1347120ae261859a98c809d,139
3,0,0,0,3,0,0,0,0,0,0,0,1804,16000,48000,3.0,5b35869a164f8c9bad9f8b781896c2533cf53a0c7a7937f4d7c10bc2702c6db6,5b35869a164f8c9bad9f8b781896c2533cf53a0c7a7937f4d7c10bc2702c6db6,140
0,1,0,0,0,0,1,0,0,2,0,0,1805,16000,48000,3.0,3921aa61424eaf4cfec8a6c8b167a58a846e44dd4fc95fb51966ec13923a3b87,3921aa61424eaf4cfec8a6c8b167a58a846e44dd4fc95fb51966ec13923a3b87,141
0,2,0,0,0,0,0,0,0,1,0,0,1818,16000,48000,3.0,c676e40f55f19ef4dfb7791d20a1a6d68e3f66df90f9fd11331c0554ebeac610,c676e40f55f19ef4dfb7791d20a1a6d68e3f66df90f9fd11331c0554ebeac610,142
1,0,0,0,1,0,0,0,0,2,2,0,1823,16000,48000,3.0,81043f5aea5459e11c8d92458460be1cf4d9abfc6f3e1ead6e064699ebe501cb,81043f5aea5459e11c8d92458460be1cf4d9abfc6f3e1ead6e064699ebe501cb,143
0,0,0,0,0,0,0,0,0,3,0,0,1839,16000,48000,3.0,d56a97ab2103429ac04bcdf68534cbf0924573029aa79b52e99eb28dca571e82,d56a97ab2103429ac04bcdf68534cbf0924573029aa79b52e99eb28dca571e82,144
0,1,0,0,2,0,0,0,1,2,0,0,1862,16000,48000,3.0,6f8fb4aa503cadde7f167e870c0bcf82850faa9b52f0786cdce125c52dce3014,6f8fb4aa503cadde7f167e870c0bcf82850faa9b52f0786cdce125c52dce3014,145
0,1,0,0,0,0,0,0,0,2,0,0,1868,16000,48000,3.0,919fc6c69f99f5bd05712e29108e0d994ca208b9b34627628c9fd7e51c31e2b0,919fc6c69f99f5bd05712e29108e0d994ca208b9b34627628c9fd7e51c31e2b0,146
0,0,1,2,0,0,0,0,0,0,0,0,1870,16000,48000,3.0,cac03c95c3d7219a3337dac819bf3aeeeeb89ef1763696af2b03454b6893dd11,cac03c95c3d7219a3337dac819bf3aeeeeb89ef1763696af2b03454b6893dd11,147
0,0,0,0,0,0,0,0,0,3,1,0,1880,16000,48000,3.0,ce330fa151bb6478517fe012722d42acd4833204f5ab31a8408794f7da17865d,ce330fa151bb6478517fe012722d42acd4833204f5ab31a8408794f7da17865d,148
1,1,0,3,0,0,0,0,0,0,0,0,1891,16000,48000,3.0,3150e831edf4e2983b79f165f68a929535546a83289ce9b1e955744f9ccd1e4c,3150e831edf4e2983b79f165f68a929535546a83289ce9b1e955744f9ccd1e4c,149
0,0,0,0,0,0,0,0,0,3,0,0,1916,16000,48000,3.0,f6406ad2da13d932a6e601128f61356431bb546b31fbe74b831fff8942c7e086,f6406ad2da13d932a6e601128f61356431bb546b31fbe74b831fff8942c7e086,150
1,0,0,0,0,0,0,0,0,3,2,0,1919,16000,48000,3.0,6432e03c77eb06d40ac7ca70c7de23d5a5e0c0965ada795274ede1a160ba96c5,6432e03c77eb06d40ac7ca70c7de23d5a5e0c0965ada795274ede1a160ba96c5,151
0,0,0,1,3,0,0,0,0,2,1,0,1928,16000,48000,3.0,63ebed85ae3a3de1b56295d89c3aff3dba7f0516209189235742cf83b26e51e5,63ebed85ae3a3de1b56295d89c3aff3dba7f0516209189235742cf83b26e51e5,152
0,1,0,0,3,1,0,0,0,1,0,0,1932,16000,48000,3.0,d72e892b27bb905ce51d6230ff55738eae803eeca7f63c2504819fe9a9be696d,d72e892b27bb905ce51d6230ff55738eae803eeca7f63c2504819fe9a9be696d,153
1,1,2,1,1,0,0,0,0,0,0,0,1941,16000,48000,3.0,2d30e4bfe552e3ad66a3409d784b273a6390477a8311a73b2f4330e5f100ee8d,2d30e4bfe552e3ad66a3409d784b273a6390477a8311a73b2f4330e5f100ee8d,154
0,3,1,0,0,0,0,0,2,0,0,0,1944,16000,48000,3.0,80d0a94ea3e231b3f51adcb8b54f0a24a25f8bc52dd81a56eeab594b48fcb931,80d0a94ea3e231b3f51adcb8b54f0a24a25f8bc52dd81a56eeab594b48fcb931,155
0,1,0,0,0,0,0,0,0,2,1,0,1947,16000,48000,3.0,950c2f4578a4faee5de49df163a9ab642ce34fb52dfc3ab89a14067664d50a15,950c2f4578a4faee5de49df163a9ab642ce34fb52dfc3ab89a14067664d50a15,156
1,0,0,0,0,0,0,0,0,2,2,0,1950,16000,48000,3.0,5360f216bd3b9739c8187c8058b348df4e9447982c868d3d9301013a01e98f45,5360f216bd3b9739c8187c8058b348df4e9447982c868d3d9301013a01e98f45,157
0,2,0,1,2,0,0,0,0,1,0,0,1965,16000,48000,3.0,b20c3e5e0f03cf10d17d085302106abc77346e20b0a7ed20b6ad1fc29a5d4919,b20c3e5e0f03cf10d17d085302106abc77346e20b0a7ed20b6ad1fc29a5d4919,158
1,0,0,0,2,0,0,0,0,2,0,0,1967,16000,48000,3.0,73ce71b4e48e814bab4b51b63d0cd24b9ffe1b863d6923bfa989077d80903aea,73ce71b4e48e814bab4b51b63d0cd24b9ffe1b863d6923bfa989077d80903aea,159
3,0,0,0,2,0,0,0,0,0,1,0,1969,16000,48000,3.0,26253ff2c1c93bc85ae02040eb723d9f2ae9764630e4b73139a45f6c39a06145,26253ff2c1c93bc85ae02040eb723d9f2ae9764630e4b73139a45f6c39a06145,160
1,3,0,1,3,0,0,0,1,0,1,0,1978,16000,48000,3.0,8eff12e44d06a89a9d2371eb55f046f81e56263a717954cf176846a6b2e9f46b,8eff12e44d06a89a9d2371eb55f046f81e56263a717954cf176846a6b2e9f46b,161
1,1,1,1,1,0,0,0,0,0,0,0,1980,16000,48000,3.0,399ec0d1c2da2e05c0186ff269e2a69fce25db5e26642acd4050a3565a9f6e10,399ec0d1c2da2e05c0186ff269e2a69fce25db5e26642acd4050a3565a9f6e10,162
2,1,1,0,3,0,0,0,0,0,0,0,1981,16000,48000,3.0,d167f7a46b926b288e4b5c3a05a1521007c68af1ce52ff42d5fac8aaa35d932f,d167f7a46b926b288e4b5c3a05a1521007c68af1ce52ff42d5fac8aaa35d932f,163
1,0,1,1,1,0,0,0,0,0,0,0,1987,16000,48000,3.0,1e916166c11617e49b664bb55b57829a44935b7bf4e5ffd3c2df27601b152b4b,1e916166c11617e49b664bb55b57829a44935b7bf4e5ffd3c2df27601b152b4b,164
1,1,0,0,1,1,0,0,1,1,1,0,2002,16000,48000,3.0,ab3148de7e50270158f28e0e5cb05a2971541e12db1e2c1c4c3443e056f5643c,ab3148de7e50270158f28e0e5cb05a2971541e12db1e2c1c4c3443e056f5643c,165
0,1,0,0,0,0,0,0,0,2,0,0,2010,16000,48000,3.0,4d2f3b1691fcfdd62ffcafe38f09b891c04e63f76530f8df734bce3f23c0248d,4d2f3b1691fcfdd62ffcafe38f09b891c04e63f76530f8df734bce3f23c0248d,166
0,0,0,0,0,0,0,0,0,3,1,0,2016,16000,48000,3.0,3e677796b1fa80bff80834c298d96766cbd4f22c93691148e7d3148a03753afb,3e677796b1fa80bff80834c298d96766cbd4f22c93691148e7d3148a03753afb,167
0,0,3,0,1,0,0,0,0,0,0,0,2032,16000,48000,3.0,559468aa55ae6b0d6ed879212570ad8f45cd694848bf9e5bf0d56ba0a2e53a1f,559468aa55ae6b0d6ed879212570ad8f45cd694848bf9e5bf0d56ba0a2e53a1f,168
1,0,0,3,0,0,0,0,0,0,0,0,2051,16000,48000,3.0,8019e23ac40f2f024d4c67ea4c5f7c4cb75a3282462c3fcb300df73fa617c8c3,8019e23ac40f2f024d4c67ea4c5f7c4cb75a3282462c3fcb300df73fa617c8c3,169
0,0,0,0,2,0,0,0,0,3,1,0,2053,16000,48000,3.0,ae2e459e02497b64a4144cca78cd4272cac307ea632c0feb4ce77813e5974bb9,ae2e459e02497b64a4144cca78cd4272cac307ea632c0feb4ce77813e5974bb9,170
0,0,0,0,1,0,0,0,0,3,1,0,2071,16000,48000,3.0,684dbc4e694edd4b638db55f2998c6024ed81883db7537ee40045bf8d5a911d6,684dbc4e694edd4b638db55f2998c6024ed81883db7537ee40045bf8d5a911d6,171
1,1,0,0,2,0,0,0,0,1,0,0,2076,16000,48000,3.0,30636d0f6501a4664230efefd9de5ad00b329e79a94288fdf1bf33796cca6fca,30636d0f6501a4664230efefd9de5ad00b329e79a94288fdf1bf33796cca6fca,172
0,0,0,0,0,0,0,0,0,3,3,0,2078,16000,48000,3.0,b71c10793288e08f9623b5a23f4f1f1425ba391087e85a80f8cc3f200010633f,b71c10793288e08f9623b5a23f4f1f1425ba391087e85a80f8cc3f200010633f,173
1,2,0,0,2,0,0,1,0,0,1,0,2114,16000,48000,3.0,a49621d08269dcb96dafd7eaaaacc99dcd487d6804c2ee1f64ef8cd246f5a297,a49621d08269dcb96dafd7eaaaacc99dcd487d6804c2ee1f64ef8cd246f5a297,174
1,0,0,0,0,1,0,0,0,2,2,0,2136,16000,48000,3.0,6be3c8ced525596253a82aaa2207e68382a13901f24a556a3c718be4e0ac0303,6be3c8ced525596253a82aaa2207e68382a13901f24a556a3c718be4e0ac0303,175
0,1,0,0,3,0,0,0,0,2,2,0,2148,16000,48000,3.0,089053a2bc061f3a425775e57f0d2d2916a55ee19375c00e47cd8ce9c9cebb14,089053a2bc061f3a425775e57f0d2d2916a55ee19375c00e47cd8ce9c9cebb14,176
2,0,1,2,2,0,0,0,0,0,0,0,2152,16000,48000,3.0,bd6ebdcff8f99931f8e57e0376e6587a1019112f265e6c5219f2760441931e2f,bd6ebdcff8f99931f8e57e0376e6587a1019112f265e6c5219f2760441931e2f,177
3,0,1,0,0,0,1,0,1,0,0,0,2165,16000,48000,3.0,a5fd6fcd83a2db6f1cacd48f27d37b065d10cd0c92ab979d34f56dab38f85acb,a5fd6fcd83a2db6f1cacd48f27d37b065d10cd0c92ab979d34f56dab38f85acb,178
0,1,3,0,2,0,1,0,2,0,0,0,2171,16000,48000,3.0,53bf44493d091518adcc4afd6d4e5c7eed9d5046f22124e0a8a839fc4533a69b,53bf44493d091518adcc4afd6d4e5c7eed9d5046f22124e0a8a839fc4533a69b,179
0,2,3,0,1,0,0,0,1,0,0,0,2176,16000,48000,3.0,a23579cc2628f6f1438f72d7d2b8a871e54dece4458112b08eed44badb548a17,a23579cc2628f6f1438f72d7d2b8a871e54dece4458112b08eed44badb548a17,180
3,0,0,0,0,0,0,0,0,0,1,0,2216,16000,48000,3.0,13d37316a5a11d24e9712abced2934614a99dbf6a335e096d18b26de0aa2e255,13d37316a5a11d24e9712abced2934614a99dbf6a335e096d18b26de0aa2e255,181
3,1,0,0,1,0,0,0,1,0,1,0,2228,16000,48000,3.0,e12ed65d25487c83405444b9ea09440356e7967de2dc0b053ac50a4acad48b63,e12ed65d25487c83405444b9ea09440356e7967de2dc0b053ac50a4acad48b63,182
3,0,0,0,3,0,0,0,0,0,0,0,2238,16000,48000,3.0,01a95ed83a24bedc5d5995a2060918853b9df7b96eb26f61639a3544a83dd250,01a95ed83a24bedc5d5995a2060918853b9df7b96eb26f61639a3544a83dd250,183
0,1,0,1,0,1,0,0,2,1,0,0,2242,16000,48000,3.0,ebdfe30c525123fb49dfcc724dc4f3d6e6ef0e70b441c3f7ef1558c4ced8eeb4,ebdfe30c525123fb49dfcc724dc4f3d6e6ef0e70b441c3f7ef1558c4ced8eeb4,184
0,3,0,1,0,0,0,0,0,0,0,0,2243,16000,48000,3.0,c8ef1c396e6c7971e4ac6a9855092decad6bb957cb40b85a6219d3e293baf5c0,c8ef1c396e6c7971e4ac6a9855092decad6bb957cb40b85a6219d3e293baf5c0,185
0,2,0,0,0,1,1,0,1,0,0,0,2246,16000,48000,3.0,756263931a6a2d7c4b8b22091dbaa21eba30c2645057fb47056fcfd15e38322f,756263931a6a2d7c4b8b22091dbaa21eba30c2645057fb47056fcfd15e38322f,186
2,0,1,0,0,0,1,0,2,0,0,0,2250,16000,48000,3.0,b286b90fb7c33bab2759efe96a2cc028f3d8ae710b980d6c62cf62e5b86a4936,b286b90fb7c33bab2759efe96a2cc028f3d8ae710b980d6c62cf62e5b86a4936,187
2,1,1,1,0,1,0,1,2,0,0,0,2251,16000,48000,3.0,c6911511fe98ea2ab834ca7a574b7e1119c68d5cdd2c4c603eb7eb7db807e07f,c6911511fe98ea2ab834ca7a574b7e1119c68d5cdd2c4c603eb7eb7db807e07f,188
0,0,0,0,0,0,0,0,0,3,2,0,2253,16000,48000,3.0,6f44d190e3f380cbf2a28bf76a2dbe84b029c5a998f6827fb9c3222155ca6848,6f44d190e3f380cbf2a28bf76a2dbe84b029c5a998f6827fb9c3222155ca6848,189
0,2,1,1,0,0,0,1,0,0,0,0,2254,16000,48000,3.0,4d9d148f44cc98abc3b59c3e78d04312d76509fab8bc759bb91045e754a8f4f5,4d9d148f44cc98abc3b59c3e78d04312d76509fab8bc759bb91045e754a8f4f5,190
1,1,0,0,2,0,0,0,0,1,2,0,2295,16000,48000,3.0,73b56ad02b1217c1d739e00c4685599743a3ff007014bffa9961d5de71e0245b,73b56ad02b1217c1d739e00c4685599743a3ff007014bffa9961d5de71e0245b,191
1,1,3,0,3,0,0,0,1,0,0,0,2296,16000,48000,3.0,3944560616154d4394570b7b2055b3a345f88f68962ef2eaca35fdbcda43a370,3944560616154d4394570b7b2055b3a345f88f68962ef2eaca35fdbcda43a370,192
1,0,0,1,0,0,0,0,0,2,0,0,2298,16000,48000,3.0,22bcf425b640eeaf208656df4475b6f49fb43d42e0731b70ee8e71ad32fb9604,22bcf425b640eeaf208656df4475b6f49fb43d42e0731b70ee8e71ad32fb9604,193
0,1,0,0,0,0,1,1,1,2,0,0,2329,16000,48000,3.0,171bd3fdcc4dff0aa4a9fe5bdc0351f9f18500b8397ac84d61fb9076282e4af4,171bd3fdcc4dff0aa4a9fe5bdc0351f9f18500b8397ac84d61fb9076282e4af4,194
0,0,0,0,2,0,0,0,0,3,0,0,2343,16000,48000,3.0,b8f6801ee55e7e2446e0afddb9bd1f9b0de170f1f824a09a8c06954f8e1a4a0e,b8f6801ee55e7e2446e0afddb9bd1f9b0de170f1f824a09a8c06954f8e1a4a0e,195
0,0,1,2,1,0,0,0,0,0,0,0,2353,16000,48000,3.0,3d5120ce67af57d480859de738d33d14e6de2d9583a58e632b01855c2983ba26,3d5120ce67af57d480859de738d33d14e6de2d9583a58e632b01855c2983ba26,196
2,1,0,0,0,0,0,0,0,0,0,0,2358,16000,48000,3.0,fbf40572863522611b7546082ba20ae6c3d46419e8a5e20f2849c54cf1313963,fbf40572863522611b7546082ba20ae6c3d46419e8a5e20f2849c54cf1313963,197
0,1,0,0,0,0,0,0,0,2,0,0,2370,16000,48000,3.0,f84b52c9073a7e8c178cefdf7a67d3107ed6d2bc4999e9b56f278a9dd0f812a2,f84b52c9073a7e8c178cefdf7a67d3107ed6d2bc4999e9b56f278a9dd0f812a2,198
2,0,0,0,0,0,0,0,0,1,1,0,2375,16000,48000,3.0,357d63117137a13c686f79702b334d1cf6e9a432e6cf69449f95bbd342ed78fc,357d63117137a13c686f79702b334d1cf6e9a432e6cf69449f95bbd342ed78fc,199
0,0,0,0,0,0,0,0,0,3,0,0,2377,16000,48000,3.0,5c3c181a848cce1dd64c6e6ceaf35bd029e319a16ff7a24aab0867391533ff2a,5c3c181a848cce1dd64c6e6ceaf35bd029e319a16ff7a24aab0867391533ff2a,200
2,1,0,0,0,0,0,0,0,2,1,0,2378,16000,48000,3.0,c0ef5a786b32aa2cc4ae85da252b63ef29613639246968aeca89de542c3c35fa,c0ef5a786b32aa2cc4ae85da252b63ef29613639246968aeca89de542c3c35fa,201
1,0,0,0,0,0,2,0,0,2,1,0,2383,16000,48000,3.0,bc20439ba9fcaca05459bb2d94ef74d5be4d4748d273e9d1192c7524060acc6d,bc20439ba9fcaca05459bb2d94ef74d5be4d4748d273e9d1192c7524060acc6d,202
1,0,0,0,0,0,0,0,0,2,2,0,2385,16000,48000,3.0,b8edfb0cd72d2632966b1e782bdbf3895c159deb91b40cb6354556756127d593,b8edfb0cd72d2632966b1e782bdbf3895c159deb91b40cb6354556756127d593,203
0,0,0,0,0,0,0,0,0,3,0,0,2402,16000,48000,3.0,75b9c1df247f232be6d8d3909081c17a9e0cf13d60ea60aaca195741363067d1,75b9c1df247f232be6d8d3909081c17a9e0cf13d60ea60aaca195741363067d1,204
0,0,0,1,1,0,0,0,0,2,1,0,2405,16000,48000,3.0,0a5e3dae5d7aa1e3371c80b6b6b79ed5dc4f6b46ade8c6a3242d52d7a4936a6b,0a5e3dae5d7aa1e3371c80b6b6b79ed5dc4f6b46ade8c6a3242d52d7a4936a6b,205
0,2,0,0,1,0,0,0,0,1,2,0,2406,16000,48000,3.0,7dfaaf9fc7b8ed8aef747ea692ab25f3866989c07f871867ca229b87ac621319,7dfaaf9fc7b8ed8aef747ea692ab25f3866989c07f871867ca229b87ac621319,206
0,0,0,0,3,0,0,0,0,3,0,0,2438,16000,48000,3.0,98ef42ade9c27c5608f0ff61c2ba12efb48bfd6839ff63829d1c7f30edf85efa,98ef42ade9c27c5608f0ff61c2ba12efb48bfd6839ff63829d1c7f30edf85efa,207
1,0,0,0,0,0,0,0,0,2,1,0,2448,16000,48000,3.0,99f7cbf2227a54ff2c024b58aca250d6b829c477268c3faf022885f390966350,99f7cbf2227a54ff2c024b58aca250d6b829c477268c3faf022885f390966350,208
1,0,1,0,3,0,0,0,0,1,1,0,2449,16000,48000,3.0,2285713906d59611f3974dc4bab5ac1de7f9f292ac9f578f9926fae3caed976c,2285713906d59611f3974dc4bab5ac1de7f9f292ac9f578f9926fae3caed976c,209
0,0,0,0,2,0,0,0,0,3,1,0,2462,16000,48000,3.0,239b7e1ba943da72d18347a18cfdab171000bca42eefdd639f3d84033c74ffa0,239b7e1ba943da72d18347a18cfdab171000bca42eefdd639f3d84033c74ffa0,210
1,1,0,0,3,0,0,0,0,1,1,0,2474,16000,48000,3.0,23ed97e4f14964c12680b61538c6a7266b620d6aa2a81cb30040bfa9cddc3ec6,23ed97e4f14964c12680b61538c6a7266b620d6aa2a81cb30040bfa9cddc3ec6,211
0,0,0,0,0,0,0,0,0,3,2,0,2486,16000,48000,3.0,da2254fb5346d3d86567f70c56ce8c1a4fe281eb7996e53e7f3ccd04da39fbb1,da2254fb5346d3d86567f70c56ce8c1a4fe281eb7996e53e7f3ccd04da39fbb1,212
0,0,0,0,0,0,0,0,0,3,0,0,2495,16000,48000,3.0,42c4f0d7752ce13b508d8b4a37d4f877627565fa20171f0464269f8659e3feab,42c4f0d7752ce13b508d8b4a37d4f877627565fa20171f0464269f8659e3feab,213
2,0,1,3,0,0,1,0,0,0,1,0,2519,16000,48000,3.0,28b23bc6af422cc6d5793f895055140e3aac1ab895beee64a7cb7776da42c927,28b23bc6af422cc6d5793f895055140e3aac1ab895beee64a7cb7776da42c927,214
0,0,0,0,0,0,1,0,0,3,1,0,2524,16000,48000,3.0,8bbf48a38dd67a43a4528e03315ccf9418d96f9487dff9afe83cf56d8cfa79f8,8bbf48a38dd67a43a4528e03315ccf9418d96f9487dff9afe83cf56d8cfa79f8,215
0,1,0,0,2,0,1,0,0,2,0,0,2540,16000,48000,3.0,547189e40e2ce32b2a44ecf156a46cdd4b3f9d5d9a6fd53cb45f823c6c189c94,547189e40e2ce32b2a44ecf156a46cdd4b3f9d5d9a6fd53cb45f823c6c189c94,216
1,0,0,0,0,0,2,0,0,2,0,0,2566,16000,48000,3.0,39c474fcb0ee2016b6aa550279f83606b25b2c13877b3324c946da9324bee0bd,39c474fcb0ee2016b6aa550279f83606b25b2c13877b3324c946da9324bee0bd,217
0,0,1,0,0,0,0,0,0,2,1,0,2571,16000,48000,3.0,ae8fcb19cf2f6861a89bbdfdaacf80410f3c33f3bf7b2a28a91f8a6b7690eb4e,ae8fcb19cf2f6861a89bbdfdaacf80410f3c33f3bf7b2a28a91f8a6b7690eb4e,218
0,0,0,0,0,0,0,0,0,3,0,0,2592,16000,48000,3.0,faef47c50d38b121a29229f77436b75e44eebf836109463a035a728a4ead94af,faef47c50d38b121a29229f77436b75e44eebf836109463a035a728a4ead94af,219
0,2,1,0,0,0,0,0,0,1,0,0,2605,16000,48000,3.0,3dc5284fe86152e566fc96ce8bf654f43aec90d696417ebbb3b283211234805f,3dc5284fe86152e566fc96ce8bf654f43aec90d696417ebbb3b283211234805f,220
0,1,0,0,0,0,0,0,0,2,0,0,2607,16000,48000,3.0,92695eb527ec1f21176a87105f7180146bcb060b5d521ceec6c73ded9912e425,92695eb527ec1f21176a87105f7180146bcb060b5d521ceec6c73ded9912e425,221
1,1,0,0,3,0,0,0,0,1,0,0,2616,16000,48000,3.0,fd1b7a58e124402b7c8f475d3951ffbdb27670c3641edd003398b5069952df4d,fd1b7a58e124402b7c8f475d3951ffbdb27670c3641edd003398b5069952df4d,222
0,2,2,0,0,0,0,0,0,0,0,0,2620,16000,48000,3.0,2df416cc374a29b9c20bbdbe465c13885365f756c62050c44b948b1f3a350863,2df416cc374a29b9c20bbdbe465c13885365f756c62050c44b948b1f3a350863,223
2,1,0,0,3,0,0,0,0,1,0,0,2632,16000,48000,3.0,641dabc6eb251cdbdd7681ba345399a13e03b8f40d5cfe8a854447f4b5236ee2,641dabc6eb251cdbdd7681ba345399a13e03b8f40d5cfe8a854447f4b5236ee2,224
0,1,0,0,1,0,0,0,0,2,1,0,2637,16000,48000,3.0,4084d2e5eb9a923488f43687c73929d1da367361c693b2389cb18234700ff167,4084d2e5eb9a923488f43687c73929d1da367361c693b2389cb18234700ff167,225
1,1,0,0,2,0,0,0,0,1,1,0,2686,16000,48000,3.0,475f4a8c936fc80e7c49252b5d1992583f50fc45737162607ebc4b86e46ea8cb,475f4a8c936fc80e7c49252b5d1992583f50fc45737162607ebc4b86e46ea8cb,226
0,2,0,0,0,0,0,3,0,1,0,0,2699,16000,48000,3.0,21661d579c6dd01af46f7c00d9c8c3accbb264c2b9f616eae9e41649528c3460,21661d579c6dd01af46f7c00d9c8c3accbb264c2b9f616eae9e41649528c3460,227
0,1,0,0,2,0,0,0,0,2,0,0,2708,16000,48000,3.0,2fd452a8f8bb6e32eef53f1ab8e8e51ddf78e60fc001fbb6efb52c5002704305,2fd452a8f8bb6e32eef53f1ab8e8e51ddf78e60fc001fbb6efb52c5002704305,228
0,2,1,0,0,0,0,0,1,0,0,0,2712,16000,48000,3.0,06529005e5e7fbb6034c654b9fc5f7d22097b0dfce991ab856cd91a1021c7bec,06529005e5e7fbb6034c654b9fc5f7d22097b0dfce991ab856cd91a1021c7bec,229
0,0,0,0,0,0,0,0,0,3,2,0,2716,16000,48000,3.0,67b4ef6a3abcfcbc3cf8ed0c32a7c4f6c66e7fe63d24a9d09fcae4f74962a99f,67b4ef6a3abcfcbc3cf8ed0c32a7c4f6c66e7fe63d24a9d09fcae4f74962a99f,230
0,0,0,0,1,0,0,0,0,3,0,0,2719,16000,48000,3.0,77d879ab5904ddf6ac319d85bd47c262379ab7ad30f5e2d60c113b8bc92f8682,77d879ab5904ddf6ac319d85bd47c262379ab7ad30f5e2d60c113b8bc92f8682,231
2,0,0,0,1,0,0,0,0,1,0,0,2720,16000,48000,3.0,632ed6a35dcd7ebfc09221dc5b3c82b822df3d568a1b94d8f282431792c7a929,632ed6a35dcd7ebfc09221dc5b3c82b822df3d568a1b94d8f282431792c7a929,232
1,1,1,0,0,0,0,0,0,1,1,0,2729,16000,48000,3.0,4352d1bb542598f3e789ec892fa2b91502d9bbaa3f3ab342c4e7d3b7037c7a22,4352d1bb542598f3e789ec892fa2b91502d9bbaa3f3ab342c4e7d3b7037c7a22,233
1,1,0,0,3,0,0,0,0,1,1,0,2745,16000,48000,3.0,13fc6c2c39f2624122dfd3350a547b87839d4efd35cfe775ce2ea73c820a6421,13fc6c2c39f2624122dfd3350a547b87839d4efd35cfe775ce2ea73c820a6421,234
2,0,0,0,3,0,0,0,0,1,0,0,2747,16000,48000,3.0,5dc3b3f82b0677f3eb52507508318fdda1e1d43c31f008d6db0f2687d50dcb05,5dc3b3f82b0677f3eb52507508318fdda1e1d43c31f008d6db0f2687d50dcb05,235
0,0,0,0,0,0,0,0,0,3,2,0,2758,16000,48000,3.0,fbf8d104245f97f91517b9df63bac0b1831f630cfb5cbde65d281f896549518b,fbf8d104245f97f91517b9df63bac0b1831f630cfb5cbde65d281f896549518b,236
1,0,0,0,3,0,0,0,0,2,1,0,2773,16000,48000,3.0,b052fc726fcdd28067c20a608d1db29073581136d5ba9132d83f5158f287589f,b052fc726fcdd28067c20a608d1db29073581136d5ba9132d83f5158f287589f,237
1,0,0,0,2,0,1,0,0,3,0,0,2776,16000,48000,3.0,5c7198d1f1eed067df968f352dc36a505baa983bc57de4137731bc5b9908744e,5c7198d1f1eed067df968f352dc36a505baa983bc57de4137731bc5b9908744e,238
0,1,0,0,1,0,0,0,0,2,3,0,2778,16000,48000,3.0,1b4f834646a4c45b8df47e42292d5b52858dc5c5dff82c53dbf77a5a6810cc59,1b4f834646a4c45b8df47e42292d5b52858dc5c5dff82c53dbf77a5a6810cc59,239
1,1,0,0,1,1,0,0,1,0,0,0,2781,16000,48000,3.0,9bec4c93416c5c45f603f6fe4c7e0754bfd62699fb091a36d1f7f7753ff11354,9bec4c93416c5c45f603f6fe4c7e0754bfd62699fb091a36d1f7f7753ff11354,240
1,0,0,0,0,0,0,0,0,2,1,0,2782,16000,48000,3.0,d1d15df286ed105fcc2b835d49ce1e302dbd0bdf368bcb4ee585d70922a2d997,d1d15df286ed105fcc2b835d49ce1e302dbd0bdf368bcb4ee585d70922a2d997,241
0,0,0,0,0,0,0,0,1,3,1,0,2799,16000,48000,3.0,81b54c7b4d1b0975efeca6c41decda42ae181592fa4d3b519c76408606c1e67e,81b54c7b4d1b0975efeca6c41decda42ae181592fa4d3b519c76408606c1e67e,242
0,2,0,0,1,0,0,0,0,1,1,0,2800,16000,48000,3.0,2a997c7735730810a79a9a5e93180d238eb2264049b94c6ef2a7b2dd108c61bf,2a997c7735730810a79a9a5e93180d238eb2264049b94c6ef2a7b2dd108c61bf,243
0,0,0,0,0,0,0,0,0,3,0,0,2806,16000,48000,3.0,f3b367431339e35a2936faed376df2158be9b05e233cf3d63af3a0fbbc4c0257,f3b367431339e35a2936faed376df2158be9b05e233cf3d63af3a0fbbc4c0257,244
0,0,0,0,3,0,0,0,0,3,2,0,2882,16000,48000,3.0,964452ffe1a636ac4111a7b09f28ca061f9c0262a9b7b244adb1a4b63fd7dcd3,964452ffe1a636ac4111a7b09f28ca061f9c0262a9b7b244adb1a4b63fd7dcd3,245
0,0,0,0,1,1,1,0,1,1,0,0,2895,16000,48000,3.0,66ce6b3e47e29daff88b88495f984daa767b42a97aca8cb035c3e77b4936b916,66ce6b3e47e29daff88b88495f984daa767b42a97aca8cb035c3e77b4936b916,246
2,0,0,0,0,0,0,0,0,1,0,0,2914,16000,48000,3.0,38ccf27e60d25c47d8682234b3c53823b46f0a6b2aab4c4385d4b36c7c014e8d,38ccf27e60d25c47d8682234b3c53823b46f0a6b2aab4c4385d4b36c7c014e8d,247
0,0,3,0,3,0,0,0,1,0,0,0,2916,16000,48000,3.0,6da38d5d9659de807ed5fdcc016476694b706b883670469453c0668a1f8e41a9,6da38d5d9659de807ed5fdcc016476694b706b883670469453c0668a1f8e41a9,248
1,1,0,0,0,0,1,0,1,1,0,0,2919,16000,48000,3.0,f03c93760bc43eeef06439d1f6673738f5dd25390842001dc6162326b1c30e13,f03c93760bc43eeef06439d1f6673738f5dd25390842001dc6162326b1c30e13,249
0,1,1,0,0,0,0,0,0,1,0,0,2922,16000,48000,3.0,529bf2d252513b5dbf1117b5505e41068efc3556619fbeb2d5a95399a50f7327,529bf2d252513b5dbf1117b5505e41068efc3556619fbeb2d5a95399a50f7327,250
0,1,3,0,0,0,0,0,1,0,0,0,2923,16000,48000,3.0,56076006b6fa4e2f410826f6293ce13acdfd30d97c98b425b4b22a1ae20ac0a0,56076006b6fa4e2f410826f6293ce13acdfd30d97c98b425b4b22a1ae20ac0a0,251
1,0,0,0,0,0,0,0,0,2,0,0,2933,16000,48000,3.0,a19f8a555b7fa4c125eedb01f3d1c4c3183e09f73c6a0085730c76fffe70d508,a19f8a555b7fa4c125eedb01f3d1c4c3183e09f73c6a0085730c76fffe70d508,252
1,0,0,0,3,0,0,0,1,3,0,0,2937,16000,48000,3.0,2197da59f6637605b5993b93663071aa35077425c2b4e3f71563bacc2cd1b8fc,2197da59f6637605b5993b93663071aa35077425c2b4e3f71563bacc2cd1b8fc,253
1,0,0,3,1,0,0,0,0,0,0,0,2947,16000,48000,3.0,971f6ddc56c1eb9e5a08fea25fb348baf171be00a52e15ffc4139f470c6f6336,971f6ddc56c1eb9e5a08fea25fb348baf171be00a52e15ffc4139f470c6f6336,254
1,2,1,0,0,0,0,0,0,0,0,0,2956,16000,48000,3.0,cf990d2f5b0066d82d119f3402b43e1d20c8ab5857b73e0e017bdc6403708eb8,cf990d2f5b0066d82d119f3402b43e1d20c8ab5857b73e0e017bdc6403708eb8,255
1,0,0,0,3,0,0,0,0,2,0,0,2967,16000,48000,3.0,0638cad8a8d0a9f66b8e3532b30dca5addf284a78c6cb61ba8ad5365bfccb9e0,0638cad8a8d0a9f66b8e3532b30dca5addf284a78c6cb61ba8ad5365bfccb9e0,256
2,0,1,0,2,0,1,0,2,0,0,0,2978,16000,48000,3.0,d0d5014ba0ecbd3ebf8b0bd513f9d1a184b2c1515a9a5c75ac5554486b8aa8c8,d0d5014ba0ecbd3ebf8b0bd513f9d1a184b2c1515a9a5c75ac5554486b8aa8c8,257
0,1,2,0,1,0,1,0,1,1,0,0,2979,16000,48000,3.0,f4f10a860871b196babb95eae8d15aa307a6ed33a5e0858a7c6593b6d65f0fca,f4f10a860871b196babb95eae8d15aa307a6ed33a5e0858a7c6593b6d65f0fca,258
0,1,0,0,0,1,1,0,3,1,0,0,2986,16000,48000,3.0,29f3cde8271cbcce6d95d80958ea2ba8f80792f2604b5598bebc9b0145d44422,29f3cde8271cbcce6d95d80958ea2ba8f80792f2604b5598bebc9b0145d44422,259
0,0,1,0,3,0,0,0,3,2,0,0,2991,16000,48000,3.0,38e817c1efb9c765f7cbb5c4f9e9573069333ce013832d806ecf601ccb38277c,38e817c1efb9c765f7cbb5c4f9e9573069333ce013832d806ecf601ccb38277c,260
0,1,0,0,0,0,0,0,0,2,1,0,2999,16000,48000,3.0,5fd2bbba945f1b7e341b4d298ea9ef76a53521c5403c30f9cfbcca8f4bbdeb47,5fd2bbba945f1b7e341b4d298ea9ef76a53521c5403c30f9cfbcca8f4bbdeb47,261
0,0,0,0,0,0,1,0,1,3,0,0,3026,16000,48000,3.0,68018bfe644604e766c9398d9d7088fce2e47a0c9b19a9f36e16310337b18f9c,68018bfe644604e766c9398d9d7088fce2e47a0c9b19a9f36e16310337b18f9c,262
0,0,0,0,0,0,0,0,2,3,1,0,3050,16000,48000,3.0,286dbb1eeffe5caa0eaa7a8ab787254fd22a154caaaecbeb65091640ece9dd83,286dbb1eeffe5caa0eaa7a8ab787254fd22a154caaaecbeb65091640ece9dd83,263
0,0,0,1,3,0,1,0,1,2,0,0,3056,16000,48000,3.0,c9a1ad6b48acf6ef42cd2d3b50a9c570f57e6c4be50ed90bc8d8df0464c956ec,c9a1ad6b48acf6ef42cd2d3b50a9c570f57e6c4be50ed90bc8d8df0464c956ec,264
0,0,0,0,1,0,0,0,0,3,0,0,3073,16000,48000,3.0,eec64e843c8748c413c93742a45fea4a13a3f193f637be4aaad974b1baf3ac9f,eec64e843c8748c413c93742a45fea4a13a3f193f637be4aaad974b1baf3ac9f,265
0,1,1,2,0,0,0,0,0,0,0,0,3077,16000,48000,3.0,787bcd6cbcfa64eb8f141cef8f98cf251de1e126e7564fd13057ef58a8443ae6,787bcd6cbcfa64eb8f141cef8f98cf251de1e126e7564fd13057ef58a8443ae6,266
0,0,0,3,0,0,0,0,0,0,0,0,3098,16000,48000,3.0,98d420d2df3d76341598b5cb0ca010017f9a6d547ced1f389459f06c912d17fe,98d420d2df3d76341598b5cb0ca010017f9a6d547ced1f389459f06c912d17fe,267
0,0,2,2,3,0,0,0,0,1,1,0,3113,16000,48000,3.0,711cdbf2363cf929111276153594365a4cf149d8a8dd613452edff90e2b0909f,711cdbf2363cf929111276153594365a4cf149d8a8dd613452edff90e2b0909f,268
0,0,0,0,1,0,0,0,1,3,0,0,3141,16000,48000,3.0,367672ecc882a5b4c705950fc24f0ade4b837640870ba9e7aa7876f58684b142,367672ecc882a5b4c705950fc24f0ade4b837640870ba9e7aa7876f58684b142,269
2,1,0,0,0,0,0,0,0,0,2,0,3145,16000,48000,3.0,61df965853a2624e776173e40eda1debf175d6b059b0f92ecf9685238ff22c54,61df965853a2624e776173e40eda1debf175d6b059b0f92ecf9685238ff22c54,270
1,0,0,0,0,0,0,0,0,2,0,0,3160,16000,48000,3.0,fb7133798f0eca24767cece28de778d629857b192f9375a9ed1d95e4255e16d5,fb7133798f0eca24767cece28de778d629857b192f9375a9ed1d95e4255e16d5,271
0,2,1,0,0,0,0,0,0,0,0,0,3165,16000,48000,3.0,66b2074eb5d0909b4a65a84fd77b282db8742c4b886558efa96d4aed544fbd0c,66b2074eb5d0909b4a65a84fd77b282db8742c4b886558efa96d4aed544fbd0c,272
0,0,0,0,0,0,0,0,0,3,1,0,3175,16000,48000,3.0,80478f2e248abdf9c3c4205bb7d086cc0b67db860b02e7d5e219daf1921b3682,80478f2e248abdf9c3c4205bb7d086cc0b67db860b02e7d5e219daf1921b3682,273
1,3,0,0,0,0,0,0,0,0,0,0,3185,16000,48000,3.0,3de16e31f61785e9b809b24f8f6ee3ee99b3c60bde44c6d23b6488b336ea3387,3de16e31f61785e9b809b24f8f6ee3ee99b3c60bde44c6d23b6488b336ea3387,274
0,1,1,0,2,0,0,0,0,1,0,0,3208,16000,48000,3.0,d70306a3a6ebc16ab7ab478e4dbd3698b3a025225fd5f74183a70241fd008dc3,d70306a3a6ebc16ab7ab478e4dbd3698b3a025225fd5f74183a70241fd008dc3,275
0,1,1,3,1,0,0,0,0,0,0,0,3278,16000,48000,3.0,c44625869e783be5e3d33e853c876db3b5bed5c4a86bdc51992a12796d75e26b,c44625869e783be5e3d33e853c876db3b5bed5c4a86bdc51992a12796d75e26b,276
0,1,0,2,0,0,0,0,0,1,1,0,3299,16000,48000,3.0,e63a5683c019ec01b6aa3beca6ee70fc1d262b5d8cc0fb72a73072cb7a6e98a6,e63a5683c019ec01b6aa3beca6ee70fc1d262b5d8cc0fb72a73072cb7a6e98a6,277
0,0,3,0,0,0,0,0,0,0,0,0,3340,16000,48000,3.0,250abd74e9d34664f2489ceea19ba2eb188ed6be1ae53d6d2220ab535613952d,250abd74e9d34664f2489ceea19ba2eb188ed6be1ae53d6d2220ab535613952d,278
0,1,0,0,3,1,0,0,0,2,2,0,3342,16000,48000,3.0,6f3b8d16e50627cce6d1a9d9a7e22df5d46d35329af3b0b053b24de7ea333346,6f3b8d16e50627cce6d1a9d9a7e22df5d46d35329af3b0b053b24de7ea333346,279
3,0,0,0,3,0,0,0,0,0,1,0,3349,16000,48000,3.0,d6bc1c87299505ed440ef5a33be14c0fee068c5bfd5eb9572f4680182c320847,d6bc1c87299505ed440ef5a33be14c0fee068c5bfd5eb9572f4680182c320847,280
1,0,0,0,3,0,1,0,1,2,1,0,3355,16000,48000,3.0,a3775f39bbd6b11d86b9ddad0f4f19ef6d51788a228c93de65dd4fe4d1986b1e,a3775f39bbd6b11d86b9ddad0f4f19ef6d51788a228c93de65dd4fe4d1986b1e,281
0,1,0,0,0,0,0,0,0,2,1,0,3390,16000,48000,3.0,0aa35e0eade3fc8b224f7a73abcea8f5b9918cc402cec43c98831a91e91e6bc5,0aa35e0eade3fc8b224f7a73abcea8f5b9918cc402cec43c98831a91e91e6bc5,282
0,2,0,0,2,0,1,0,0,1,1,0,3391,16000,48000,3.0,9a9e06f98da32aa390c850ac6e61b780c40126e0fd8b9280cc1e2094248f5a97,9a9e06f98da32aa390c850ac6e61b780c40126e0fd8b9280cc1e2094248f5a97,283
1,1,0,0,3,0,1,0,0,1,1,0,3398,16000,48000,3.0,e2aec21f4a283bde906ad8611a6b82a45079c454adb9f0af5a40363d76bcd97e,e2aec21f4a283bde906ad8611a6b82a45079c454adb9f0af5a40363d76bcd97e,284
0,0,0,0,0,0,0,0,0,3,0,0,3409,16000,48000,3.0,0168a31555e660e914c6c0ffc84c1aef2fcad5ca33f8ced04eaafe99b9543fc2,0168a31555e660e914c6c0ffc84c1aef2fcad5ca33f8ced04eaafe99b9543fc2,285
0,0,0,0,0,0,1,0,0,3,0,0,3411,16000,48000,3.0,36b6a0ae8164e368d3affe50b456d3e5ee7f95f46628f1afc68d07b339990882,36b6a0ae8164e368d3affe50b456d3e5ee7f95f46628f1afc68d07b339990882,286
0,2,0,0,2,0,1,0,1,1,2,0,3419,16000,48000,3.0,149530f3056f1f40d36233a77bf9bf4f448a29bc377f22e5726705812b9d4576,149530f3056f1f40d36233a77bf9bf4f448a29bc377f22e5726705812b9d4576,287
1,0,0,0,3,0,0,0,0,2,1,0,3434,16000,48000,3.0,a7a43acce5ce0b8859263fad696999cab206a5a58f07290100c4dace730dcf04,a7a43acce5ce0b8859263fad696999cab206a5a58f07290100c4dace730dcf04,288
1,2,0,1,2,0,0,0,0,0,1,0,3441,16000,48000,3.0,5555fb66961405bf8bb9a7ac701c5fef1d39f0024e8deab3b6f195e1a47499ed,5555fb66961405bf8bb9a7ac701c5fef1d39f0024e8deab3b6f195e1a47499ed,289
0,2,1,1,1,0,0,0,1,0,0,0,3443,16000,48000,3.0,21f08a9533f966fd70044601fd5234af3b8f076045f8a295256231456af669cf,21f08a9533f966fd70044601fd5234af3b8f076045f8a295256231456af669cf,290
0,1,2,0,0,0,0,0,0,1,2,0,3453,16000,48000,3.0,5925066b248183a65712d91c0ef5f57f3bad19c7a4003c36d178711328872e1c,5925066b248183a65712d91c0ef5f57f3bad19c7a4003c36d178711328872e1c,291
0,1,1,2,1,0,0,0,1,0,0,0,3454,16000,48000,3.0,313a29657b2182f50979216e425cb3917156fc8254c1aea7598fc2b4e4bd6769,313a29657b2182f50979216e425cb3917156fc8254c1aea7598fc2b4e4bd6769,292
0,0,0,2,0,0,0,0,0,2,0,0,3477,16000,48000,3.0,1b9f1f94a5de292cb4cf41d8cca88b7f71fa364e77d6f52af6030effb5a08a4f,1b9f1f94a5de292cb4cf41d8cca88b7f71fa364e77d6f52af6030effb5a08a4f,293
0,1,3,0,0,0,0,0,0,0,0,0,3479,16000,48000,3.0,e070379057aea89f69bebfa80253db1a10b508ad985ccae7a2e27e5194118795,e070379057aea89f69bebfa80253db1a10b508ad985ccae7a2e27e5194118795,294
1,2,0,0,3,0,0,0,0,1,0,0,3484,16000,48000,3.0,d962404b1c7f09181ebd6eeda73a9830f5db62271e10a1856d745bb8486f57d8,d962404b1c7f09181ebd6eeda73a9830f5db62271e10a1856d745bb8486f57d8,295
0,0,0,0,2,0,0,0,0,3,1,0,3486,16000,48000,3.0,5ad894113a60f4d9d73ee6a154e6ae9f49878ca977cf29f9e194dd5f9461f64c,5ad894113a60f4d9d73ee6a154e6ae9f49878ca977cf29f9e194dd5f9461f64c,296
0,1,0,0,2,0,0,0,0,2,0,0,3488,16000,48000,3.0,07f5f8b0838f6d24c794e201052d98f6512fcce239c40f616df1f72686e53fa9,07f5f8b0838f6d24c794e201052d98f6512fcce239c40f616df1f72686e53fa9,297
0,0,0,0,3,0,0,0,0,3,0,0,3492,16000,48000,3.0,133520eee83b6e85d5748460531fb65dcaa4794a338664b0fec658cd1e645020,133520eee83b6e85d5748460531fb65dcaa4794a338664b0fec658cd1e645020,298
0,0,3,1,1,0,0,0,0,0,0,0,3513,16000,48000,3.0,752b2bfd6ca9b72ad76b0a105dcf24d11c1efceaeb033761b4d3a01d20ad23a7,752b2bfd6ca9b72ad76b0a105dcf24d11c1efceaeb033761b4d3a01d20ad23a7,299
1,0,0,0,0,0,0,0,0,2,0,0,3514,16000,48000,3.0,3f45795ea69921b4ae35683c8b2b8203b612be503ebe61dcb400761ca55a1f99,3f45795ea69921b4ae35683c8b2b8203b612be503ebe61dcb400761ca55a1f99,300
2,1,0,0,0,0,0,0,0,1,1,0,3518,16000,48000,3.0,618da8e0b40c10fe003367605a044b1fa4e6171f2cf475bfeaa9ba590ab657ab,618da8e0b40c10fe003367605a044b1fa4e6171f2cf475bfeaa9ba590ab657ab,301
0,0,3,0,0,0,0,0,1,0,0,0,3526,16000,48000,3.0,be3afaca1100d450120cff4be13e9fcb965f220fa62c4277cab5d8b2ae98bccb,be3afaca1100d450120cff4be13e9fcb965f220fa62c4277cab5d8b2ae98bccb,302
0,1,0,0,0,0,0,0,0,2,0,0,3528,16000,48000,3.0,4222a92a57d0438c84321758140b6467070177bd5e55afa84715f151885bb557,4222a92a57d0438c84321758140b6467070177bd5e55afa84715f151885bb557,303
0,0,3,0,0,0,0,0,1,0,0,0,3536,16000,48000,3.0,8e0b57ca05b949fd4fa8e1e4a7fbc0ecf26137891bc9ac1226aef36dc5f96b72,8e0b57ca05b949fd4fa8e1e4a7fbc0ecf26137891bc9ac1226aef36dc5f96b72,304
1,0,0,0,0,0,0,0,0,2,1,0,3565,16000,48000,3.0,caaa0658450ff9ef1627efe74fdba4d2491562821527b405d41f379d246b9446,caaa0658450ff9ef1627efe74fdba4d2491562821527b405d41f379d246b9446,305
1,0,0,2,0,0,0,0,0,1,0,0,3571,16000,48000,3.0,c81f7e1e50bd83af2de365ab9fdd820eeeb225d320754de173b0eefb595c6668,c81f7e1e50bd83af2de365ab9fdd820eeeb225d320754de173b0eefb595c6668,306
0,0,3,1,0,0,0,0,0,0,0,0,3583,16000,48000,3.0,104ff4fa09debf1064dca5597a96122878c9989131ee72e602e8b7e83c8f92d1,104ff4fa09debf1064dca5597a96122878c9989131ee72e602e8b7e83c8f92d1,307
1,0,0,0,1,0,0,0,0,2,0,0,3592,16000,48000,3.0,2fac88f439b31bd80728b27d960df58d52f27ba7a15df04961869863b5c84d2f,2fac88f439b31bd80728b27d960df58d52f27ba7a15df04961869863b5c84d2f,308
0,0,3,3,0,0,0,0,0,0,0,0,3593,16000,48000,3.0,bf93e360211a8dc6c2b64b44f23928ad70a7f26f31428e44ca0fc55409348e7c,bf93e360211a8dc6c2b64b44f23928ad70a7f26f31428e44ca0fc55409348e7c,309
3,0,0,0,3,0,0,0,0,0,0,0,3620,16000,48000,3.0,64d1af29cf30711507988dedecb58a4db5199760d1850261421c29f9382c62b2,64d1af29cf30711507988dedecb58a4db5199760d1850261421c29f9382c62b2,310
0,1,0,0,3,0,0,1,0,2,1,0,3621,16000,48000,3.0,c679755658d3a0ce9fff7d16729d3aa5f5f1fba44d3b1348545b4c9c5ed27762,c679755658d3a0ce9fff7d16729d3aa5f5f1fba44d3b1348545b4c9c5ed27762,311
0,1,1,3,3,0,0,0,0,0,0,0,3623,16000,48000,3.0,f4fddb14cfe563043b373212ca1be6687018d298aae8b801c9528dcff92c4a95,f4fddb14cfe563043b373212ca1be6687018d298aae8b801c9528dcff92c4a95,312
0,0,0,0,0,1,0,1,0,3,0,0,3634,16000,48000,3.0,c9da6eb533606e28f5e1c210988ea05e3f4b3fbb16c021c3cb7f9e589d478d2c,c9da6eb533606e28f5e1c210988ea05e3f4b3fbb16c021c3cb7f9e589d478d2c,313
0,1,3,1,0,1,0,0,1,0,0,0,3636,16000,48000,3.0,6adee7ad9e15d0e60c39abb71352eaa08fefae30b15c06368feb34988394be5d,6adee7ad9e15d0e60c39abb71352eaa08fefae30b15c06368feb34988394be5d,314
2,2,0,0,1,0,0,0,0,0,1,0,3645,16000,48000,3.0,6e4a2e4dc67550ca7242b4f37318838c097e35f4f2a74e417ae3abd5679c86d5,6e4a2e4dc67550ca7242b4f37318838c097e35f4f2a74e417ae3abd5679c86d5,315
0,0,1,1,2,0,0,0,0,1,0,0,3686,16000,48000,3.0,6c5c1a0b8ccebaa3af8962828c2ddf3703bf27c76653b5636656ab4b0e24f523,6c5c1a0b8ccebaa3af8962828c2ddf3703bf27c76653b5636656ab4b0e24f523,316
0,1,1,0,2,0,0,0,0,2,0,0,3687,16000,48000,3.0,234ee8651111c3fdf85a79f536fe8b9a8ccb4a3b12717dc42da947ead2febb1d,234ee8651111c3fdf85a79f536fe8b9a8ccb4a3b12717dc42da947ead2febb1d,317
2,1,1,0,0,0,0,0,1,1,0,0,3694,16000,48000,3.0,3c5639fddfb09c4d6ead4687d59c6d7c46599f563fe7dd9bc2e06f27e8e8c673,3c5639fddfb09c4d6ead4687d59c6d7c46599f563fe7dd9bc2e06f27e8e8c673,318
0,1,1,0,0,1,0,0,3,1,0,0,3700,16000,48000,3.0,7983ff19e8e9b33ab9f91599f9cd68b0affee18ed3d1d5f1e8079f9826c6f47b,7983ff19e8e9b33ab9f91599f9cd68b0affee18ed3d1d5f1e8079f9826c6f47b,319
1,0,0,0,1,0,0,0,0,2,1,0,3724,16000,48000,3.0,5776f67de81e0884cbd26e8417d32e895c9ec6995eefb9ef9bb466b39aab7dfe,5776f67de81e0884cbd26e8417d32e895c9ec6995eefb9ef9bb466b39aab7dfe,320
1,0,0,0,3,0,0,0,0,2,1,0,3744,16000,48000,3.0,e49c8bc3a3237c9b623f0774e34706367d61e0259c3547ba1fe1a46e9657f944,e49c8bc3a3237c9b623f0774e34706367d61e0259c3547ba1fe1a46e9657f944,321
0,2,0,0,0,0,0,0,0,1,0,0,3768,16000,48000,3.0,5b7fb96c64121ae974e2a1884f2e505bc275fa9de2ccb65b93f34ec055be3622,5b7fb96c64121ae974e2a1884f2e505bc275fa9de2ccb65b93f34ec055be3622,322
0,0,0,0,0,0,0,0,0,3,1,0,3773,16000,48000,3.0,d705e01d90abede0b0d5420576188efbaa2909e8ca1efefba0d97cb252d85941,d705e01d90abede0b0d5420576188efbaa2909e8ca1efefba0d97cb252d85941,323
0,2,1,0,0,0,1,0,2,0,0,0,3781,16000,48000,3.0,b46ea6c45bffce151658ee256d922f97099524f0777facde798a00d5cf9389ea,b46ea6c45bffce151658ee256d922f97099524f0777facde798a00d5cf9389ea,324
1,1,1,0,0,0,0,0,0,1,0,0,3792,16000,48000,3.0,465aefa07146205f5e6a7206197bde014ee7280ea3ead719c74581dab8eccf85,465aefa07146205f5e6a7206197bde014ee7280ea3ead719c74581dab8eccf85,325
0,1,0,0,2,0,0,0,0,2,0,0,3797,16000,48000,3.0,049d7d5e03e6fe1df8013a98819052b9a9a7bfceb11b9d653fe50d8a2ee270ac,049d7d5e03e6fe1df8013a98819052b9a9a7bfceb11b9d653fe50d8a2ee270ac,326
1,0,0,0,3,0,0,0,0,2,1,0,3810,16000,48000,3.0,e86cfde52003c754724746e254bbac5eeabaf2415c36d90d3380979c489f17a8,e86cfde52003c754724746e254bbac5eeabaf2415c36d90d3380979c489f17a8,327
0,0,0,0,0,0,0,0,0,3,1,0,3834,16000,48000,3.0,166c1fceddc5fc9b197947a0eb8ae4be671c28f03b17a45e14389704b2507742,166c1fceddc5fc9b197947a0eb8ae4be671c28f03b17a45e14389704b2507742,328
0,0,0,0,0,0,1,0,1,3,0,0,3863,16000,48000,3.0,88259ff13c47317b94de192da530b6108d48a6963861f390a404efb95b6c7d3c,88259ff13c47317b94de192da530b6108d48a6963861f390a404efb95b6c7d3c,329
0,1,1,1,3,0,0,0,0,0,0,0,3866,16000,48000,3.0,70aca2e19cf82f8aed7dc91ea88c5c7e4d2e15d2d70e38abf11b53fc7196c3fd,70aca2e19cf82f8aed7dc91ea88c5c7e4d2e15d2d70e38abf11b53fc7196c3fd,330
0,0,0,3,0,0,0,0,0,0,1,0,3874,16000,48000,3.0,ea74273ee0d60b29ee1e095e0f382786ef84a7dafe84ffb8fda389b19fd8b013,ea74273ee0d60b29ee1e095e0f382786ef84a7dafe84ffb8fda389b19fd8b013,331
0,0,0,1,0,0,0,0,0,2,0,0,3881,16000,48000,3.0,0a3425568870a2e2b2522c3ab99422c8aad3a517ae485e7d0057ddfe2ee361d5,0a3425568870a2e2b2522c3ab99422c8aad3a517ae485e7d0057ddfe2ee361d5,332
0,1,0,0,0,0,0,2,1,2,0,0,3889,16000,48000,3.0,5d4dc531dcf910ee1eea1baaac53a1aa4a6f82adaafc3901cc821fef6344dcce,5d4dc531dcf910ee1eea1baaac53a1aa4a6f82adaafc3901cc821fef6344dcce,333
0,0,0,0,0,0,0,0,0,3,1,0,3916,16000,48000,3.0,9c2c064ce319120a1eb146adeac9f3f3be964629d327677dbf684cf7cce33991,9c2c064ce319120a1eb146adeac9f3f3be964629d327677dbf684cf7cce33991,334
1,0,0,0,2,1,0,0,0,1,0,0,3927,16000,48000,3.0,d74af93efc536139d6268cd3642792dd7f57ca0126bf06ed3355cf67a15d8146,d74af93efc536139d6268cd3642792dd7f57ca0126bf06ed3355cf67a15d8146,335
0,1,2,0,2,0,0,0,0,0,1,0,3928,16000,48000,3.0,95716af9d0c5162049fdcb1a2c0759495a199e10c1b51c206b2691ce72105905,95716af9d0c5162049fdcb1a2c0759495a199e10c1b51c206b2691ce72105905,336
0,1,0,0,3,0,0,0,0,2,0,0,3930,16000,48000,3.0,50465937f49c2df2c599b31bc175212f56c44e58f6957f9afdfe4554509333c6,50465937f49c2df2c599b31bc175212f56c44e58f6957f9afdfe4554509333c6,337
0,0,0,0,0,0,0,0,0,3,0,0,3939,16000,48000,3.0,0e0e4d8302b09d93838869920fb644c58050d9ed69d9d915d697514d48d33c40,0e0e4d8302b09d93838869920fb644c58050d9ed69d9d915d697514d48d33c40,338
0,0,0,0,0,0,0,0,0,3,1,0,3943,16000,48000,3.0,6645f547ef5efa401e032367ccfb234858763b89fe9ad74647dac759f1a6bd1d,6645f547ef5efa401e032367ccfb234858763b89fe9ad74647dac759f1a6bd1d,339
0,2,1,0,1,0,0,0,0,1,1,0,3949,16000,48000,3.0,fe12ae1cc90bcf832d6f8960ec5c1cf68f407af35b68e00eaa31b84db5411062,fe12ae1cc90bcf832d6f8960ec5c1cf68f407af35b68e00eaa31b84db5411062,340
0,1,0,0,0,0,0,0,0,2,1,0,3952,16000,48000,3.0,0e7cfb74de9c0b157a1fdee75412ad12efef08e9872c40a0738a74e2d8906aa8,0e7cfb74de9c0b157a1fdee75412ad12efef08e9872c40a0738a74e2d8906aa8,341
0,2,0,0,2,0,0,0,0,1,0,0,3953,16000,48000,3.0,b18fe95a402e5f67b236795f4096cbfc60daa990c5986bbc376d55c45c553530,b18fe95a402e5f67b236795f4096cbfc60daa990c5986bbc376d55c45c553530,342
0,0,0,0,2,0,0,0,0,3,0,0,3967,16000,48000,3.0,3674952a8dc7d7d455d7288beeda39e094b9ac72e2eb89261414502dc6028386,3674952a8dc7d7d455d7288beeda39e094b9ac72e2eb89261414502dc6028386,343
0,0,0,0,3,0,0,0,0,3,1,0,3995,16000,48000,3.0,f4dfccf380459bf487fb983037613b204cab51727e874225c734a36143faf279,f4dfccf380459bf487fb983037613b204cab51727e874225c734a36143faf279,344
0,1,0,0,0,0,0,0,2,2,0,0,4002,16000,48000,3.0,824a9ce7e54a54f12a55413ae625a2d064ba680cf5a99ae02c3f5ec90fdece5b,824a9ce7e54a54f12a55413ae625a2d064ba680cf5a99ae02c3f5ec90fdece5b,345
0,1,0,0,3,0,1,0,0,2,1,0,4011,16000,48000,3.0,eb172d210ac08ad3d1e01056a59fef8c47638984268df4f5d124d8d816b4fb8e,eb172d210ac08ad3d1e01056a59fef8c47638984268df4f5d124d8d816b4fb8e,346
0,0,0,0,2,0,0,0,0,3,0,0,4020,16000,48000,3.0,69a51c85a29750af65319a5ed52eee2a57c8a85a8fdbaaa3a4ce8bf92603e550,69a51c85a29750af65319a5ed52eee2a57c8a85a8fdbaaa3a4ce8bf92603e550,347
0,0,1,0,0,0,1,0,0,2,0,0,4029,16000,48000,3.0,7522f87ef88cd360863a93d117873e2bc77747c17c6ea097885b33ebf83a663a,7522f87ef88cd360863a93d117873e2bc77747c17c6ea097885b33ebf83a663a,348
1,1,0,0,0,0,0,0,0,1,0,0,4037,16000,48000,3.0,9bd4802348392cd60b2358956e357c13563c1e9fcec26db682c0f57296aa22ae,9bd4802348392cd60b2358956e357c13563c1e9fcec26db682c0f57296aa22ae,349
2,1,0,0,0,0,2,0,0,1,0,0,4052,16000,48000,3.0,0b011077e5458c25ef2d096957f4fa368b4df10f87bc87909cce390ab8b9376e,0b011077e5458c25ef2d096957f4fa368b4df10f87bc87909cce390ab8b9376e,350
2,0,0,0,0,0,0,0,0,1,0,0,4058,16000,48000,3.0,27d6c0711ea122c36bd8bf0123e6272a118c9e90b7228d37404f3b429647e912,27d6c0711ea122c36bd8bf0123e6272a118c9e90b7228d37404f3b429647e912,351
0,0,0,0,1,0,1,0,0,3,1,0,4073,16000,48000,3.0,49217d69e68953a16c4f13422d8b9d4afd4393061c4f2b80984efd79455c706d,49217d69e68953a16c4f13422d8b9d4afd4393061c4f2b80984efd79455c706d,352
0,0,0,0,0,0,0,0,0,3,1,0,4077,16000,48000,3.0,e2c3d122c27e553148bdcc1e88f78d22e7484b93707eccdcf3496eec30bf9297,e2c3d122c27e553148bdcc1e88f78d22e7484b93707eccdcf3496eec30bf9297,353
0,2,0,0,0,0,0,0,0,1,0,0,4078,16000,48000,3.0,7001b60b83593b627d28b7f32415cf24c3138d192ca3127bd224c066102cb471,7001b60b83593b627d28b7f32415cf24c3138d192ca3127bd224c066102cb471,354
0,0,0,0,0,1,1,0,1,2,0,0,4088,16000,48000,3.0,1cbf96ea3412c9d9bc205c1c3e2b1814b7cfb13154c954a4d17109c369eb55f1,1cbf96ea3412c9d9bc205c1c3e2b1814b7cfb13154c954a4d17109c369eb55f1,355
1,0,0,0,2,0,1,0,0,2,0,0,4089,16000,48000,3.0,93262c0b55794c40f63c348aa26c782ec0648b21f492ab86448142e8cf7a41a4,93262c0b55794c40f63c348aa26c782ec0648b21f492ab86448142e8cf7a41a4,356
0,3,1,0,0,0,0,0,1,0,0,0,4102,16000,48000,3.0,e57c019585b056bd8f80a9254ad47fba9deb59f0e9a6d301c194b0ac3ab646f7,e57c019585b056bd8f80a9254ad47fba9deb59f0e9a6d301c194b0ac3ab646f7,357
0,3,0,0,1,0,0,0,1,0,0,0,4108,16000,48000,3.0,888420f13ec509dd813ae7e4c0ba67014e927bddc1bed373dd1e9f3c5b8a9be2,888420f13ec509dd813ae7e4c0ba67014e927bddc1bed373dd1e9f3c5b8a9be2,358
1,0,0,0,0,0,2,0,1,2,0,0,4109,16000,48000,3.0,a771ca8294fe1913a5a280fdba25b4966d848b44716540c24af6b548cf8338a7,a771ca8294fe1913a5a280fdba25b4966d848b44716540c24af6b548cf8338a7,359
0,1,0,2,0,0,1,0,0,0,0,0,4110,16000,48000,3.0,13a0b9304b260ac894a94b1d7dcf4393849299abb294c43ee950fdd93f7b2db4,13a0b9304b260ac894a94b1d7dcf4393849299abb294c43ee950fdd93f7b2db4,360
0,1,0,0,3,0,0,0,0,2,1,0,4115,16000,48000,3.0,575d6842349d08afc23d69f825c5dc7f43d17a5b424c9bf14b8d4fc4ef217331,575d6842349d08afc23d69f825c5dc7f43d17a5b424c9bf14b8d4fc4ef217331,361
1,1,1,0,0,0,0,0,0,0,0,0,4125,16000,48000,3.0,91ed787ccf8b64637a7739b8d797f6b1b466af6e07e340fda0a7ab2f2808fbbd,91ed787ccf8b64637a7739b8d797f6b1b466af6e07e340fda0a7ab2f2808fbbd,362
0,0,0,0,1,0,0,0,0,2,1,0,4134,16000,48000,3.0,484d02f34930a412c9c5dc8f749aaf05099627b668c9eee4dc0f238df6ef555b,484d02f34930a412c9c5dc8f749aaf05099627b668c9eee4dc0f238df6ef555b,363
0,0,0,0,0,0,2,1,0,3,0,0,4137,16000,48000,3.0,2719eceebcfa9c6acc44932fa6584b1c8fb990942b421dbc414fd4ec67f50735,2719eceebcfa9c6acc44932fa6584b1c8fb990942b421dbc414fd4ec67f50735,364
0,0,1,3,0,0,0,0,0,0,0,0,4150,16000,48000,3.0,451372d1f84deb864e352647583cfe9d357f5e1b8467a43e2ae51e650232ea29,451372d1f84deb864e352647583cfe9d357f5e1b8467a43e2ae51e650232ea29,365
0,1,0,0,2,0,1,0,0,2,1,0,4162,16000,48000,3.0,755031c261b6a2df326f5090dee9f31482f06bd8818e20fbdc3483a633b7c790,755031c261b6a2df326f5090dee9f31482f06bd8818e20fbdc3483a633b7c790,366
0,1,2,0,0,0,0,0,0,0,0,0,4174,16000,48000,3.0,486cf78c3f471859c0a4b8f2c80f9c524cf945d92a28b7ac229a148d2a168d33,486cf78c3f471859c0a4b8f2c80f9c524cf945d92a28b7ac229a148d2a168d33,367
0,2,1,0,0,1,1,0,2,0,0,0,4193,16000,48000,3.0,ad80e3ec7e7a8fbc3432ae45aca166f015c4cdcba0b615741992ae1caaf2fa55,ad80e3ec7e7a8fbc3432ae45aca166f015c4cdcba0b615741992ae1caaf2fa55,368
0,0,0,0,3,0,1,0,0,3,1,0,4199,16000,48000,3.0,b41d0e75f57d36f925504e1478034ccbabfedebaafad14b6f799bf05ca14dc44,b41d0e75f57d36f925504e1478034ccbabfedebaafad14b6f799bf05ca14dc44,369
0,0,0,3,1,0,0,0,0,0,1,0,4201,16000,48000,3.0,e3e6b3174164686303accb43d5ffef39776be0a00f4878ce2ca2c71eb25cc20d,e3e6b3174164686303accb43d5ffef39776be0a00f4878ce2ca2c71eb25cc20d,370
0,0,0,0,2,0,2,0,1,3,2,0,4202,16000,48000,3.0,81265194fbe402137842efab5d01339bac52a8449e0665906143ef2deb217e16,81265194fbe402137842efab5d01339bac52a8449e0665906143ef2deb217e16,371
1,1,0,3,3,0,0,0,0,0,1,0,4214,16000,48000,3.0,966a8be9434586e4a69c06fac7aa30fd5948607a6919c04de99479df67b1ebff,966a8be9434586e4a69c06fac7aa30fd5948607a6919c04de99479df67b1ebff,372
1,0,0,0,0,0,1,0,1,3,1,0,4222,16000,48000,3.0,d391488e14deabbef1c0e6759be931d2fe34afdf8584c8515bf29487e85041d5,d391488e14deabbef1c0e6759be931d2fe34afdf8584c8515bf29487e85041d5,373
1,0,0,0,3,0,1,1,0,2,1,0,4224,16000,48000,3.0,f466fd38a0dc82ab896f9962f47a2220f8b0577596773184c2c14fe6f34bebc6,f466fd38a0dc82ab896f9962f47a2220f8b0577596773184c2c14fe6f34bebc6,374
0,0,0,0,0,0,0,1,0,3,1,0,4247,16000,48000,3.0,ccb23457097f1b462c2a0df3ae489547b5a30f9688dd9c7c1b36b0d83482617c,ccb23457097f1b462c2a0df3ae489547b5a30f9688dd9c7c1b36b0d83482617c,375
0,0,1,0,0,0,0,2,0,2,0,0,4254,16000,48000,3.0,e790231851595c1f66286cd80e3bdabd9b9becead7c2e88043f708d1ac6f8b69,e790231851595c1f66286cd80e3bdabd9b9becead7c2e88043f708d1ac6f8b69,376
1,1,0,0,1,1,1,0,1,1,0,0,4260,16000,48000,3.0,946859062fdd55ca685d04f52165275e449173957601ab9ec4cfbb01533c5036,946859062fdd55ca685d04f52165275e449173957601ab9ec4cfbb01533c5036,377
1,0,0,0,0,0,2,0,0,2,1,0,4264,16000,48000,3.0,f00687d201a1c2f834f83bf0b23c9b122af2594db3da1a531e4e9d37e2c7a72e,f00687d201a1c2f834f83bf0b23c9b122af2594db3da1a531e4e9d37e2c7a72e,378
2,1,2,1,1,0,0,0,0,0,1,0,4271,16000,48000,3.0,0e8fe39bb8b637564b7e9de804288fe25bb9b8eaf6417b8942f161bec3fc03e6,0e8fe39bb8b637564b7e9de804288fe25bb9b8eaf6417b8942f161bec3fc03e6,379
0,0,0,0,0,0,2,0,1,3,1,0,4278,16000,48000,3.0,0a5109685696956d4659dacc665bce01bece6763ecd3807ade8f57524f8e6f1c,0a5109685696956d4659dacc665bce01bece6763ecd3807ade8f57524f8e6f1c,380
0,3,0,0,1,0,0,0,0,1,0,0,4289,16000,48000,3.0,d3caf8c81ad05ba655355b2c344e5031db72984796ad621be3475e20a39b2d19,d3caf8c81ad05ba655355b2c344e5031db72984796ad621be3475e20a39b2d19,381
2,0,3,0,3,0,0,0,0,0,0,0,4300,16000,48000,3.0,dcb16c04c82ca86c21e4578e718145d81ab22f90369f61e15bdcf474ac111063,dcb16c04c82ca86c21e4578e718145d81ab22f90369f61e15bdcf474ac111063,382
0,0,0,0,3,0,0,0,0,3,1,0,4306,16000,48000,3.0,6c77da0e01948d1fbca0fcfc9e4ddb3f9f130b1bff45d9aa08f78a5e7cb70540,6c77da0e01948d1fbca0fcfc9e4ddb3f9f130b1bff45d9aa08f78a5e7cb70540,383
1,1,0,0,2,0,1,0,0,1,3,0,4311,16000,48000,3.0,82c141ffe8e37c4cbdc0d10a8fd2f46e1fc5af02d7508fe6d4ca39ebe859c13f,82c141ffe8e37c4cbdc0d10a8fd2f46e1fc5af02d7508fe6d4ca39ebe859c13f,384
0,1,0,0,3,0,0,0,0,2,3,0,4315,16000,48000,3.0,d0c9ac68d5039af1a81901f3f6abca1dafa40e1d6c032f4b14626d154621034c,d0c9ac68d5039af1a81901f3f6abca1dafa40e1d6c032f4b14626d154621034c,385
1,1,0,1,1,0,0,0,0,1,0,0,4316,16000,48000,3.0,9c56fabfac274eaa5ac40e1c7ea331bcbf37dcde48fb8e32c3ea63cee802d6b5,9c56fabfac274eaa5ac40e1c7ea331bcbf37dcde48fb8e32c3ea63cee802d6b5,386
0,1,2,0,0,0,0,0,0,0,0,0,4320,16000,48000,3.0,8732b9380daa25eb880cd6768e7674ca0e455d1d8feff623ac5df3074f6b7358,8732b9380daa25eb880cd6768e7674ca0e455d1d8feff623ac5df3074f6b7358,387
0,0,0,0,0,1,1,0,1,2,0,0,4321,16000,48000,3.0,ad30ec6a229a66b645bb24f6be501efb9f33a38ae6c225dc8a3543ce8bde338b,ad30ec6a229a66b645bb24f6be501efb9f33a38ae6c225dc8a3543ce8bde338b,388
2,0,0,0,0,0,0,0,0,1,1,0,4328,16000,48000,3.0,d45eebb8dc8c0e20649b3f1c0c927ac4696f24317e8bb99f7cf88206a7c7241d,d45eebb8dc8c0e20649b3f1c0c927ac4696f24317e8bb99f7cf88206a7c7241d,389
2,0,0,0,0,0,0,0,0,1,0,0,4339,16000,48000,3.0,da8999f4f93ef6a0bf959971671679ca11df51f904670b5df1db8a20c26296da,da8999f4f93ef6a0bf959971671679ca11df51f904670b5df1db8a20c26296da,390
0,0,0,0,1,0,0,0,0,3,0,0,4368,16000,48000,3.0,0731aa65e95c136b3deadcfc697d1f5797308e77bc451430995843d39e4af89b,0731aa65e95c136b3deadcfc697d1f5797308e77bc451430995843d39e4af89b,391
1,0,0,0,0,0,0,0,0,2,2,0,4397,16000,48000,3.0,a3b3d5345ba389fbb3fafd01e6ddc84885bf9a66670cb1d409eb9891e2cd6ff0,a3b3d5345ba389fbb3fafd01e6ddc84885bf9a66670cb1d409eb9891e2cd6ff0,392
1,0,3,0,0,0,2,0,0,0,0,0,4400,16000,48000,3.0,c9aa724683bd0b449b0cde5685b4e0cc4d051f9f2d68dd566d71a5d05e98be9e,c9aa724683bd0b449b0cde5685b4e0cc4d051f9f2d68dd566d71a5d05e98be9e,393
2,0,0,0,0,0,0,0,0,1,0,0,4430,16000,48000,3.0,dbf2eefc4348a87fec15828001c5bd31dd807588f4165a1eaea09c829385b346,dbf2eefc4348a87fec15828001c5bd31dd807588f4165a1eaea09c829385b346,394
2,0,0,2,0,0,0,0,0,1,0,0,4442,16000,48000,3.0,3772490ac20b32f4e703a9d45012dd7fe94a53c606fbe376d49f7f86c19cd8cf,3772490ac20b32f4e703a9d45012dd7fe94a53c606fbe376d49f7f86c19cd8cf,395
0,0,0,0,0,1,0,2,0,2,0,3,4452,16000,48000,3.0,02ffd75b7d1d293415b906be158f8d117f564f8d1296c6fdcf45c3f6db34c3f5,02ffd75b7d1d293415b906be158f8d117f564f8d1296c6fdcf45c3f6db34c3f5,396
0,2,3,0,1,0,0,0,0,0,1,0,4459,16000,48000,3.0,e15d50697e3f28d1f55d58ccf9d76ec270b03fdacd7aae6df52ae67b44c8c7f9,e15d50697e3f28d1f55d58ccf9d76ec270b03fdacd7aae6df52ae67b44c8c7f9,397
0,1,0,0,3,0,0,0,0,2,2,0,4461,16000,48000,3.0,8219ed6bd8061ad4910d6199850b32b3c3265a7a3939786f3ccc2f8e96a7bdc8,8219ed6bd8061ad4910d6199850b32b3c3265a7a3939786f3ccc2f8e96a7bdc8,398
2,1,1,2,0,0,0,0,0,0,1,0,4465,16000,48000,3.0,685edf0a9321ed5635c872bcc3a1fa47da31e6e178f1936cbfd3ecfebd9b9ec6,685edf0a9321ed5635c872bcc3a1fa47da31e6e178f1936cbfd3ecfebd9b9ec6,399
1,0,0,0,0,0,0,0,0,2,2,0,4473,16000,48000,3.0,5f449b63dbc5716b9f7b3afbdb63c77c80d444cfebfcc5d58058d01548360660,5f449b63dbc5716b9f7b3afbdb63c77c80d444cfebfcc5d58058d01548360660,400
1,0,0,0,0,0,0,0,0,2,1,0,4482,16000,48000,3.0,0973f9f916ea1194169e9dae88c867361dfa92841d7968dbd5ea351d9bb576d9,0973f9f916ea1194169e9dae88c867361dfa92841d7968dbd5ea351d9bb576d9,401
1,1,0,1,2,0,0,0,0,0,0,0,4486,16000,48000,3.0,a439f1ad33279891f547fc4fcf0537f601ed99e826c2789e045b95ae6020d589,a439f1ad33279891f547fc4fcf0537f601ed99e826c2789e045b95ae6020d589,402
1,0,0,0,0,0,0,0,0,3,0,0,4489,16000,48000,3.0,918deb3e8085f05036d53fd4b199208c150e6a1873bd25fe78723ff4fc87dfce,918deb3e8085f05036d53fd4b199208c150e6a1873bd25fe78723ff4fc87dfce,403
0,0,0,0,2,0,0,0,0,3,0,0,4491,16000,48000,3.0,861286746111e326ddde927a9877586cab1b6be459d5b43e7830dd374a3aeba8,861286746111e326ddde927a9877586cab1b6be459d5b43e7830dd374a3aeba8,404
0,0,1,0,3,0,0,0,0,2,0,0,4498,16000,48000,3.0,5807e4fb65e82ae07c6a8b90b95762df8d1f3a58117d8e1f485db33931b97d87,5807e4fb65e82ae07c6a8b90b95762df8d1f3a58117d8e1f485db33931b97d87,405
0,0,3,0,0,0,0,0,0,0,0,0,4503,16000,48000,3.0,ca72ff49001a406f166500f6309ac5a636dee0c395b85740ecccdac758e9bf98,ca72ff49001a406f166500f6309ac5a636dee0c395b85740ecccdac758e9bf98,406
0,1,1,0,2,1,0,0,1,2,0,0,4510,16000,48000,3.0,8592f82c2af77592700ce42871586c1d7c3130d6399bd5f73448ab82eca0f4f6,8592f82c2af77592700ce42871586c1d7c3130d6399bd5f73448ab82eca0f4f6,407
0,0,0,0,0,1,0,1,0,2,0,3,4521,16000,48000,3.0,2e83076b8552ca4c637f7626523c9c22a033a44a908219fe6ff3a9b9013d6abd,2e83076b8552ca4c637f7626523c9c22a033a44a908219fe6ff3a9b9013d6abd,408
3,0,0,0,2,0,0,0,1,0,0,0,4536,16000,48000,3.0,81a1f770ad82c65a1f13159d1bb9c3ced99b262e273e0ccece72c62b68773971,81a1f770ad82c65a1f13159d1bb9c3ced99b262e273e0ccece72c62b68773971,409
0,2,0,0,0,0,0,0,0,1,2,0,4549,16000,48000,3.0,740645545fa58a22a4914046946270f2a4945701669188c64032c3fd3e7a3b3b,740645545fa58a22a4914046946270f2a4945701669188c64032c3fd3e7a3b3b,410
0,0,0,0,0,0,0,1,0,3,0,3,4551,16000,48000,3.0,bb9b2791c41573be121208b1158b91e5e385e0e33d496a03600611ddcbd8d757,bb9b2791c41573be121208b1158b91e5e385e0e33d496a03600611ddcbd8d757,411
1,0,0,0,2,0,0,0,0,2,1,0,4591,16000,48000,3.0,d7f655cda97be1b66bad38d11a6438d0615a5fdc825ba04d7abb42d65cab9f90,d7f655cda97be1b66bad38d11a6438d0615a5fdc825ba04d7abb42d65cab9f90,412
0,1,3,0,0,0,0,0,0,0,2,0,4617,16000,48000,3.0,c374d16bbc92c4f767b2a77515cf8e53cf941f2ca284d92ecbd646b1c9a0de26,c374d16bbc92c4f767b2a77515cf8e53cf941f2ca284d92ecbd646b1c9a0de26,413
0,1,3,0,2,0,0,0,0,0,0,0,4627,16000,48000,3.0,d6155b3263cf222052a2d98b477581d08f9240decda9a118c79c583278d8dbea,d6155b3263cf222052a2d98b477581d08f9240decda9a118c79c583278d8dbea,414
0,1,0,0,0,0,0,0,0,2,2,0,4642,16000,48000,3.0,2d33b1b3797ca1a50fb87386af4ca82e618dc4d23b116e85bee7ed9448dd0136,2d33b1b3797ca1a50fb87386af4ca82e618dc4d23b116e85bee7ed9448dd0136,415
1,0,3,0,1,0,0,0,0,0,0,0,4645,16000,48000,3.0,e110ac2817f8e07605b2585e4109e16580a7a2c8cd84d0039b22dfaaf0bc7507,e110ac2817f8e07605b2585e4109e16580a7a2c8cd84d0039b22dfaaf0bc7507,416
0,0,0,0,0,0,0,0,0,3,1,0,4656,16000,48000,3.0,d90f090effe8af989c3a27b741331d892353292f7a216785b4f8bd55e210171f,d90f090effe8af989c3a27b741331d892353292f7a216785b4f8bd55e210171f,417
2,1,0,0,3,0,0,0,0,1,0,0,4659,16000,48000,3.0,319ecd7eb9857fedda24469403373eb316aa094cf3aa824b27937124b0230e31,319ecd7eb9857fedda24469403373eb316aa094cf3aa824b27937124b0230e31,418
0,0,3,0,3,0,0,0,0,0,1,0,4662,16000,48000,3.0,0136be2715cb0f4fd290e852d00fec006100e5a4d4129294662ba91196493dec,0136be2715cb0f4fd290e852d00fec006100e5a4d4129294662ba91196493dec,419
0,0,3,0,2,0,0,0,0,0,0,0,4668,16000,48000,3.0,eb1d6a81970ef5375598bac21efbc6e7bf5906beb5475c3aa9c18d877021c86d,eb1d6a81970ef5375598bac21efbc6e7bf5906beb5475c3aa9c18d877021c86d,420
0,1,3,0,0,0,0,0,0,0,1,0,4686,16000,48000,3.0,bd6cfe9f4b684c33e6b873b7a6c77c10d817d36a6e43de0d44fe2ec676a54263,bd6cfe9f4b684c33e6b873b7a6c77c10d817d36a6e43de0d44fe2ec676a54263,421
1,2,1,0,0,0,0,0,0,0,0,0,4693,16000,48000,3.0,da7da81345d3e492eda1863b964cde128d4a6bd937617ea3baa4bba4e1f35820,da7da81345d3e492eda1863b964cde128d4a6bd937617ea3baa4bba4e1f35820,422
0,0,1,0,0,0,2,0,0,2,0,0,4723,16000,48000,3.0,263b47e137bb94700dfdd01c27947c7182443b88b19065cc49d896a6b612c94f,263b47e137bb94700dfdd01c27947c7182443b88b19065cc49d896a6b612c94f,423
1,0,0,0,0,0,0,0,0,2,0,0,4727,16000,48000,3.0,c74801ed0bb1d4261be08bf06f2c5c63c635c9952cd32a4143eb9aee9f3a3c1a,c74801ed0bb1d4261be08bf06f2c5c63c635c9952cd32a4143eb9aee9f3a3c1a,424
0,1,2,0,0,0,0,0,0,0,0,0,4751,16000,48000,3.0,a7090397391f4ea274416f70a7513423d7a616898456de6396faf7b77316ba55,a7090397391f4ea274416f70a7513423d7a616898456de6396faf7b77316ba55,425
2,0,2,0,1,0,0,0,1,0,0,0,4785,16000,48000,3.0,bc6f4b7330c318bbf5ef977a6942fcd09628f95c171467118e7f968877056ecd,bc6f4b7330c318bbf5ef977a6942fcd09628f95c171467118e7f968877056ecd,426
0,2,0,0,0,0,0,0,0,1,1,0,4786,16000,48000,3.0,7a3680f18504020404a5009d62f83499b77773a2662f178e96aa36f74bf64df0,7a3680f18504020404a5009d62f83499b77773a2662f178e96aa36f74bf64df0,427
0,1,0,0,1,1,0,0,1,2,1,0,4815,16000,48000,3.0,f8702ac6da4a1e6acb41ab311db07f81eefde819606709c62ab869a0194b4eea,f8702ac6da4a1e6acb41ab311db07f81eefde819606709c62ab869a0194b4eea,428
0,1,1,1,3,0,0,0,1,0,0,0,4822,16000,48000,3.0,b3ac682baf2b15014a4883821869a581c3cff570e7688d7a1396c4b21d455486,b3ac682baf2b15014a4883821869a581c3cff570e7688d7a1396c4b21d455486,429
0,0,0,0,0,0,1,0,0,3,0,0,4838,16000,48000,3.0,3370d586acf0648c7d4d6d27f89f1a6cb12b003b66bf2a7b0c3cb5f607cea3e7,3370d586acf0648c7d4d6d27f89f1a6cb12b003b66bf2a7b0c3cb5f607cea3e7,430
0,2,2,0,1,0,0,0,1,0,0,0,4847,16000,48000,3.0,5465e51e69cd4e2b3a89de87e1e4d150b511e61ef9e3d42bad4154aa74aa7a27,5465e51e69cd4e2b3a89de87e1e4d150b511e61ef9e3d42bad4154aa74aa7a27,431
0,0,0,0,0,1,1,1,1,2,0,0,4850,16000,48000,3.0,33e320e2214a283f9d62fcf203e817737561a5ac953857476952a28f6a411866,33e320e2214a283f9d62fcf203e817737561a5ac953857476952a28f6a411866,432
0,1,2,0,0,0,0,0,0,0,0,0,4873,16000,48000,3.0,7ab1cf7e104e05467eac11cf9f6dab44cab64a390a2655eaaf38f2f05cfb2be7,7ab1cf7e104e05467eac11cf9f6dab44cab64a390a2655eaaf38f2f05cfb2be7,433
0,0,0,0,1,0,0,0,0,3,0,0,4884,16000,48000,3.0,6c147ceaa582eff9ef2e5fd9f904442d5376130e48c22e4bb0fad3652803c1e2,6c147ceaa582eff9ef2e5fd9f904442d5376130e48c22e4bb0fad3652803c1e2,434
1,0,0,0,1,0,0,0,0,2,0,0,4887,16000,48000,3.0,0b09a2b4e975e705d8d67964f1fe7da067af2e867af8e2d18e10e72cf58d2127,0b09a2b4e975e705d8d67964f1fe7da067af2e867af8e2d18e10e72cf58d2127,435
3,0,3,0,0,0,0,1,1,0,0,0,4920,16000,48000,3.0,720a846f22dae797013a62c64f0192aedd205936e237b1a8c1c0a949454f9d6c,720a846f22dae797013a62c64f0192aedd205936e237b1a8c1c0a949454f9d6c,436
1,0,0,0,0,0,1,1,0,2,1,0,4932,16000,48000,3.0,c035b1cf8e880671c48bc3d505e6dbf8f28f42714d2598b101c6d6b12c663745,c035b1cf8e880671c48bc3d505e6dbf8f28f42714d2598b101c6d6b12c663745,437
0,1,2,0,0,0,0,0,0,0,0,0,4935,16000,48000,3.0,307a56dec931decf38610ec37f592edd72beca6305f5783bfbbb56ae2e329552,307a56dec931decf38610ec37f592edd72beca6305f5783bfbbb56ae2e329552,438
0,1,0,0,0,0,0,0,1,2,0,0,4943,16000,48000,3.0,28ff9ad9a71ff848e093c31f9b50e4f0786d842a6af8e8fb2fe469de6836bdf5,28ff9ad9a71ff848e093c31f9b50e4f0786d842a6af8e8fb2fe469de6836bdf5,439
0,2,3,0,0,0,0,0,0,0,0,0,4945,16000,48000,3.0,2dd6ac249d303d6d3628d0bb27438ddc380655688389e02638578208babcfe8a,2dd6ac249d303d6d3628d0bb27438ddc380655688389e02638578208babcfe8a,440
3,0,1,0,0,0,0,0,0,0,0,0,4950,16000,48000,3.0,1d633a98cdc7852f45ee81989d2d6214273bc58f212c5e371ece872762346033,1d633a98cdc7852f45ee81989d2d6214273bc58f212c5e371ece872762346033,441
2,2,2,0,0,0,0,0,0,0,0,0,5010,16000,48000,3.0,34bc8d98582389f7e06fc6a10dec81350a33d320ea598bf6031d08d78999ecba,34bc8d98582389f7e06fc6a10dec81350a33d320ea598bf6031d08d78999ecba,442
2,2,0,0,0,0,0,0,0,0,0,0,5017,16000,48000,3.0,5bab77bc1b5e06574766824bc547754dda7742f4ba68aa946f90d0909de56d44,5bab77bc1b5e06574766824bc547754dda7742f4ba68aa946f90d0909de56d44,443
1,1,1,0,0,0,0,0,1,0,0,0,5024,16000,48000,3.0,2207551a3f446566d8d31669f70a7a5af87202754b4bf371b40dd0bb4640d753,2207551a3f446566d8d31669f70a7a5af87202754b4bf371b40dd0bb4640d753,444
0,1,0,0,2,0,1,0,0,2,1,0,5026,16000,48000,3.0,68ad9d4f00e1b99a8f0630e498345699d5f8c70fc98e8d8611f8e15229e5109d,68ad9d4f00e1b99a8f0630e498345699d5f8c70fc98e8d8611f8e15229e5109d,445
3,0,3,0,0,0,0,0,0,0,0,0,5028,16000,48000,3.0,3ae9b46a8e7d4f99c6bd107afc167632d08ff60fb720863d0967e5cd2c5d7b61,3ae9b46a8e7d4f99c6bd107afc167632d08ff60fb720863d0967e5cd2c5d7b61,446
0,1,2,0,0,0,0,0,0,0,1,0,5034,16000,48000,3.0,0c5c12524c7cb9c8392f63822ad55e97ad490f3934ccac22abae371562b4426f,0c5c12524c7cb9c8392f63822ad55e97ad490f3934ccac22abae371562b4426f,447
0,2,3,0,0,0,0,0,0,0,0,0,5040,16000,48000,3.0,0bc07d3d068582024661cefcd6eefb17137e12f427a20b839f402ba2bad7fc5d,0bc07d3d068582024661cefcd6eefb17137e12f427a20b839f402ba2bad7fc5d,448
0,1,2,0,0,0,0,0,0,0,0,0,5053,16000,48000,3.0,55df677210fbc27dbf5032e53cef6d3f925fb72dc0ebff07d71ab2e52b640637,55df677210fbc27dbf5032e53cef6d3f925fb72dc0ebff07d71ab2e52b640637,449
0,0,2,0,0,0,0,1,0,1,0,0,5058,16000,48000,3.0,bcdfe4dae99cbe6d881b278b8934a00d4deed22abdc69985cf7c23d1cb021261,bcdfe4dae99cbe6d881b278b8934a00d4deed22abdc69985cf7c23d1cb021261,450
0,1,3,0,2,0,0,0,0,0,0,0,5059,16000,48000,3.0,534b1d9169bd09b72ed48f4415d855c2293ff7cfc4c4361333689d0faeff2b96,534b1d9169bd09b72ed48f4415d855c2293ff7cfc4c4361333689d0faeff2b96,451
1,2,3,0,0,0,0,0,1,0,0,0,5063,16000,48000,3.0,a43d38de6e25ded6ee2addbe71af0661c62b5dc2f7cb3dd451a325e2831de4fe,a43d38de6e25ded6ee2addbe71af0661c62b5dc2f7cb3dd451a325e2831de4fe,452
0,2,2,0,0,0,0,0,1,0,0,0,5068,16000,48000,3.0,e6ce299a7fbc2f225f53f9217460225058c67e42b39187e92c1f00e46a22ab84,e6ce299a7fbc2f225f53f9217460225058c67e42b39187e92c1f00e46a22ab84,453
0,1,0,0,0,0,0,0,0,2,0,0,5088,16000,48000,3.0,3b1ff7fa768b127667245c432fc65c32069cfc95ef479928042729151d47ebb6,3b1ff7fa768b127667245c432fc65c32069cfc95ef479928042729151d47ebb6,454
0,0,3,0,0,0,0,0,0,0,0,0,5090,16000,48000,3.0,ecfb097f411c940e4497d6fcf67db79b00df61927a6adaa0e03335f13168ca1f,ecfb097f411c940e4497d6fcf67db79b00df61927a6adaa0e03335f13168ca1f,455
0,0,0,0,0,0,0,0,0,3,0,3,5114,16000,48000,3.0,75d6bf3d8d4ade33ae5cc9f511be30a3df98369054241fac05bd263b68a9129c,75d6bf3d8d4ade33ae5cc9f511be30a3df98369054241fac05bd263b68a9129c,456
0,2,0,2,1,0,0,0,0,0,1,0,5118,16000,48000,3.0,a24f39335ce9ae8b78876360840de5fb4eb370cd786285fd4a1a9470ef103c44,a24f39335ce9ae8b78876360840de5fb4eb370cd786285fd4a1a9470ef103c44,457
0,0,1,0,0,0,0,0,3,2,0,0,5135,16000,48000,3.0,9f31dfd7765e7a71f8665dec7804d90ea7b5d18e1b1a93db490a0010ef691dd1,9f31dfd7765e7a71f8665dec7804d90ea7b5d18e1b1a93db490a0010ef691dd1,458
1,1,0,0,0,0,0,0,2,1,1,0,5154,16000,48000,3.0,b208f82306082ab8150ec3ee7787bd3eb9bc4cea83a9113ec4620cba231bba84,b208f82306082ab8150ec3ee7787bd3eb9bc4cea83a9113ec4620cba231bba84,459
0,0,0,0,0,0,0,0,2,3,1,0,5163,16000,48000,3.0,2f19b04afd0383913904e890e96ac7004244952329f44680d91f95f04a75a2db,2f19b04afd0383913904e890e96ac7004244952329f44680d91f95f04a75a2db,460
0,1,0,0,0,0,0,0,2,2,0,0,5178,16000,48000,3.0,b2feae3683491cbda9f53de95a2d05b10035b59e6f45bedd60b7edaac96e7129,b2feae3683491cbda9f53de95a2d05b10035b59e6f45bedd60b7edaac96e7129,461
0,2,1,0,0,0,0,0,1,0,0,0,5183,16000,48000,3.0,83c455e06a49702e55396ce42cc047c5377c922957ab59018ac8fc25b25700f2,83c455e06a49702e55396ce42cc047c5377c922957ab59018ac8fc25b25700f2,462
1,0,1,0,1,2,2,0,1,2,0,0,5190,16000,48000,3.0,6fbb12e537b1cc03054d036274fba65c20f655ccfa2be4182e35c925003e2084,6fbb12e537b1cc03054d036274fba65c20f655ccfa2be4182e35c925003e2084,463
1,1,0,0,0,0,0,0,0,2,0,0,5195,16000,48000,3.0,f95d2f120fc9d13f5385ab411f60c535b1fbbfd7a12ecf6f2b055e88cb548414,f95d2f120fc9d13f5385ab411f60c535b1fbbfd7a12ecf6f2b055e88cb548414,464
0,1,0,0,0,0,0,0,0,2,0,0,5199,16000,48000,3.0,93843ab7050401e36d6bc78a6c117f32eb5d367c8d568d6e4f07c0059f0d7d8b,93843ab7050401e36d6bc78a6c117f32eb5d367c8d568d6e4f07c0059f0d7d8b,465
0,0,0,1,0,0,2,0,2,2,0,0,5203,16000,48000,3.0,18c2de268e93ffdeb9b00aabbe5e5bc1363e756f6c84d709305dc50c5d0bfdf3,18c2de268e93ffdeb9b00aabbe5e5bc1363e756f6c84d709305dc50c5d0bfdf3,466
0,0,1,0,0,0,0,0,0,2,0,0,5204,16000,48000,3.0,66ac870c909459025e8fa5a68a42b16609b52a1dfea3d25bbbff286ebfcf6103,66ac870c909459025e8fa5a68a42b16609b52a1dfea3d25bbbff286ebfcf6103,467
0,0,1,1,0,0,1,0,0,2,0,0,5215,16000,48000,3.0,d95e95592a70c7b7a93eddb5d5fe1fe2d225f851d2f353bdbc4c54e948899f49,d95e95592a70c7b7a93eddb5d5fe1fe2d225f851d2f353bdbc4c54e948899f49,468
1,1,3,0,0,0,0,0,0,0,0,0,5231,16000,48000,3.0,276d15acc24b59dbc6e4a54b1f9c99af70bff58cf0f5deb005941ffa071f2c80,276d15acc24b59dbc6e4a54b1f9c99af70bff58cf0f5deb005941ffa071f2c80,469
1,2,3,2,0,0,0,0,0,0,0,0,5240,16000,48000,3.0,43fdbbe853988e4e2de4f2d2e5918ab21cec5181e6d7c42e0628ca31971c001e,43fdbbe853988e4e2de4f2d2e5918ab21cec5181e6d7c42e0628ca31971c001e,470
0,0,1,0,2,0,0,0,1,2,1,0,5250,16000,48000,3.0,c8fe3a1a59f8a89207c5f332b2e5ffbd9d9a745ae3963422845b684e7054b8fb,c8fe3a1a59f8a89207c5f332b2e5ffbd9d9a745ae3963422845b684e7054b8fb,471
0,0,0,0,0,0,0,0,1,3,1,0,5255,16000,48000,3.0,f1fa60238697710c13cd89f5ad77260452f8689b26e68790610cf8abf7a25ed4,f1fa60238697710c13cd89f5ad77260452f8689b26e68790610cf8abf7a25ed4,472
0,0,0,1,1,0,0,0,0,2,0,0,5270,16000,48000,3.0,caca859126e17f8ec476939bc9a46c467d103c77744e34cab32b17b360f9eca1,caca859126e17f8ec476939bc9a46c467d103c77744e34cab32b17b360f9eca1,473
0,1,1,0,0,0,0,0,1,1,2,0,5280,16000,48000,3.0,e9519f604ce77cb9465f277c17df428129061e8d49a3aeb681eade03a7ea5a58,e9519f604ce77cb9465f277c17df428129061e8d49a3aeb681eade03a7ea5a58,474
0,1,0,1,1,0,0,0,0,1,1,0,5283,16000,48000,3.0,fdcdced11c7271b645014dae9ab2adee45fed29572a763f8050f2848c5f8eaf5,fdcdced11c7271b645014dae9ab2adee45fed29572a763f8050f2848c5f8eaf5,475
1,0,0,0,0,0,0,0,0,3,2,0,5306,16000,48000,3.0,8c6936d5d2bb63d8afca9b35dc3dd8d8b467a47fea3ee1389190e8bf1a658785,8c6936d5d2bb63d8afca9b35dc3dd8d8b467a47fea3ee1389190e8bf1a658785,476
0,1,2,0,0,0,0,0,1,0,0,0,5318,16000,48000,3.0,bcb9a8f5eaef39ed1a59bede9ebe702862a828b8ba3942204e9bccad4af5378a,bcb9a8f5eaef39ed1a59bede9ebe702862a828b8ba3942204e9bccad4af5378a,477
0,0,0,0,0,0,0,0,1,3,0,0,5326,16000,48000,3.0,db2e98f35bbceceeb6415396d09b30831b90fafe9833c3acdbc2498f69bd26e0,db2e98f35bbceceeb6415396d09b30831b90fafe9833c3acdbc2498f69bd26e0,478
0,0,0,0,0,0,0,0,0,3,0,0,5341,16000,48000,3.0,4db01e96654a7cbb47da20857e85fc44fcbb473c8105a2d6fd48868cc7894a5b,4db01e96654a7cbb47da20857e85fc44fcbb473c8105a2d6fd48868cc7894a5b,479
0,0,0,0,0,0,0,0,0,3,0,0,5348,16000,48000,3.0,0aa6d89215f444b94115c135d39bba5f8fcee2ae6b5819907504a2f32d542fe2,0aa6d89215f444b94115c135d39bba5f8fcee2ae6b5819907504a2f32d542fe2,480
0,0,0,0,0,0,0,0,0,3,0,0,5350,16000,48000,3.0,8aa97f0c10b23747870dc4a217dfee45e7f8911676b201ca6cbc8f55a626db14,8aa97f0c10b23747870dc4a217dfee45e7f8911676b201ca6cbc8f55a626db14,481
3,1,0,0,0,0,0,0,0,0,0,0,5371,16000,48000,3.0,017a9e0204975ad1934753c113724211c343f5937ec3479774ab8bcca600c329,017a9e0204975ad1934753c113724211c343f5937ec3479774ab8bcca600c329,482
0,0,0,2,1,0,0,0,0,1,0,0,5388,16000,48000,3.0,4180a8e5d460d1a3fed952f26c8c231733f46e55262c7111df12fd689de8fd3f,4180a8e5d460d1a3fed952f26c8c231733f46e55262c7111df12fd689de8fd3f,483
0,0,0,3,0,0,0,0,0,0,1,0,5398,16000,48000,3.0,a5bce98bbbbba8cbdd108b04d08fd3ab8a25b8265d8c20fed2cf35f30100319f,a5bce98bbbbba8cbdd108b04d08fd3ab8a25b8265d8c20fed2cf35f30100319f,484
3,2,0,0,0,0,0,0,0,0,0,0,5405,16000,48000,3.0,7541ab7d9c4d6c6836b0497c38b8d79d730085cb92501c62e41295233c5656d9,7541ab7d9c4d6c6836b0497c38b8d79d730085cb92501c62e41295233c5656d9,485
0,1,2,0,1,0,0,0,0,1,1,0,5412,16000,48000,3.0,688e23bb2730390df72bcfdc7497f9500e626122da23a2aed841dca746ffb516,688e23bb2730390df72bcfdc7497f9500e626122da23a2aed841dca746ffb516,486
0,1,0,0,1,0,0,0,0,2,0,0,5451,16000,48000,3.0,fcb25c6a3ea53777866c96973098eb6b1fad85ced18e785af8b6099684e74a4f,fcb25c6a3ea53777866c96973098eb6b1fad85ced18e785af8b6099684e74a4f,487
0,1,0,0,0,0,0,0,1,2,0,0,5464,16000,48000,3.0,5e209b9b18476c444d61f1de8c1f7c87a6d37436141fae6306a744f9d27d3c03,5e209b9b18476c444d61f1de8c1f7c87a6d37436141fae6306a744f9d27d3c03,488
1,0,0,0,0,0,0,0,0,3,1,0,5502,16000,48000,3.0,cfa2421f845274c2774298aa3113fd9646ad86183a783bbc63925c6a9f473616,cfa2421f845274c2774298aa3113fd9646ad86183a783bbc63925c6a9f473616,489
0,0,0,0,0,0,0,0,0,3,0,3,5503,16000,48000,3.0,7582ee60b629cc96b9d5a1255b02c91091a3d360ddb065dd5f461001b96130db,7582ee60b629cc96b9d5a1255b02c91091a3d360ddb065dd5f461001b96130db,490
1,0,1,0,2,0,0,0,0,1,1,0,5504,16000,48000,3.0,c840869f3e9f343358c4eb3b518021221b6316037c924ddb8dda7f99aa1c71bd,c840869f3e9f343358c4eb3b518021221b6316037c924ddb8dda7f99aa1c71bd,491
1,0,0,0,0,0,0,0,0,2,1,0,5512,16000,48000,3.0,8e335336dcd9b34e3a6eebeeb47dbc04acadec4a013fb16dc6f2ac841704018d,8e335336dcd9b34e3a6eebeeb47dbc04acadec4a013fb16dc6f2ac841704018d,492
0,0,0,0,0,0,0,0,0,3,1,0,5516,16000,48000,3.0,2893f60dc93d1e6d5d56eee9e59a2f7bf5310ff51e925b2a20ace1fe3e67e51d,2893f60dc93d1e6d5d56eee9e59a2f7bf5310ff51e925b2a20ace1fe3e67e51d,493
0,0,0,0,0,0,0,0,0,3,1,0,5525,16000,48000,3.0,ef6f913dc9506f47ad9b359110f75e99f37e1f30939f9e512b0f1e8ad7bb3e2c,ef6f913dc9506f47ad9b359110f75e99f37e1f30939f9e512b0f1e8ad7bb3e2c,494
1,0,0,0,0,0,0,0,0,2,0,0,5529,16000,48000,3.0,e389a606251d06e700bfd5624b4870d4d61c1b9310bac9980e2f8e10df3da352,e389a606251d06e700bfd5624b4870d4d61c1b9310bac9980e2f8e10df3da352,495
1,0,0,0,3,0,0,0,0,2,0,0,5532,16000,48000,3.0,3f2e84c2fb0837d31e6cce134942e9e6ef5d2423085469abe124885b600b7250,3f2e84c2fb0837d31e6cce134942e9e6ef5d2423085469abe124885b600b7250,496
0,0,0,0,0,0,0,0,0,3,1,1,5535,16000,48000,3.0,6278a89134d606a833be11d15a082da7b475698e0f924c3e47c8c46314344027,6278a89134d606a833be11d15a082da7b475698e0f924c3e47c8c46314344027,497
3,0,0,0,0,0,1,0,0,0,0,0,5542,16000,48000,3.0,5c5e415e86f52dada570c3f730ffa1701c4933c8b5417204c004a1d3c71a17dc,5c5e415e86f52dada570c3f730ffa1701c4933c8b5417204c004a1d3c71a17dc,498
0,0,0,0,0,0,1,0,0,3,1,0,5548,16000,48000,3.0,2e97224f077044a216e61a11cbf8cb6263ddc7a61e4b7b5da12b25d4468dae6f,2e97224f077044a216e61a11cbf8cb6263ddc7a61e4b7b5da12b25d4468dae6f,499
0,0,0,0,3,0,0,0,0,3,1,0,5558,16000,48000,3.0,6b69792fd43d92bee654a5e247fca185e521a9ae963d298128de35e1b6671a41,6b69792fd43d92bee654a5e247fca185e521a9ae963d298128de35e1b6671a41,500
0,0,0,0,0,0,0,0,0,3,2,2,5582,16000,48000,3.0,d5cb8443cf2ffc09bd5d66fa5ada62fd15a7bd7fa530e0deec47c37df32a3b5c,d5cb8443cf2ffc09bd5d66fa5ada62fd15a7bd7fa530e0deec47c37df32a3b5c,501
0,0,0,0,0,0,0,0,0,3,1,1,5583,16000,43719,2.7324375,12b64095eb3dd43bd250fd5987e9c03a9084340487795a9ee6d96c2cd6c0f57b,12b64095eb3dd43bd250fd5987e9c03a9084340487795a9ee6d96c2cd6c0f57b,502
0,0,0,0,0,0,0,0,0,3,1,0,5585,16000,48000,3.0,06de70ebaeab42cf0ae9e58f7feee30cc242004f470e329c75ececf094e8d886,06de70ebaeab42cf0ae9e58f7feee30cc242004f470e329c75ececf094e8d886,503
0,2,0,0,0,0,0,0,0,1,0,0,5598,16000,48000,3.0,cd2887417fef383a679453b0bbbc82df534172a43120bbb6465bfdf93994de82,cd2887417fef383a679453b0bbbc82df534172a43120bbb6465bfdf93994de82,504
0,0,0,0,0,0,0,0,0,3,2,0,5605,16000,48000,3.0,3b2ff57f09a1f2282b3eff565bd997a4818bc4a68fee8dd78122c663d555630f,3b2ff57f09a1f2282b3eff565bd997a4818bc4a68fee8dd78122c663d555630f,505
0,0,0,2,0,0,0,0,1,1,0,0,5622,16000,48000,3.0,ef0a2128f622f19713bae5df62760faffa0a0c13052cf4513a7080eb0f2aeac3,ef0a2128f622f19713bae5df62760faffa0a0c13052cf4513a7080eb0f2aeac3,506
1,0,0,0,1,0,0,0,1,2,1,0,5627,16000,48000,3.0,08cd6f48f729210815bb4308743cf7c940287dc09d45daaa0f307b658b532503,08cd6f48f729210815bb4308743cf7c940287dc09d45daaa0f307b658b532503,507
3,0,0,0,2,0,0,0,0,0,2,0,5650,16000,48000,3.0,e44e15fc2d8be3ce389dca24b3c467229aa2938830ba18eaaf3403d055878ede,e44e15fc2d8be3ce389dca24b3c467229aa2938830ba18eaaf3403d055878ede,508
1,0,0,2,3,0,0,0,0,1,0,0,5673,16000,48000,3.0,dc85ccb826f27af0ea1b451c7425abdcc7d7732eb6af38e04cadbc9ad5e485c6,dc85ccb826f27af0ea1b451c7425abdcc7d7732eb6af38e04cadbc9ad5e485c6,509
0,0,0,0,3,0,0,0,0,3,1,0,5685,16000,48000,3.0,34fd92ebd86faa4e2b2274be5e24cb8c68e574fa4101fe0a7b057bd903e0abdc,34fd92ebd86faa4e2b2274be5e24cb8c68e574fa4101fe0a7b057bd903e0abdc,510
1,1,0,0,1,0,0,0,0,2,1,0,5700,16000,48000,3.0,bdf534a00f4698c0083da164dd41bbc36c1db3a22e99c121d640d07cf006e391,bdf534a00f4698c0083da164dd41bbc36c1db3a22e99c121d640d07cf006e391,511
1,1,0,0,2,0,1,0,2,1,1,0,5740,16000,48000,3.0,f03412d7a8090e026b99f185afdf092619d5925fb292a5d385547c8673124635,f03412d7a8090e026b99f185afdf092619d5925fb292a5d385547c8673124635,512
0,1,0,3,3,0,0,0,1,0,2,0,5755,16000,48000,3.0,a1f3e532de7815bbc38c5a5e27ccaf9cfbed560688818cb0964d1c457605c4b4,a1f3e532de7815bbc38c5a5e27ccaf9cfbed560688818cb0964d1c457605c4b4,513
0,0,0,3,2,0,0,0,0,0,1,0,5758,16000,48000,3.0,4f458c7262f9db65fea7ccad70558c69d99e1c156e665745a587f01ea7cfb06f,4f458c7262f9db65fea7ccad70558c69d99e1c156e665745a587f01ea7cfb06f,514
1,0,0,0,2,0,0,0,0,2,0,0,5760,16000,48000,3.0,bbb6af3fb739dc95af76a7d4468611ae74fca2ae620ca731d5fa9bd8a85d6947,bbb6af3fb739dc95af76a7d4468611ae74fca2ae620ca731d5fa9bd8a85d6947,515
0,0,0,0,0,0,0,0,0,3,1,0,5771,16000,48000,3.0,c9282f8b60f9f4cb92e7b716855b3fe62e8d1f904be94e73ceca2c78942b69c7,c9282f8b60f9f4cb92e7b716855b3fe62e8d1f904be94e73ceca2c78942b69c7,516
0,0,0,0,0,0,0,0,0,3,0,0,5795,16000,48000,3.0,82d5fafd8ad9045aea0cfdd99b3b01d31b9bbfe3e62ef4aa262236bc165d9f6f,82d5fafd8ad9045aea0cfdd99b3b01d31b9bbfe3e62ef4aa262236bc165d9f6f,517
1,0,1,0,0,0,0,0,0,1,0,0,5797,16000,48000,3.0,ddec4d3f9f3f70f9f5acf65bc456ea1d58c326356d273a1443ddc5fbdc3b0d1e,ddec4d3f9f3f70f9f5acf65bc456ea1d58c326356d273a1443ddc5fbdc3b0d1e,518
1,1,0,0,0,0,0,0,0,1,2,0,5815,16000,48000,3.0,344fe9d365a927354e84892f199e64977908af02c40328785106c26dcfdcec73,344fe9d365a927354e84892f199e64977908af02c40328785106c26dcfdcec73,519
0,0,0,0,0,0,1,0,0,3,1,0,5836,16000,48000,3.0,48fcfb96b01d5059f4f33dbd06ac2e33e1dc496d0abe956e52016fa342c9112a,48fcfb96b01d5059f4f33dbd06ac2e33e1dc496d0abe956e52016fa342c9112a,520
0,0,0,0,0,0,0,0,0,3,1,0,5849,16000,48000,3.0,c397b1bddfb0bfec0685269da3b0b9b118a3a76c47421f21772c1ce93e134eba,c397b1bddfb0bfec0685269da3b0b9b118a3a76c47421f21772c1ce93e134eba,521
0,0,0,3,0,0,0,0,0,0,0,0,5868,16000,48000,3.0,63ed8b4b10dab7bd14353f4cdeec86ffc1bb788021f64741931e0445f21a12c4,63ed8b4b10dab7bd14353f4cdeec86ffc1bb788021f64741931e0445f21a12c4,522
1,0,0,0,1,0,0,0,0,2,1,0,5871,16000,48000,3.0,27e670c9e6c823657ff7964e700d72afa591dfe0836e3993441f509661cfc8ba,27e670c9e6c823657ff7964e700d72afa591dfe0836e3993441f509661cfc8ba,523
0,0,0,0,1,0,0,0,0,3,1,0,5877,16000,48000,3.0,252db3574c3d7c88ac6021aa6748a505f7cecf68c0f4de5b77654a13bab62e52,252db3574c3d7c88ac6021aa6748a505f7cecf68c0f4de5b77654a13bab62e52,524
1,0,0,0,0,0,0,0,0,2,2,0,5884,16000,48000,3.0,9f5c12c393f4a225549dc0c65d0b7b10e5eae367c146853a7b3ff84aff1ef20a,9f5c12c393f4a225549dc0c65d0b7b10e5eae367c146853a7b3ff84aff1ef20a,525
0,0,0,1,0,0,0,0,0,2,1,0,5898,16000,48000,3.0,3061e856ca32a122fd59af788a8c02234f8234a287c71744ccf95b3ff0397391,3061e856ca32a122fd59af788a8c02234f8234a287c71744ccf95b3ff0397391,526
1,0,0,0,0,0,0,0,0,2,0,0,5912,16000,48000,3.0,369115ab1fcbb60e7903fd7d5ba04f14be2e774dcc99cdee17ad9954c6126e4f,369115ab1fcbb60e7903fd7d5ba04f14be2e774dcc99cdee17ad9954c6126e4f,527
0,0,0,0,0,0,0,0,0,3,1,0,5918,16000,48000,3.0,fc25daa681d9ac59d07e4a1b346a634bebda8a03fc953b5734531df185586a2a,fc25daa681d9ac59d07e4a1b346a634bebda8a03fc953b5734531df185586a2a,528
0,1,0,0,0,0,0,0,0,2,0,0,5934,16000,48000,3.0,bc173c84c16f1fb7ada422108618f160cdb117bae5a738fb90f743c8a786e260,bc173c84c16f1fb7ada422108618f160cdb117bae5a738fb90f743c8a786e260,529
0,1,0,0,0,0,0,0,0,2,2,0,5972,16000,48000,3.0,9e137fdf89c10f537270caa607dcf61a3f4372979fa2d41d40410ac5b0345f4f,9e137fdf89c10f537270caa607dcf61a3f4372979fa2d41d40410ac5b0345f4f,530
1,0,0,0,0,0,0,0,0,2,2,0,5973,16000,48000,3.0,659040f0843a9a0e1a7812e0a7f7c19887706e7c5c6970b54aef74c3c4374c97,659040f0843a9a0e1a7812e0a7f7c19887706e7c5c6970b54aef74c3c4374c97,531
0,0,0,2,0,0,0,0,0,1,0,0,5974,16000,48000,3.0,4915549f15db114f9de6324b5c76fd44b7aa2869bf9c4c720a5485041747045f,4915549f15db114f9de6324b5c76fd44b7aa2869bf9c4c720a5485041747045f,532
0,1,0,0,0,0,0,0,0,2,0,0,6000,16000,48000,3.0,d842203e9a78b8d7b749ddc8ef15192483d63b8537a7308a731706bba85c7d69,d842203e9a78b8d7b749ddc8ef15192483d63b8537a7308a731706bba85c7d69,533
0,0,0,0,2,0,0,0,0,3,0,0,6014,16000,48000,3.0,a27f6bd184d513e8dacd1d7f226f3ecd967a175cf0fd86df9bc05c50351bab4e,a27f6bd184d513e8dacd1d7f226f3ecd967a175cf0fd86df9bc05c50351bab4e,534
0,0,0,0,0,0,0,0,0,3,1,0,6015,16000,48000,3.0,b7cde40a4e51a775aa8409a74a4b202ff584c2547b136cb53d626ecc953a1c58,b7cde40a4e51a775aa8409a74a4b202ff584c2547b136cb53d626ecc953a1c58,535
0,1,0,0,0,0,0,0,0,2,1,0,6018,16000,48000,3.0,736245ffb74a8afec7144386e823522dd636fb85b8b1a752f8692730ae077211,736245ffb74a8afec7144386e823522dd636fb85b8b1a752f8692730ae077211,536
0,0,0,3,0,0,0,0,0,0,1,0,6021,16000,48000,3.0,989e7650f60d3eebe310a0bc0735e73055cbe16a0cfcf269fd7e4032509f3fb2,989e7650f60d3eebe310a0bc0735e73055cbe16a0cfcf269fd7e4032509f3fb2,537
0,0,0,0,0,0,0,0,0,3,0,0,6033,16000,48000,3.0,9776b9b2951d6cc2b8bc781cb13eede965dd18033b3d3e220fafef7444b5046e,9776b9b2951d6cc2b8bc781cb13eede965dd18033b3d3e220fafef7444b5046e,538
0,1,1,1,1,0,0,0,0,1,0,0,6043,16000,48000,3.0,bef4b82cae15d126115773b9c4d70d43866a5f3ccd2be5dcba430cb12f46fbc6,bef4b82cae15d126115773b9c4d70d43866a5f3ccd2be5dcba430cb12f46fbc6,539
1,2,0,0,0,0,0,0,0,0,1,0,6045,16000,48000,3.0,30995a604b1ea5b8d72a70ee02067d4c379c84a67178c6d950f88abc28edc8dc,30995a604b1ea5b8d72a70ee02067d4c379c84a67178c6d950f88abc28edc8dc,540
3,1,1,0,3,0,0,0,1,1,0,0,6047,16000,48000,3.0,a605817e6c85f036d0778394c5a835891c7ecd8cb464edebf7c7e1523f409f83,a605817e6c85f036d0778394c5a835891c7ecd8cb464edebf7c7e1523f409f83,541
0,1,1,0,0,0,0,0,0,1,0,0,6058,16000,48000,3.0,c9be14f8924c96dd1ffb48b2006b1a2dbf70d848beee7a29161e0a4ded856bb4,c9be14f8924c96dd1ffb48b2006b1a2dbf70d848beee7a29161e0a4ded856bb4,542
0,1,0,1,0,1,0,0,0,1,1,0,6074,16000,48000,3.0,f2990a848dea33b0fc671996327a48925d4954640fce15225583705a127d1f02,f2990a848dea33b0fc671996327a48925d4954640fce15225583705a127d1f02,543
3,1,0,0,0,0,0,1,0,0,1,0,6086,16000,48000,3.0,68dc6a0ef46c114031415e107bc2b6eec601d7e618a1dba8cbf895ed4c686517,68dc6a0ef46c114031415e107bc2b6eec601d7e618a1dba8cbf895ed4c686517,544
0,0,0,0,0,0,0,0,0,3,2,0,6103,16000,48000,3.0,f2225c50340c9576e1be64d2ed3652f60da765a936acd6e910af471c7e721fa3,f2225c50340c9576e1be64d2ed3652f60da765a936acd6e910af471c7e721fa3,545
2,0,0,0,3,0,0,1,0,2,2,0,6116,16000,48000,3.0,234d19318992080fb00dd5731bdc803a71e7064bbe6f5e0ebcced9a4be7d2383,234d19318992080fb00dd5731bdc803a71e7064bbe6f5e0ebcced9a4be7d2383,546
0,0,0,0,0,0,0,0,0,3,1,0,6119,16000,48000,3.0,0af371db20c7292d62d3e8b83459e4c0ffc3a080baa3d0fc5d8bb59946185086,0af371db20c7292d62d3e8b83459e4c0ffc3a080baa3d0fc5d8bb59946185086,547
0,0,0,0,0,0,0,0,0,3,2,0,6123,16000,48000,3.0,5e949d295e0ee1c6e53bda7de51e83071bb3c37db63ccba5ff4558de80d1777a,5e949d295e0ee1c6e53bda7de51e83071bb3c37db63ccba5ff4558de80d1777a,548
0,1,0,0,0,0,0,0,0,2,1,0,6145,16000,48000,3.0,065824d73513e46f6d757347b229c9bb8a3cabef069bfb93e0449f7851c9254f,065824d73513e46f6d757347b229c9bb8a3cabef069bfb93e0449f7851c9254f,549
0,0,1,0,2,1,0,0,0,3,0,0,6155,16000,48000,3.0,4c5d460aa10dadf7b4a5807168a35f3d07c4289a86b09df79cdb8180a294533c,4c5d460aa10dadf7b4a5807168a35f3d07c4289a86b09df79cdb8180a294533c,550
2,0,0,0,0,0,0,0,0,1,0,0,6171,16000,48000,3.0,16e85aa340a0dd952da92c825a78be3a27fbb197d03e4103e00a2188c09a5a1e,16e85aa340a0dd952da92c825a78be3a27fbb197d03e4103e00a2188c09a5a1e,551
0,1,0,0,0,0,0,0,0,2,2,0,6176,16000,48000,3.0,2b175c5c65013c1b3c97415eb0c761bacbd6099b97c7da73c118b1bc768259b6,2b175c5c65013c1b3c97415eb0c761bacbd6099b97c7da73c118b1bc768259b6,552
0,1,0,0,0,0,0,0,0,2,0,0,6182,16000,48000,3.0,bcebe4cbc7aa75cc6fab3682cd56dc8e403b47183471e29601cac8a1fea54e4f,bcebe4cbc7aa75cc6fab3682cd56dc8e403b47183471e29601cac8a1fea54e4f,553
0,1,0,0,0,0,0,0,0,2,2,0,6188,16000,48000,3.0,a129fe9970c2b4c3d930c7c2f5b25ec833904b3e8766e648ac58c7834fe45e46,a129fe9970c2b4c3d930c7c2f5b25ec833904b3e8766e648ac58c7834fe45e46,554
0,0,0,0,0,0,0,0,0,3,1,0,6199,16000,48000,3.0,71d013f37e9f4c21a28d5171eba4586590181ffe83268833877fde3cc0b28082,71d013f37e9f4c21a28d5171eba4586590181ffe83268833877fde3cc0b28082,555
0,1,0,0,0,0,0,0,0,2,0,0,6220,16000,48000,3.0,9e1038c34b84950cd3a4ac752d496496e7d07e814b3c14ffcd35b9d2b7f64b62,9e1038c34b84950cd3a4ac752d496496e7d07e814b3c14ffcd35b9d2b7f64b62,556
0,0,0,0,1,0,0,0,0,3,1,0,6225,16000,48000,3.0,cb28b8abab162fed488ff5a4bc8b8cfa4891ece702780e27fe1bba6751b277d7,cb28b8abab162fed488ff5a4bc8b8cfa4891ece702780e27fe1bba6751b277d7,557
0,0,1,0,0,0,0,0,0,2,1,0,6230,16000,48000,3.0,cfe3052dcdd89116e8928f349489dc55be290cf68b2f0cdb5cbce5b345d03cfe,cfe3052dcdd89116e8928f349489dc55be290cf68b2f0cdb5cbce5b345d03cfe,558
0,0,0,0,0,0,1,0,0,3,0,0,6233,16000,48000,3.0,bbabf0b021db833759c11e8ab5408716a50e523a8a4e7d059656494778d03aed,bbabf0b021db833759c11e8ab5408716a50e523a8a4e7d059656494778d03aed,559
0,0,0,0,1,0,0,0,0,3,1,0,6243,16000,48000,3.0,a0496b055aeef327487c7c9ad67b8f83f44c44f4dc286eeb662c3f5fec8a1e0e,a0496b055aeef327487c7c9ad67b8f83f44c44f4dc286eeb662c3f5fec8a1e0e,560
0,0,0,0,3,0,0,0,0,3,1,0,6257,16000,48000,3.0,13f119babde24edc0c74c105629d3d7bbe0fe1ef3a199b6f1bef5238b4c1cf62,13f119babde24edc0c74c105629d3d7bbe0fe1ef3a199b6f1bef5238b4c1cf62,561
0,0,0,0,3,0,0,0,0,3,0,0,6259,16000,48000,3.0,e264f0c175ba4295b4d722b6eb6e5a3e3a057a0f2e291fb53a390cec9f00e348,e264f0c175ba4295b4d722b6eb6e5a3e3a057a0f2e291fb53a390cec9f00e348,562
0,0,0,0,0,0,0,0,1,3,1,0,6260,16000,48000,3.0,6891dd3d7d255a921e91eb2309183d62e80f281d5a320cbcd91fd63ff3a32a60,6891dd3d7d255a921e91eb2309183d62e80f281d5a320cbcd91fd63ff3a32a60,563
0,0,0,0,2,0,0,0,0,3,0,0,6261,16000,48000,3.0,d9b8882496377f86f576de49638c6d3fc403b86b0b61aee5a6c4182398bf571f,d9b8882496377f86f576de49638c6d3fc403b86b0b61aee5a6c4182398bf571f,564
1,0,0,0,0,0,0,0,0,2,0,0,6268,16000,48000,3.0,dbf19b9419ee98d87dde1b95dbde5e93c7cde5530c4910f113a241b406884922,dbf19b9419ee98d87dde1b95dbde5e93c7cde5530c4910f113a241b406884922,565
0,2,1,1,0,0,0,0,0,0,0,0,6273,16000,48000,3.0,3c024bc3b72dc104570c15fbd8af200106c460fc7bcddcf75fdf59e0bfe3d348,3c024bc3b72dc104570c15fbd8af200106c460fc7bcddcf75fdf59e0bfe3d348,566
0,0,0,1,2,0,0,0,0,2,0,0,6282,16000,48000,3.0,6e6fbba1981f96b8a91a66d6e1e999b0c72dd0089bbb3221ff92913a85f6faa9,6e6fbba1981f96b8a91a66d6e1e999b0c72dd0089bbb3221ff92913a85f6faa9,567
0,0,0,0,0,0,0,0,0,3,0,0,6289,16000,48000,3.0,8268491949fb1e1dc5880972aec368359fecab641417ae1049fe54e7a4618fe7,8268491949fb1e1dc5880972aec368359fecab641417ae1049fe54e7a4618fe7,568
0,0,0,0,0,0,0,0,0,3,2,0,6290,16000,48000,3.0,463dfb9a93a1396ef5eccc4943957a97168f88c29af7f79f803dafbc87dc03c0,463dfb9a93a1396ef5eccc4943957a97168f88c29af7f79f803dafbc87dc03c0,569
0,1,0,0,0,0,0,0,0,2,0,0,6299,16000,48000,3.0,25c65de1930acf37de2122f3f419218e31e76e33e01f75985c33b2940428d82a,25c65de1930acf37de2122f3f419218e31e76e33e01f75985c33b2940428d82a,570
0,1,0,0,0,0,0,0,0,2,0,0,6330,16000,48000,3.0,13926a8db0e175e2d46aba7006cfc4165f6c50ec039a437a955c291f3ed6674b,13926a8db0e175e2d46aba7006cfc4165f6c50ec039a437a955c291f3ed6674b,571
1,1,0,0,0,0,0,0,0,1,1,0,6346,16000,48000,3.0,0dc3849a75f3ba621af910141328ef4dfd63b861edce3ccea19d0dc2baf2f880,0dc3849a75f3ba621af910141328ef4dfd63b861edce3ccea19d0dc2baf2f880,572
0,0,0,0,0,0,0,0,0,3,0,0,6347,16000,48000,3.0,690c1c16ff5482d19ef3d8566c05e4cf9588e2dac5c3d73edc6509bd3335125b,690c1c16ff5482d19ef3d8566c05e4cf9588e2dac5c3d73edc6509bd3335125b,573
0,0,0,3,0,0,0,0,0,0,0,0,6371,16000,48000,3.0,939a6d64ed04778bd5ec62a1b0a52800de0fb127e4ea84293e09ee4c4bf5ebe4,939a6d64ed04778bd5ec62a1b0a52800de0fb127e4ea84293e09ee4c4bf5ebe4,574
1,0,0,0,0,0,0,0,0,2,1,0,6378,16000,48000,3.0,85bccd28fb419cf90365557b5d62d0c074d882174d2b3a365509f68df532901c,85bccd28fb419cf90365557b5d62d0c074d882174d2b3a365509f68df532901c,575
0,2,0,0,0,1,2,0,2,0,0,0,6398,16000,48000,3.0,e902c7822ad39ba629ee2b4d6687b3aacbcc995fd29ce98fe55ec6c524d5c27d,e902c7822ad39ba629ee2b4d6687b3aacbcc995fd29ce98fe55ec6c524d5c27d,576
0,2,1,0,0,0,0,0,0,1,2,0,6404,16000,48000,3.0,286296564d72dd1ba8a33ee4c9f742fcd622704107fdcd082b2df21bdf205b54,286296564d72dd1ba8a33ee4c9f742fcd622704107fdcd082b2df21bdf205b54,577
0,2,0,0,0,0,0,0,0,1,0,0,6431,16000,48000,3.0,96342ceab97e8690fc14ee78f77d7a72609a1efa9c213e63d773adad288f7d54,96342ceab97e8690fc14ee78f77d7a72609a1efa9c213e63d773adad288f7d54,578
0,1,0,0,2,0,0,0,0,2,1,0,6457,16000,48000,3.0,78baf90951c907b2e730be433968529889c8a8806349d196c5cf9f9b22b012a8,78baf90951c907b2e730be433968529889c8a8806349d196c5cf9f9b22b012a8,579
0,0,0,0,1,0,0,0,1,3,1,0,6458,16000,48000,3.0,38265976ddc464e572ea36ffe02ae22a04649eeed827abe43dbfbcda9e7e2234,38265976ddc464e572ea36ffe02ae22a04649eeed827abe43dbfbcda9e7e2234,580
0,0,0,0,1,0,0,0,0,3,2,0,6473,16000,48000,3.0,45d5c6c9d295b81ce3f85f52816cfb52fd8e1d81135d9793a923d9f4844ab84a,45d5c6c9d295b81ce3f85f52816cfb52fd8e1d81135d9793a923d9f4844ab84a,581
0,0,0,0,0,0,0,0,0,3,2,0,6491,16000,48000,3.0,d1eddf861790838719106782d23e26d7310458f4c1e59826d3b277d9a9cebed4,d1eddf861790838719106782d23e26d7310458f4c1e59826d3b277d9a9cebed4,582
0,0,0,0,3,0,0,0,0,3,1,0,6494,16000,48000,3.0,3b1793268b4a3baf54d068c84da0b5868b2b5041514d9d7f872145014cce9b07,3b1793268b4a3baf54d068c84da0b5868b2b5041514d9d7f872145014cce9b07,583
0,0,0,0,1,0,0,0,0,3,1,0,6498,16000,48000,3.0,4c12e23b9ae44e9e7639e5018ccf1fd0bda07abf76370ede0ddd006e6ef824a4,4c12e23b9ae44e9e7639e5018ccf1fd0bda07abf76370ede0ddd006e6ef824a4,584
0,1,0,0,1,0,2,0,1,2,1,0,6510,16000,48000,3.0,8873fd889ed472d2da45d0d3d99d4bc14a424fc5246ac64a34a690f43eec9a1c,8873fd889ed472d2da45d0d3d99d4bc14a424fc5246ac64a34a690f43eec9a1c,585
0,0,0,0,1,1,1,0,2,3,3,0,6517,16000,48000,3.0,d8a974704e63083220974ed3409d0956a0f623188326211b392fdfa255606bea,d8a974704e63083220974ed3409d0956a0f623188326211b392fdfa255606bea,586
0,0,0,3,0,0,0,0,0,0,0,0,6526,16000,48000,3.0,4fdb5de51de2da75b004bcb8134274a838106c7e4764fd64391aa33138bda736,4fdb5de51de2da75b004bcb8134274a838106c7e4764fd64391aa33138bda736,587
0,0,0,0,1,0,0,0,0,3,1,0,6530,16000,48000,3.0,519ee94cf6791bd5a174ed230e13352219f393cb3b514bf1491a760ebfb0e985,519ee94cf6791bd5a174ed230e13352219f393cb3b514bf1491a760ebfb0e985,588
1,1,0,1,3,0,0,0,1,0,1,0,6531,16000,48000,3.0,3b74ec682c4a02d0b3e22577f1db4f693f7800fed588afc1d609dff961b6a7b6,3b74ec682c4a02d0b3e22577f1db4f693f7800fed588afc1d609dff961b6a7b6,589
0,0,0,0,0,0,0,0,0,3,1,0,6556,16000,48000,3.0,6e1918e76246c984b681b3ea790f58f7f7a361f8f3855bae718cc4e6c1e5b113,6e1918e76246c984b681b3ea790f58f7f7a361f8f3855bae718cc4e6c1e5b113,590
3,0,0,0,0,0,0,0,0,0,0,0,6580,16000,48000,3.0,e3c74893964f4171fd1dbc3666c8ab2daaf46ffd5d14b4358836432c785a5b0e,e3c74893964f4171fd1dbc3666c8ab2daaf46ffd5d14b4358836432c785a5b0e,591
0,0,0,0,0,0,0,0,0,3,0,0,6633,16000,48000,3.0,2b647f386f41fd6c758ba75388ed5fc38cb0980e0563c0705b3befc38ac8951d,2b647f386f41fd6c758ba75388ed5fc38cb0980e0563c0705b3befc38ac8951d,592
1,2,2,0,0,0,0,0,0,0,0,0,6641,16000,48000,3.0,888312e9d04045874f41c3ddb664f973e90daec8f787a09a5d95ef1f038f2433,888312e9d04045874f41c3ddb664f973e90daec8f787a09a5d95ef1f038f2433,593
0,0,0,0,0,0,0,0,0,3,0,0,6644,16000,48000,3.0,e9d6de400edd60d0c0b621548dd951b3c16f8f27bde9a1f9caa89b59662f6d25,e9d6de400edd60d0c0b621548dd951b3c16f8f27bde9a1f9caa89b59662f6d25,594
0,1,0,0,0,0,0,0,0,2,0,0,6649,16000,48000,3.0,a3152ea926f2d55a53b6d1ffe57ac0d87271543f432a77968d179f97309ae77d,a3152ea926f2d55a53b6d1ffe57ac0d87271543f432a77968d179f97309ae77d,595
1,1,0,0,0,0,0,0,0,1,0,0,6655,16000,48000,3.0,344fca19a6d665f36d6bdcbd9c4edd65f0b5168539e15559c2612b6f9b26e634,344fca19a6d665f36d6bdcbd9c4edd65f0b5168539e15559c2612b6f9b26e634,596
0,2,0,0,0,0,0,0,0,1,0,0,6679,16000,48000,3.0,b3bc7ee36b143f550f17c981b9a487616b1417e58975f9617024ef13f5b9e583,b3bc7ee36b143f550f17c981b9a487616b1417e58975f9617024ef13f5b9e583,597
0,1,0,0,0,0,0,0,0,2,1,0,6687,16000,48000,3.0,710d7eeec20aafac2af01e4f22179adb18a6f6b044bf2b800629eb62672a2577,710d7eeec20aafac2af01e4f22179adb18a6f6b044bf2b800629eb62672a2577,598
0,0,0,0,0,0,0,0,0,3,1,0,6726,16000,48000,3.0,666002fc762aaa77c8c607f4b15f0674b935a223abf3c6500c65aeba71021ff0,666002fc762aaa77c8c607f4b15f0674b935a223abf3c6500c65aeba71021ff0,599
1,0,0,0,0,0,0,0,0,2,1,0,6747,16000,48000,3.0,6804d111a3f38b3ec7806c8ee52860ccfa17724213cff4fdf42684213de7d814,6804d111a3f38b3ec7806c8ee52860ccfa17724213cff4fdf42684213de7d814,600
1,1,0,0,0,0,0,0,0,1,0,0,6754,16000,48000,3.0,1c732870c0e41fda6e9ceeed3a5a42a00b6fc5c2e7018380de50bfbf6c04168e,1c732870c0e41fda6e9ceeed3a5a42a00b6fc5c2e7018380de50bfbf6c04168e,601
1,0,0,0,0,0,0,0,0,2,1,0,6831,16000,48000,3.0,368174ff12dc803f5f431c4c3d070e39b0bbe665380516c8260454cc0adb4221,368174ff12dc803f5f431c4c3d070e39b0bbe665380516c8260454cc0adb4221,602
0,0,0,0,0,0,0,0,0,3,2,0,6841,16000,48000,3.0,b897f6bac0e4e5f2e31a7ed785c8213ab33ad3be3849a4caecfb7bb591f58f68,b897f6bac0e4e5f2e31a7ed785c8213ab33ad3be3849a4caecfb7bb591f58f68,603
1,0,0,0,0,0,0,0,1,2,1,0,6858,16000,48000,3.0,dc0c55f7b097ae562b85f8f9556ee81f6855b8aa24859c5fa28da053835ec6e0,dc0c55f7b097ae562b85f8f9556ee81f6855b8aa24859c5fa28da053835ec6e0,604
2,0,0,0,0,0,0,0,0,1,0,0,6883,16000,48000,3.0,259a79a8782c0a43c8e8f1f064c663526a2f8ae8b7b785e1b3110056e5396704,259a79a8782c0a43c8e8f1f064c663526a2f8ae8b7b785e1b3110056e5396704,605
0,0,0,0,0,0,0,0,0,3,3,0,6892,16000,48000,3.0,8d99cc8c0f97164cf35440ed9a3f1a4381a696bc2dee53e98556060f655c0a7b,8d99cc8c0f97164cf35440ed9a3f1a4381a696bc2dee53e98556060f655c0a7b,606
1,0,0,0,0,0,0,0,0,2,1,0,6912,16000,48000,3.0,05840b35cedcdf37ca9f28e2cfbae71f1c9d01c949fe1375e68db2eb953c44e5,05840b35cedcdf37ca9f28e2cfbae71f1c9d01c949fe1375e68db2eb953c44e5,607
1,1,0,0,1,0,0,0,0,1,0,0,6915,16000,48000,3.0,086ae1ad2905f9b938d714fe525805eae4b3656bc5394029208cc3c206370de3,086ae1ad2905f9b938d714fe525805eae4b3656bc5394029208cc3c206370de3,608
0,0,1,0,0,1,0,0,1,2,0,0,6916,16000,48000,3.0,ac26c3e82eb82550753b9a9d8959dbba08d787ece07379d6193b33d6c36d63c8,ac26c3e82eb82550753b9a9d8959dbba08d787ece07379d6193b33d6c36d63c8,609
0,0,1,0,0,0,0,2,0,2,0,0,6917,16000,48000,3.0,5359f5d81c8d5cf97e0691e6d88b0edb8a3c5d6a92caf0894b9c23c1f1bc257a,5359f5d81c8d5cf97e0691e6d88b0edb8a3c5d6a92caf0894b9c23c1f1bc257a,610
0,1,0,0,0,0,0,0,0,2,1,0,6930,16000,48000,3.0,06f26eb3489ca47b99c503847b0ef77e07c24a3f47cb93bc74b85885a34c934e,06f26eb3489ca47b99c503847b0ef77e07c24a3f47cb93bc74b85885a34c934e,611
1,1,0,0,0,0,0,0,0,2,2,0,6944,16000,48000,3.0,d27a3a1b71f11a07e2c33ed4ef3619e3ea92cb1696bda89f873a62a07068b812,d27a3a1b71f11a07e2c33ed4ef3619e3ea92cb1696bda89f873a62a07068b812,612
0,0,0,0,0,0,0,0,0,3,0,0,6948,16000,48000,3.0,da933a142f70ff410ade3cdac11608bc1e2d733ab3dd534e60c8f309e8a43a35,da933a142f70ff410ade3cdac11608bc1e2d733ab3dd534e60c8f309e8a43a35,613
2,1,1,0,0,0,0,0,0,0,0,0,6953,16000,48000,3.0,b54d6cb82d97a3fb7c027cd03881d50cc4f69ee63c37c45c775901c7e43d4637,b54d6cb82d97a3fb7c027cd03881d50cc4f69ee63c37c45c775901c7e43d4637,614
0,1,0,0,0,0,0,0,0,2,0,0,6968,16000,48000,3.0,87f81acdbb94c1c9915eef72c4385869051b495cc08387aa155b6af1ff36c25d,87f81acdbb94c1c9915eef72c4385869051b495cc08387aa155b6af1ff36c25d,615
0,0,0,0,0,0,0,0,0,3,1,0,6982,16000,48000,3.0,fc7069c9c6fe22fdd0a457616acd2d8f1dd3ccb1ccfd586a15b6aa06fe3dc968,fc7069c9c6fe22fdd0a457616acd2d8f1dd3ccb1ccfd586a15b6aa06fe3dc968,616
0,1,1,0,2,0,0,0,0,1,1,0,7009,16000,48000,3.0,c3a8e05270f31977ebf2dc543974a85db90bfb62e33cf04d4f6ce4dcd063c54c,c3a8e05270f31977ebf2dc543974a85db90bfb62e33cf04d4f6ce4dcd063c54c,617
0,0,0,0,3,0,0,0,0,3,1,0,7016,16000,48000,3.0,2067e27bacfe6d05f0e9677d3e66df23fbb019546e7bec5bfd5b534a2d938bed,2067e27bacfe6d05f0e9677d3e66df23fbb019546e7bec5bfd5b534a2d938bed,618
1,2,0,0,0,0,0,0,0,0,2,0,7025,16000,48000,3.0,f1e8d30ae55d572b630ce7555b79c3e726a9e8fa48b8583c97610a02af684e4c,f1e8d30ae55d572b630ce7555b79c3e726a9e8fa48b8583c97610a02af684e4c,619
1,1,0,0,0,0,0,0,0,1,0,0,7039,16000,48000,3.0,03ad017a720e9c98ca67543be2ba38fe63364ed508f5e8f7c1c95014c162c6ad,03ad017a720e9c98ca67543be2ba38fe63364ed508f5e8f7c1c95014c162c6ad,620
0,0,0,0,0,0,0,0,0,3,2,0,7041,16000,48000,3.0,eae15c96e45be31a3a5ba62ad762397e4212dd4563006efec03612b79504cca0,eae15c96e45be31a3a5ba62ad762397e4212dd4563006efec03612b79504cca0,621
1,0,0,0,0,0,0,0,0,2,0,0,7054,16000,48000,3.0,54f0368ae3531f90f9683a3f4d87171e9e9a723d6d56bc00109e2b497d912367,54f0368ae3531f90f9683a3f4d87171e9e9a723d6d56bc00109e2b497d912367,622
0,0,0,0,1,1,0,0,0,3,1,0,7058,16000,48000,3.0,0a785eb0f72e3d57c18a620a77b055ec257d5ff5672b4fc1603b45de70d16be3,0a785eb0f72e3d57c18a620a77b055ec257d5ff5672b4fc1603b45de70d16be3,623
0,1,0,0,0,0,0,0,0,2,2,0,7067,16000,48000,3.0,9e1d30040d4062402d83bea188834db30a8e22364cef0b70c61532b68da108ca,9e1d30040d4062402d83bea188834db30a8e22364cef0b70c61532b68da108ca,624
0,2,1,0,0,0,0,0,0,1,1,0,7074,16000,48000,3.0,088cd34958be867cd2f553874808cf307b72542cd0d12c652702ba3dbe3b27fa,088cd34958be867cd2f553874808cf307b72542cd0d12c652702ba3dbe3b27fa,625
1,1,2,0,0,0,0,0,0,0,1,0,7082,16000,48000,3.0,66180223d8311c524e9eb4bb9d559f5b0fc4d384fa22933932044ab277e6294d,66180223d8311c524e9eb4bb9d559f5b0fc4d384fa22933932044ab277e6294d,626
0,2,0,0,0,0,0,0,0,1,3,0,7087,16000,48000,3.0,93de9a198c8b25703be1ac4d826ff9adc91bc8510ed41b162c6b9b2e19b00477,93de9a198c8b25703be1ac4d826ff9adc91bc8510ed41b162c6b9b2e19b00477,627
1,2,0,0,0,0,0,0,0,1,0,0,7102,16000,48000,3.0,847f18099a0e62c6b3d93291060b80fa19c27e87dd98751afd26b6e5e14ff02d,847f18099a0e62c6b3d93291060b80fa19c27e87dd98751afd26b6e5e14ff02d,628
1,1,0,0,1,0,1,0,0,2,0,0,7150,16000,48000,3.0,639c44fc8117f6cb41c725a54bdcb5d70bb1d758692561db7a2d406ddb49a7f2,639c44fc8117f6cb41c725a54bdcb5d70bb1d758692561db7a2d406ddb49a7f2,629
0,0,0,0,0,0,0,0,0,3,1,0,7157,16000,48000,3.0,ca065f52932417a9ce1b0d2d90a93abaa814b8e4bbb288afd0e2b62489bd6839,ca065f52932417a9ce1b0d2d90a93abaa814b8e4bbb288afd0e2b62489bd6839,630
0,0,0,0,0,0,0,0,0,3,1,0,7165,16000,48000,3.0,81cdf79c779227a709cd0046d340cca54e83218f4b4d502a1d7da31244ded860,81cdf79c779227a709cd0046d340cca54e83218f4b4d502a1d7da31244ded860,631
0,1,0,0,0,0,0,0,0,2,2,0,7174,16000,48000,3.0,57c43edbe482f44f1eb745ac30a0a37328327183d42d280cf8cf535851d22ca5,57c43edbe482f44f1eb745ac30a0a37328327183d42d280cf8cf535851d22ca5,632
0,0,0,0,0,0,0,0,0,3,0,2,7175,16000,48000,3.0,a88f3a7f5cc65f48e4dbbd13404fbe2f21b5a7aa624a39bb213e350067c8ad4c,a88f3a7f5cc65f48e4dbbd13404fbe2f21b5a7aa624a39bb213e350067c8ad4c,633
1,0,0,0,0,0,0,0,0,2,0,0,7178,16000,48000,3.0,a521a84df18de7f146fde1b6e1865f9180089f881b85de53a3719adc7752d2d4,a521a84df18de7f146fde1b6e1865f9180089f881b85de53a3719adc7752d2d4,634
0,1,0,0,0,0,0,0,0,2,1,0,7187,16000,48000,3.0,fa7396adc5687f09509d9f98c4724c10008c6e609859a9d4d990302df525b6c2,fa7396adc5687f09509d9f98c4724c10008c6e609859a9d4d990302df525b6c2,635
1,1,0,0,0,0,0,0,0,1,1,0,7215,16000,48000,3.0,dfaf07354139d8d0578e81e439a5f47e41cd994fd63dfc3a2019d6205aac20fb,dfaf07354139d8d0578e81e439a5f47e41cd994fd63dfc3a2019d6205aac20fb,636
0,1,0,3,0,0,0,0,0,0,1,0,7218,16000,48000,3.0,8ba562492c400b9c97d3d088f5de07810f030aa57816672a1c4d5aa77f6b2bd5,8ba562492c400b9c97d3d088f5de07810f030aa57816672a1c4d5aa77f6b2bd5,637
3,2,3,0,0,0,0,0,0,0,0,0,7230,16000,48000,3.0,5ee2e11a459fc12799bcd54d396a8c3f5292cb5b7c455cf7063c9dffebb43ca9,5ee2e11a459fc12799bcd54d396a8c3f5292cb5b7c455cf7063c9dffebb43ca9,638
0,2,0,1,0,0,0,0,0,0,3,0,7259,16000,48000,3.0,3902aec04a318d2f70189f377d595142f0b1c84fd4d2a1a39bf5cd4e5ed1d0c5,3902aec04a318d2f70189f377d595142f0b1c84fd4d2a1a39bf5cd4e5ed1d0c5,639
0,1,0,0,0,0,0,0,0,2,0,0,7261,16000,48000,3.0,49b5bed4933e4646e317604f4396f4b064192281b5df41d2d772f9f3f70e5e30,49b5bed4933e4646e317604f4396f4b064192281b5df41d2d772f9f3f70e5e30,640
0,0,0,0,0,0,0,0,0,3,2,0,7272,16000,48000,3.0,5fe9e9da0f6a0a339b32e9cc48ce67f399c8c735d713c23dea6be30253a79123,5fe9e9da0f6a0a339b32e9cc48ce67f399c8c735d713c23dea6be30253a79123,641
1,1,3,0,2,0,0,0,0,0,0,0,7276,16000,48000,3.0,39a4358b56fd91e6c7ed904faa9e7b24599169246b73c7b62fdf86e5fa371efa,39a4358b56fd91e6c7ed904faa9e7b24599169246b73c7b62fdf86e5fa371efa,642
1,0,1,0,1,0,0,0,0,1,0,0,7298,16000,48000,3.0,3548e94aaaf8ce1f1bff3f0ef9b9182318cbfc2862e034be69a25ca609e5c7c0,3548e94aaaf8ce1f1bff3f0ef9b9182318cbfc2862e034be69a25ca609e5c7c0,643
1,0,3,0,0,0,0,0,0,0,1,0,7304,16000,48000,3.0,bf61038e7adbefb674c08c9442a3f22c827e6f830558d55b77f0063e419b8d2e,bf61038e7adbefb674c08c9442a3f22c827e6f830558d55b77f0063e419b8d2e,644
0,1,1,0,1,0,0,0,2,1,0,0,7317,16000,48000,3.0,ca1ccc7f7e6d6f39dc00748aa5ec74cc458a526435f8eadc90cb6f26c1594470,ca1ccc7f7e6d6f39dc00748aa5ec74cc458a526435f8eadc90cb6f26c1594470,645
1,2,0,0,1,0,0,0,1,1,1,0,7327,16000,48000,3.0,5663701f1ac95ad4bab124cf6c5d8e6433563182f5a6077a0116d342a633d55c,5663701f1ac95ad4bab124cf6c5d8e6433563182f5a6077a0116d342a633d55c,646
0,1,0,0,2,0,0,0,0,2,0,0,7350,16000,48000,3.0,3a7f840f4b7e66c3d88e34dd16f85024bf2f13b67984e0051d238bd263a9ca2d,3a7f840f4b7e66c3d88e34dd16f85024bf2f13b67984e0051d238bd263a9ca2d,647
3,0,0,0,0,0,0,0,0,0,1,0,7352,16000,48000,3.0,2f8837baf405b49c0baf8da5a4dd0c169b3cc10427153cceed6f4389e2b42a03,2f8837baf405b49c0baf8da5a4dd0c169b3cc10427153cceed6f4389e2b42a03,648
2,0,0,0,0,0,0,0,0,1,1,0,7358,16000,48000,3.0,68585b23de12efb57d42ef5b8095e501f8494ed5aea558ac000f036fe479e653,68585b23de12efb57d42ef5b8095e501f8494ed5aea558ac000f036fe479e653,649
1,0,0,0,0,0,0,0,0,2,1,0,7377,16000,48000,3.0,4a2474609abf74eadfb538411fdc07b52804d3f174ec27fbb6691108cfdc0ef0,4a2474609abf74eadfb538411fdc07b52804d3f174ec27fbb6691108cfdc0ef0,650
0,2,1,2,0,0,0,0,0,0,1,0,7410,16000,48000,3.0,442cfa332cd7d229e6cb0b3d39072337e525911dde730bb0b0197fc84ed068f1,442cfa332cd7d229e6cb0b3d39072337e525911dde730bb0b0197fc84ed068f1,651
0,1,0,0,0,0,0,0,0,2,1,0,7422,16000,48000,3.0,4dfe966eb3f30fdc0fd5de329cb5b7770139ceb4864ef9ac0ffbfc48a4dcc092,4dfe966eb3f30fdc0fd5de329cb5b7770139ceb4864ef9ac0ffbfc48a4dcc092,652
0,0,0,1,3,0,0,0,0,2,0,0,7427,16000,48000,3.0,2df44cc695121b174f9238824b91e8039d6af0be00ab130e021d6d5f95b7086e,2df44cc695121b174f9238824b91e8039d6af0be00ab130e021d6d5f95b7086e,653
0,1,0,0,1,0,0,0,1,2,1,0,7431,16000,48000,3.0,9623fa08d6f422ee98d9cc42abddb852577348b40b045056d2d5fea17c036945,9623fa08d6f422ee98d9cc42abddb852577348b40b045056d2d5fea17c036945,654
1,1,0,1,2,0,0,0,0,1,1,0,7437,16000,48000,3.0,dc726f1cefea1d5eab0cfb78e9843aa5e8b704fe2ec2bc2b1ffeda0b077e57f7,dc726f1cefea1d5eab0cfb78e9843aa5e8b704fe2ec2bc2b1ffeda0b077e57f7,655
0,0,0,0,0,0,0,0,0,3,0,0,7474,16000,48000,3.0,feaab742f65140068b8b4e161d82e953455986741aa51a8fce9ed8a247d410e1,feaab742f65140068b8b4e161d82e953455986741aa51a8fce9ed8a247d410e1,656
0,0,0,0,0,0,0,0,0,3,0,0,7485,16000,48000,3.0,edaf0bcf507110823ee412e9fa21662fecff895e60068a359278a000b3a07eac,edaf0bcf507110823ee412e9fa21662fecff895e60068a359278a000b3a07eac,657
1,0,0,0,0,0,0,0,0,2,1,0,7486,16000,48000,3.0,d5f582fda684dd015effc64b8fb3ca743fa24b002d998c59a1a67174044b1498,d5f582fda684dd015effc64b8fb3ca743fa24b002d998c59a1a67174044b1498,658
0,0,0,2,0,0,0,0,0,2,2,0,7492,16000,48000,3.0,a2d8376e6b671dd6ab27f5b79e0f8b4f38112d9f71d3f65bb0afd2840c35cf55,a2d8376e6b671dd6ab27f5b79e0f8b4f38112d9f71d3f65bb0afd2840c35cf55,659
1,0,0,0,0,0,0,0,0,2,0,0,7499,16000,48000,3.0,b2d1fe36408efd12e6ed458811adee23077ca2e579e222b816fc2c4c4b225a12,b2d1fe36408efd12e6ed458811adee23077ca2e579e222b816fc2c4c4b225a12,660
0,0,0,0,0,0,0,0,0,3,1,0,7502,16000,48000,3.0,ee9b88f4ff866de7f14b01755f650119e41e611e13168b91926a2e0c44687a11,ee9b88f4ff866de7f14b01755f650119e41e611e13168b91926a2e0c44687a11,661
0,0,0,0,0,0,1,0,0,3,0,0,7506,16000,48000,3.0,75496492c4bce747c4425ef68a81cb60f6f8a5f9213ed7cdaa794b2408e443c3,75496492c4bce747c4425ef68a81cb60f6f8a5f9213ed7cdaa794b2408e443c3,662
0,0,0,0,0,0,0,0,0,3,1,0,7507,16000,48000,3.0,52181d87033ed99dfc8c7594c3ba1c72877ca8c898c2e3a8fce8a075c75be3f5,52181d87033ed99dfc8c7594c3ba1c72877ca8c898c2e3a8fce8a075c75be3f5,663
0,0,0,0,0,0,0,0,0,3,0,0,7525,16000,48000,3.0,88c0600801846fa41d826fb8711666f34320877a103712f908bab9c04b043a96,88c0600801846fa41d826fb8711666f34320877a103712f908bab9c04b043a96,664
0,0,0,0,0,0,0,0,0,3,0,0,7528,16000,48000,3.0,83e9c2f1d25f81e2e0059ce4466494f6bed121b46d1f628bd803a45b17838c8a,83e9c2f1d25f81e2e0059ce4466494f6bed121b46d1f628bd803a45b17838c8a,665
0,0,0,0,0,0,0,0,0,3,2,0,7541,16000,48000,3.0,bc9ece7e0856695301a35e8c01f5cb11a18d354b4ee937129ac120e7cf68e872,bc9ece7e0856695301a35e8c01f5cb11a18d354b4ee937129ac120e7cf68e872,666
0,1,0,0,0,0,0,0,0,2,2,0,7547,16000,48000,3.0,3a5df91dd920046acb755eefc8ebd39a0063bf7849a2a47c752d91fa5c96cf26,3a5df91dd920046acb755eefc8ebd39a0063bf7849a2a47c752d91fa5c96cf26,667
0,0,0,0,0,0,0,0,0,3,0,3,7548,16000,48000,3.0,2ac1c6bd60579b045db172cbce3c49a8d06aa6f0ba5bc16dca96529370c10fc4,2ac1c6bd60579b045db172cbce3c49a8d06aa6f0ba5bc16dca96529370c10fc4,668
0,0,0,2,1,0,0,0,0,1,0,0,7559,16000,48000,3.0,2221630df243271ab8c1ad3953391d48959cdb9d631ea08052842988db551c1b,2221630df243271ab8c1ad3953391d48959cdb9d631ea08052842988db551c1b,669
0,0,0,0,0,0,0,0,0,3,1,0,7561,16000,48000,3.0,50be6796d9c827cf6bb243db1f025eacc4e39ddf02a7d3062038c4fe878cf57e,50be6796d9c827cf6bb243db1f025eacc4e39ddf02a7d3062038c4fe878cf57e,670
0,0,0,0,0,0,0,0,0,3,1,0,7572,16000,48000,3.0,e0e2c383bc8186ca958743ab62deefdfb8b3eca2cdab290d852d69d548090040,e0e2c383bc8186ca958743ab62deefdfb8b3eca2cdab290d852d69d548090040,671
0,0,1,3,3,0,0,0,0,0,0,0,7583,16000,48000,3.0,a15ec1d1570b718d2a6edc1b7eeb1b07bd0e3db9b83b38ce86d1a721671baa6b,a15ec1d1570b718d2a6edc1b7eeb1b07bd0e3db9b83b38ce86d1a721671baa6b,672
0,0,0,0,0,0,0,0,0,3,1,0,7586,16000,48000,3.0,74092c43c29268639822d2aa2945f51928be5697547466c4f2664b53132c270c,74092c43c29268639822d2aa2945f51928be5697547466c4f2664b53132c270c,673
0,0,0,0,1,0,0,0,0,3,0,0,7590,16000,48000,3.0,f335579ade5bdb60690a6dd2f5b18b447090a037bc0b70aba3759d5f916f0d37,f335579ade5bdb60690a6dd2f5b18b447090a037bc0b70aba3759d5f916f0d37,674
0,1,0,0,1,0,1,0,1,2,1,0,7602,16000,48000,3.0,2284b64f5ee5c7ae459f331fc3c985f982b1bedccf5b41eda3dc4003e806b1e1,2284b64f5ee5c7ae459f331fc3c985f982b1bedccf5b41eda3dc4003e806b1e1,675
0,2,2,0,2,0,0,0,0,0,0,0,7611,16000,48000,3.0,5460f79507e23b9b3e77140cca8963bd689bfede284d3394515cc49f1a27d0ef,5460f79507e23b9b3e77140cca8963bd689bfede284d3394515cc49f1a27d0ef,676
1,1,0,1,3,0,0,0,0,1,0,0,7622,16000,48000,3.0,df9c8e4e04c20c5ab14cc6b939b0805edb2b2d8120773d67d4cba1cfb2eb8f30,df9c8e4e04c20c5ab14cc6b939b0805edb2b2d8120773d67d4cba1cfb2eb8f30,677
0,0,0,0,0,0,2,0,0,3,1,0,7655,16000,48000,3.0,d44cc9d82fd4f5d15a4363d3b170c26a82682f6df9d85315aae90b76dd25b987,d44cc9d82fd4f5d15a4363d3b170c26a82682f6df9d85315aae90b76dd25b987,678
0,0,0,0,0,0,0,0,1,3,1,0,7679,16000,48000,3.0,02843138efb95839601d795e38dfb0d554d271cc6a4b6c5dc93e0f303d69d33e,02843138efb95839601d795e38dfb0d554d271cc6a4b6c5dc93e0f303d69d33e,679
0,0,0,0,2,0,0,0,0,3,0,0,7680,16000,48000,3.0,c201ae047bf95d12100012cfa2ed112d7ace2a0de4f59dcee8794af23fa8d38e,c201ae047bf95d12100012cfa2ed112d7ace2a0de4f59dcee8794af23fa8d38e,680
0,1,1,1,1,0,0,0,0,1,0,0,7696,16000,48000,3.0,88f93f79461bdd1d7e9a27826098f8ae4dfbd768d0fcf9c371b5ebde52b5754d,88f93f79461bdd1d7e9a27826098f8ae4dfbd768d0fcf9c371b5ebde52b5754d,681
0,1,0,0,1,0,0,0,1,2,2,0,7718,16000,48000,3.0,ad2576f16d1aada514294dc4d12843a7107690518db07a44f88b9c2198ea675b,ad2576f16d1aada514294dc4d12843a7107690518db07a44f88b9c2198ea675b,682
0,0,0,0,0,0,0,0,0,3,1,0,7724,16000,48000,3.0,68adc3bad4a85bdde279ecb4453390ce214759f55f8f1531c67ea5788952fa46,68adc3bad4a85bdde279ecb4453390ce214759f55f8f1531c67ea5788952fa46,683
0,0,0,0,3,0,0,0,0,3,0,0,7731,16000,48000,3.0,0ecf8cfaf814ef6d7e9b4e1146a122d48950dbfac86474b9df646922d91c8bbb,0ecf8cfaf814ef6d7e9b4e1146a122d48950dbfac86474b9df646922d91c8bbb,684
0,1,2,2,2,0,0,0,0,0,1,0,7745,16000,48000,3.0,57d9336dbc37ea034026f8e927a7168aacdb288fa6b1b30d9765e1875c634012,57d9336dbc37ea034026f8e927a7168aacdb288fa6b1b30d9765e1875c634012,685
0,0,0,0,0,0,0,0,0,3,0,0,7754,16000,48000,3.0,0e7e9075ea5404ac6340d51abbd5e70e3d962c72ac33e3e8650964005cc41eee,0e7e9075ea5404ac6340d51abbd5e70e3d962c72ac33e3e8650964005cc41eee,686
0,0,0,1,0,1,0,3,1,2,0,0,7759,16000,48000,3.0,ee7ea8135c56d010827e3100e2fbbb1605380e4b37293f2596237b0822f0072c,ee7ea8135c56d010827e3100e2fbbb1605380e4b37293f2596237b0822f0072c,687
0,2,0,0,0,0,0,0,0,1,0,0,7763,16000,48000,3.0,5248dcd7fddf3c75c98da0569c0355a0071a888eb61befb6670cfad38d21e208,5248dcd7fddf3c75c98da0569c0355a0071a888eb61befb6670cfad38d21e208,688
0,2,1,0,0,0,0,0,0,0,0,0,7771,16000,48000,3.0,308aad7c7a4d0faccc68088145d01bc1e543a08c19b1d248b754346c14f773d1,308aad7c7a4d0faccc68088145d01bc1e543a08c19b1d248b754346c14f773d1,689
0,3,1,1,0,0,0,0,2,1,0,0,7780,16000,48000,3.0,307fa33d31a8b327a55f950f87c981d626ea6c7dc224301bf4293231e2cee3a1,307fa33d31a8b327a55f950f87c981d626ea6c7dc224301bf4293231e2cee3a1,690
2,1,0,0,2,0,0,0,0,0,1,0,7815,16000,48000,3.0,ef1f5fd76f8b1cdc8d5c2848e69dfdf14be63cd7b0cdaaae710a55a5e4d51e96,ef1f5fd76f8b1cdc8d5c2848e69dfdf14be63cd7b0cdaaae710a55a5e4d51e96,691
0,2,0,0,3,0,0,0,0,1,1,0,7823,16000,48000,3.0,030c262fa887e6549d9bf40a4473fc55964a579979cd0a2929499a928ac10ced,030c262fa887e6549d9bf40a4473fc55964a579979cd0a2929499a928ac10ced,692
0,0,0,0,0,0,0,0,0,3,0,0,7833,16000,48000,3.0,792b5012346e8456f3f30f4ec1c1a999a985761e39b496f0d0c7c4896efd9ad2,792b5012346e8456f3f30f4ec1c1a999a985761e39b496f0d0c7c4896efd9ad2,693
0,0,0,0,0,0,0,1,0,3,0,3,7837,16000,45296,2.831,ea7ead6ff51717d5a65bff8c519dd5993c288b3fa3e97764a71829fc7e4960be,ea7ead6ff51717d5a65bff8c519dd5993c288b3fa3e97764a71829fc7e4960be,694
0,0,0,0,0,0,0,0,0,3,1,0,7850,16000,48000,3.0,f76b14f8a318f798ac578da03d896fa95e62d1cf320c2d480141165660abd632,f76b14f8a318f798ac578da03d896fa95e62d1cf320c2d480141165660abd632,695
0,0,0,3,0,0,0,0,0,0,0,0,7863,16000,48000,3.0,c6bd02149a29471dac2c29cbe9df1fa61fb103099c5145c9074580c50d3f3fbc,c6bd02149a29471dac2c29cbe9df1fa61fb103099c5145c9074580c50d3f3fbc,696
0,1,0,0,3,0,0,0,0,2,1,0,7896,16000,48000,3.0,42df08c21d4e6d82c59c78d6af33fc05b997f69c9a46e61f3f8475bc3537bd6a,42df08c21d4e6d82c59c78d6af33fc05b997f69c9a46e61f3f8475bc3537bd6a,697
0,0,0,0,0,0,0,0,0,3,1,0,7901,16000,48000,3.0,dd96392c761a41cdda368b5f5901af3bf4684251ecf69770409ff848d40b7cc6,dd96392c761a41cdda368b5f5901af3bf4684251ecf69770409ff848d40b7cc6,698
0,0,0,0,3,0,0,0,0,3,0,0,7902,16000,48000,3.0,a91cfe8a2daf25e0d07b3e014636e6315e515ef90ee6aedbc3a7309890bfcc3b,a91cfe8a2daf25e0d07b3e014636e6315e515ef90ee6aedbc3a7309890bfcc3b,699
0,0,0,0,3,0,0,0,0,3,1,0,7904,16000,48000,3.0,09db3d7524ddbb8f47b3c5f7958e4296e5135feae1b9f66c60997fb3d146f394,09db3d7524ddbb8f47b3c5f7958e4296e5135feae1b9f66c60997fb3d146f394,700
0,0,0,2,0,0,0,0,0,1,0,0,7910,16000,48000,3.0,e7d8f3e6ae58c980def9d6a1e46809e22270de0cc138a9e07145bf2d620b6348,e7d8f3e6ae58c980def9d6a1e46809e22270de0cc138a9e07145bf2d620b6348,701
1,1,0,0,0,0,0,0,0,2,1,0,7913,16000,48000,3.0,65ad5a5a93fb0b50886ea686644b5e0c650fa053a65d3e304f974a25c36c5866,65ad5a5a93fb0b50886ea686644b5e0c650fa053a65d3e304f974a25c36c5866,702
0,1,2,1,1,0,0,0,0,1,0,0,7917,16000,48000,3.0,f33d30e63de5c433d07c0f508c1ca78acc5e4babba506f19b6d1e020b2d35a55,f33d30e63de5c433d07c0f508c1ca78acc5e4babba506f19b6d1e020b2d35a55,703
0,0,0,0,0,0,0,1,0,3,0,0,7925,16000,48000,3.0,c591f711fc43ca034de732635f707701d3c0f34af1ee21d8391778254f71c970,c591f711fc43ca034de732635f707701d3c0f34af1ee21d8391778254f71c970,704
0,0,0,0,0,0,0,0,0,3,1,0,7939,16000,48000,3.0,38b38524eee946f2d8bf81cb7e53e3a5089ae3a654f24eb8aab9675ee87aecc2,38b38524eee946f2d8bf81cb7e53e3a5089ae3a654f24eb8aab9675ee87aecc2,705
0,1,2,0,3,0,0,0,0,1,0,0,7945,16000,48000,3.0,0ed9ce0172d5747419de1992fef721c0554fad7332d91d567676a64d4ebfcdfb,0ed9ce0172d5747419de1992fef721c0554fad7332d91d567676a64d4ebfcdfb,706
0,1,2,0,2,0,0,0,0,1,0,0,7956,16000,48000,3.0,d894a3e3be34fe5d1591ebfb567c90359b8bc1162f37f9fb6584b95c6243a478,d894a3e3be34fe5d1591ebfb567c90359b8bc1162f37f9fb6584b95c6243a478,707
0,0,0,3,2,0,0,0,0,0,2,0,7971,16000,48000,3.0,63ffe171a4f2ded1b55647ea6c61029d47b661bbe44965126cd8776d9d85a67b,63ffe171a4f2ded1b55647ea6c61029d47b661bbe44965126cd8776d9d85a67b,708
1,0,0,3,3,0,0,0,0,0,0,0,7978,16000,48000,3.0,8d8a3f878fccf9f4e77ef69e67303e9ac76d1627987fba735f9218f9869a85ca,8d8a3f878fccf9f4e77ef69e67303e9ac76d1627987fba735f9218f9869a85ca,709
0,2,3,0,0,0,0,0,0,0,0,0,7984,16000,48000,3.0,ae7fc770ad41a8dc684ced748d3108f4bc2bfd98072d55fdd8bee103db2d39aa,ae7fc770ad41a8dc684ced748d3108f4bc2bfd98072d55fdd8bee103db2d39aa,710
0,0,3,0,3,0,0,0,0,0,0,0,7995,16000,48000,3.0,4a79ed2d870fea786bd024ee0ffe8091d5ba3b0830532939a68370227de94619,4a79ed2d870fea786bd024ee0ffe8091d5ba3b0830532939a68370227de94619,711
0,0,0,0,0,0,1,0,0,3,2,0,8005,16000,48000,3.0,ec2942fb3a23717088eba6dbea70a7fdf24a00e76ac892be2321de33f832e027,ec2942fb3a23717088eba6dbea70a7fdf24a00e76ac892be2321de33f832e027,712
1,0,0,0,3,0,0,0,0,2,1,0,8015,16000,48000,3.0,8ae21bd6662fffecf7913d2de4d177aeb8f789d861edf00bb97c453afd95ef5b,8ae21bd6662fffecf7913d2de4d177aeb8f789d861edf00bb97c453afd95ef5b,713
0,0,0,3,0,0,0,0,2,0,0,0,8034,16000,48000,3.0,07dc9c87613a283cd126fc3c474c295a01157544a3c14016e99a195c14d8d6ee,07dc9c87613a283cd126fc3c474c295a01157544a3c14016e99a195c14d8d6ee,714
0,0,0,0,0,0,0,0,0,3,0,0,8035,16000,48000,3.0,22e06a08d3a0944eceb21faec6c44f586ee07d129ce94c80d0f18573d5a6bca1,22e06a08d3a0944eceb21faec6c44f586ee07d129ce94c80d0f18573d5a6bca1,715
2,0,0,0,3,0,0,0,0,1,1,0,8046,16000,48000,3.0,b9accea84e7ad0c428c6539593ab89db6bda140d11936a8c171946959421544b,b9accea84e7ad0c428c6539593ab89db6bda140d11936a8c171946959421544b,716
2,0,2,0,2,0,0,0,0,0,0,0,8048,16000,48000,3.0,b1b1303680c373e1b594d268fcb34d7edf66a23830756d27e4dfebc04ca4d7e5,b1b1303680c373e1b594d268fcb34d7edf66a23830756d27e4dfebc04ca4d7e5,717
0,0,0,3,3,0,0,0,0,0,0,0,8067,16000,48000,3.0,82ee7c20ea096b3ec34e32248c930eaa7126e70031b7d3ca3c0c1d866c40125a,82ee7c20ea096b3ec34e32248c930eaa7126e70031b7d3ca3c0c1d866c40125a,718
0,0,0,0,0,0,0,0,0,3,2,0,8070,16000,48000,3.0,2d51ada7455a79248d35ca148ab495fe0257e3b1899c943dad9da6cc06989915,2d51ada7455a79248d35ca148ab495fe0257e3b1899c943dad9da6cc06989915,719
0,1,3,0,1,0,0,0,0,0,0,0,8100,16000,48000,3.0,e1857f84ad4daaa1a47ac94babe46963f7b3badc5339688588ffc274fabd8ca3,e1857f84ad4daaa1a47ac94babe46963f7b3badc5339688588ffc274fabd8ca3,720
0,1,1,0,2,0,0,0,0,2,0,0,8120,16000,48000,3.0,db8328e75799aabbb5baefed80ea3c5a3f89723d8311a4cbb6281d6667f63d81,db8328e75799aabbb5baefed80ea3c5a3f89723d8311a4cbb6281d6667f63d81,721
0,0,0,1,1,0,0,0,0,2,0,0,8126,16000,48000,3.0,8fa2a741e9168e52226f00af88bfaf4252e2f408bd6e2618b5fc6e742dbc4a0a,8fa2a741e9168e52226f00af88bfaf4252e2f408bd6e2618b5fc6e742dbc4a0a,722
1,0,0,1,0,0,0,0,0,1,0,0,8136,16000,48000,3.0,cc5d88757073b5f387e091717c47128b4f81a864449402494ec19595059a5dce,cc5d88757073b5f387e091717c47128b4f81a864449402494ec19595059a5dce,723
0,0,0,3,3,0,0,0,0,0,0,0,8141,16000,48000,3.0,0250be78a085de57f8a3e44fee62039e1c09b5e11f4bc93a92a4995f7d2d7d63,0250be78a085de57f8a3e44fee62039e1c09b5e11f4bc93a92a4995f7d2d7d63,724
1,0,0,0,2,0,1,0,0,2,0,0,8144,16000,48000,3.0,d4461619511839eba149581526b5d5f2160a892b08f0095f7140da4264b7bd8a,d4461619511839eba149581526b5d5f2160a892b08f0095f7140da4264b7bd8a,725
0,0,1,0,3,0,0,0,0,2,0,0,8148,16000,48000,3.0,cc67119849b873a4bca1880de8c6d99f417d49478e81954855f06d58be0de054,cc67119849b873a4bca1880de8c6d99f417d49478e81954855f06d58be0de054,726
0,0,0,1,2,0,0,0,0,2,0,0,8154,16000,48000,3.0,950e6d37b2b224723e4737ce7e62767ce8193d88ed10101b97b6d700c6185345,950e6d37b2b224723e4737ce7e62767ce8193d88ed10101b97b6d700c6185345,727
3,1,0,0,0,0,0,0,0,0,0,0,8161,16000,48000,3.0,453ffab2bee09cc1cde86b4d186b751c2acd4e64eaaecc98e5fb6e87cc30a155,453ffab2bee09cc1cde86b4d186b751c2acd4e64eaaecc98e5fb6e87cc30a155,728
0,0,0,1,2,0,0,0,0,2,0,0,8163,16000,48000,3.0,9e3fcb2718a6f9ae2ab2f0f561438d4fee9dca89f00e2cda3e21a825d16b1d89,9e3fcb2718a6f9ae2ab2f0f561438d4fee9dca89f00e2cda3e21a825d16b1d89,729
2,1,0,0,0,0,0,0,0,0,2,0,8173,16000,48000,3.0,74fe5eb9852a1968e9b80f88b2323b0c90f225fe7d2835900e8e3b6de0e079a6,74fe5eb9852a1968e9b80f88b2323b0c90f225fe7d2835900e8e3b6de0e079a6,730
0,0,0,3,0,0,0,0,0,0,0,0,8188,16000,48000,3.0,40b36a2c75c9f8f8c88a33e93ccfb5b632ed8cda1e4e7720c0ce3579d51db1c9,40b36a2c75c9f8f8c88a33e93ccfb5b632ed8cda1e4e7720c0ce3579d51db1c9,731
0,2,0,0,0,0,0,0,0,1,0,0,8198,16000,48000,3.0,5a79eff399b85db7827138bbc4d3f02260b8d838978f49600c4d118c3cd8373a,5a79eff399b85db7827138bbc4d3f02260b8d838978f49600c4d118c3cd8373a,732
1,1,0,3,3,0,0,0,0,0,1,0,8202,16000,48000,3.0,bed8d712a04df0b2708b772c7e48a03e3c445e4dfad4e20a63229b616c1f945e,bed8d712a04df0b2708b772c7e48a03e3c445e4dfad4e20a63229b616c1f945e,733
1,0,0,0,0,0,0,0,0,2,2,0,8203,16000,48000,3.0,ccfa83ddc06c7e02dbba9e5c6c427a71a5ca7340b5b9f85f572e3f6394e3ecd4,ccfa83ddc06c7e02dbba9e5c6c427a71a5ca7340b5b9f85f572e3f6394e3ecd4,734
0,2,0,0,0,0,0,0,1,1,2,0,8217,16000,48000,3.0,a07b9c0656f25d32345226ca0e77a24352cf5845cbd77098411123bf99c52f99,a07b9c0656f25d32345226ca0e77a24352cf5845cbd77098411123bf99c52f99,735
1,0,1,1,0,0,0,0,0,1,1,0,8232,16000,48000,3.0,c7e3680b3c6acc7f24b41312efbb62ce676e81d1236bc9cfe95f8a036c43c98b,c7e3680b3c6acc7f24b41312efbb62ce676e81d1236bc9cfe95f8a036c43c98b,736
0,0,0,0,2,0,0,0,0,3,2,0,8233,16000,48000,3.0,778e7fdcbb2eec3fba35cf91a94515de60b3d918f689b91e60708ac3d8d15da1,778e7fdcbb2eec3fba35cf91a94515de60b3d918f689b91e60708ac3d8d15da1,737
1,0,0,0,3,0,0,0,0,2,1,0,8241,16000,48000,3.0,c878ffa14e529b3c63662e9da51696290edccabac08281bbc2349222180feedc,c878ffa14e529b3c63662e9da51696290edccabac08281bbc2349222180feedc,738
1,0,0,0,0,0,0,0,0,2,3,0,8248,16000,48000,3.0,9b3039aa4147fc2aea6217a18094e2734d0f100e2f9af5ddccaf2d9e3a36ed0c,9b3039aa4147fc2aea6217a18094e2734d0f100e2f9af5ddccaf2d9e3a36ed0c,739
0,0,0,0,3,0,0,0,0,3,1,0,8249,16000,48000,3.0,6a35b328f258cf0228605215ab6cacba0a3e3d5b2d9ca8d399bd3ccc7ab3359f,6a35b328f258cf0228605215ab6cacba0a3e3d5b2d9ca8d399bd3ccc7ab3359f,740
1,0,0,0,0,0,0,0,0,2,0,0,8262,16000,48000,3.0,5f52ff9600bcc77d77b92807f9fbbd05112f1d21691e0774d5cf34173eb8a429,5f52ff9600bcc77d77b92807f9fbbd05112f1d21691e0774d5cf34173eb8a429,741
1,0,0,0,3,0,0,0,0,2,3,0,8276,16000,48000,3.0,994abfcb3e104c7b8feb548ae24fafe61493b4327f1a8a9a701d7644c0ad6d71,994abfcb3e104c7b8feb548ae24fafe61493b4327f1a8a9a701d7644c0ad6d71,742
0,0,0,0,2,0,0,1,0,3,2,0,8278,16000,48000,3.0,f529914cdd2b41b9ef70b568de9d4f0266abb389d9a46d104a857a979788b305,f529914cdd2b41b9ef70b568de9d4f0266abb389d9a46d104a857a979788b305,743
0,0,0,0,0,0,0,0,0,3,0,0,8283,16000,48000,3.0,364972a34f0a36308d7a0c2a713f8d5388b3a5f5569e1615529cf30dc43d9a67,364972a34f0a36308d7a0c2a713f8d5388b3a5f5569e1615529cf30dc43d9a67,744
0,0,0,0,0,0,0,0,1,3,0,0,8294,16000,48000,3.0,4257e8f2ac99bd782cca3a931f5cd16c9eb62dccc2705a584a063fe7100454f6,4257e8f2ac99bd782cca3a931f5cd16c9eb62dccc2705a584a063fe7100454f6,745
1,0,0,3,2,0,0,0,0,0,0,0,8299,16000,48000,3.0,fabe3dbfffb6238d69732c744b47e3ef615c929aa89ec0d0ea05628c6e7f131a,fabe3dbfffb6238d69732c744b47e3ef615c929aa89ec0d0ea05628c6e7f131a,746
1,0,0,0,0,0,0,0,0,2,3,0,8301,16000,48000,3.0,bfbf207f48ca3e00d5405f51286346d15c12052a3bb5612ce48fb6952b1d56a9,bfbf207f48ca3e00d5405f51286346d15c12052a3bb5612ce48fb6952b1d56a9,747
2,0,0,0,0,0,0,1,1,1,0,0,8307,16000,48000,3.0,b985b98ac6e3d05ebc0babc11db7718e96c8301501d191c92c282741108e0c6a,b985b98ac6e3d05ebc0babc11db7718e96c8301501d191c92c282741108e0c6a,748
1,1,1,0,0,0,2,1,2,1,0,1,8313,16000,48000,3.0,6802341379e1f482831dc7a06dab4cd1156e086933d677ad8a8566f0b9d5fda2,6802341379e1f482831dc7a06dab4cd1156e086933d677ad8a8566f0b9d5fda2,749
1,0,2,0,0,0,0,0,1,0,1,0,8325,16000,48000,3.0,ccf0966c4bc753d89a1f842615e50875114bd5d11ff281513e88bc40647050c7,ccf0966c4bc753d89a1f842615e50875114bd5d11ff281513e88bc40647050c7,750
0,0,0,0,0,0,0,0,0,3,0,0,8333,16000,48000,3.0,c0f8087de6a6298206e9747c51f007a8c684d4326b0be7185ee14371e845c407,c0f8087de6a6298206e9747c51f007a8c684d4326b0be7185ee14371e845c407,751
0,0,0,0,3,0,0,0,0,3,1,0,8334,16000,48000,3.0,e20cff7d7de6ce6ae7db8f9b1838da38f8688c06fbea53e7068756f9ce3775f2,e20cff7d7de6ce6ae7db8f9b1838da38f8688c06fbea53e7068756f9ce3775f2,752
0,0,0,0,0,0,1,0,0,3,0,0,8337,16000,48000,3.0,484fa4dfe34a8dbc55071c487fbd7c8ba31d28ec66892f138c34171a4bf7a1f6,484fa4dfe34a8dbc55071c487fbd7c8ba31d28ec66892f138c34171a4bf7a1f6,753
0,1,0,0,0,0,0,0,0,2,0,0,8344,16000,48000,3.0,05e5f42a3a22976055fc11ea2d9470860d38b80240ba7a7c917945883c663588,05e5f42a3a22976055fc11ea2d9470860d38b80240ba7a7c917945883c663588,754
1,0,0,0,0,0,0,0,0,3,0,0,8352,16000,48000,3.0,08ff10bfad7cafc63809dee8ee30a770e3f23bf03c51a590ba341c3d846ce2a0,08ff10bfad7cafc63809dee8ee30a770e3f23bf03c51a590ba341c3d846ce2a0,755
1,1,1,0,0,0,0,0,0,0,1,0,8358,16000,48000,3.0,d0aaa72624da79726e8a148d5bf5c6bb98c7428509857ff9d896c81f28ee1a6e,d0aaa72624da79726e8a148d5bf5c6bb98c7428509857ff9d896c81f28ee1a6e,756
0,2,1,0,1,0,0,0,2,0,0,0,8367,16000,48000,3.0,ce064d46e64c5aaed8daac6f0495487866c15e6d03603f07702c08b688a4349d,ce064d46e64c5aaed8daac6f0495487866c15e6d03603f07702c08b688a4349d,757
0,0,2,3,1,0,0,0,0,0,0,0,8369,16000,48000,3.0,e3f4567ae6519ea9d876bf648da059294606f3197844fd5d47284ce4a8a556f0,e3f4567ae6519ea9d876bf648da059294606f3197844fd5d47284ce4a8a556f0,758
0,1,0,0,0,0,0,0,0,2,0,0,8374,16000,48000,3.0,a2bea8b3287ec299401ee6ef9b535773b4815bb99adfb2b8ad986318848ffaef,a2bea8b3287ec299401ee6ef9b535773b4815bb99adfb2b8ad986318848ffaef,759
0,2,1,1,0,0,0,0,0,0,0,0,8412,16000,48000,3.0,2d869f79a3bf0d763ca504dfaae7601eab54480dbff6c5853ac749aa2c40d4a3,2d869f79a3bf0d763ca504dfaae7601eab54480dbff6c5853ac749aa2c40d4a3,760
1,0,1,2,0,0,0,0,1,0,0,0,8413,16000,48000,3.0,5f24f15716775e115915fee9210f95de58e3a8b70c209407b79f34e476305f51,5f24f15716775e115915fee9210f95de58e3a8b70c209407b79f34e476305f51,761
0,1,1,0,0,0,0,0,0,1,0,0,8414,16000,48000,3.0,240195ac5a88af01ee4702a072b948501530e81990987ffb29a12509cc2b0a67,240195ac5a88af01ee4702a072b948501530e81990987ffb29a12509cc2b0a67,762
0,0,0,0,0,0,0,0,0,3,1,0,8419,16000,48000,3.0,374830f23047ff5cb78f51b6c722de326ac11a43f06f7a6e4d808bf065425e4f,374830f23047ff5cb78f51b6c722de326ac11a43f06f7a6e4d808bf065425e4f,763
0,1,2,1,0,0,0,0,0,0,0,0,8429,16000,48000,3.0,0b6590701529a8fd15482c0eeb0b1f7a66b1f2f2bceb886189346f0a06d3b7f4,0b6590701529a8fd15482c0eeb0b1f7a66b1f2f2bceb886189346f0a06d3b7f4,764
1,0,0,0,3,0,0,0,0,2,0,0,8435,16000,48000,3.0,4553ab59d5eab25dfed9d444a31d23f1003f846d6c0a1e0fff21fd933453a8b5,4553ab59d5eab25dfed9d444a31d23f1003f846d6c0a1e0fff21fd933453a8b5,765
1,1,1,2,0,0,1,0,0,0,1,0,8438,16000,48000,3.0,ede42beb290b8ef7b2332b05cf078cafff045565336f3392380900b9f83bd613,ede42beb290b8ef7b2332b05cf078cafff045565336f3392380900b9f83bd613,766
1,0,2,2,1,0,0,0,0,0,0,0,8448,16000,48000,3.0,4f5cfec31881de743972917f340b8baa2122c89b5269f9ac0993267b546d2a43,4f5cfec31881de743972917f340b8baa2122c89b5269f9ac0993267b546d2a43,767
1,0,1,0,0,0,0,0,0,1,0,0,8449,16000,48000,3.0,e934d1f71ed52a404aba28a52ae69f1b7e024a5755d1ef22d21e69b3b09692f5,e934d1f71ed52a404aba28a52ae69f1b7e024a5755d1ef22d21e69b3b09692f5,768
0,0,0,0,0,0,0,0,0,3,0,0,8455,16000,48000,3.0,3d269702454f43e91d1915b0f7bbceb1d9c7984863b26644eb8ef735847708be,3d269702454f43e91d1915b0f7bbceb1d9c7984863b26644eb8ef735847708be,769
0,1,0,0,0,0,0,0,1,2,0,0,8464,16000,48000,3.0,469c2d591f8724925c935e95315f3f4b64e3a076531a37c12055c1418b385f5e,469c2d591f8724925c935e95315f3f4b64e3a076531a37c12055c1418b385f5e,770
2,1,0,0,0,0,0,0,0,0,0,0,8467,16000,48000,3.0,b948ceb0479ad75dfa3a8820ff3d34b76e5e407aa38eaca8ed4aa74da0cd0680,b948ceb0479ad75dfa3a8820ff3d34b76e5e407aa38eaca8ed4aa74da0cd0680,771
1,0,0,0,0,0,0,0,0,2,0,0,8469,16000,48000,3.0,cd54247d92a479a5d988d7f058457c460de51e917c017666f072c68041a36816,cd54247d92a479a5d988d7f058457c460de51e917c017666f072c68041a36816,772
1,1,2,0,0,0,1,0,1,0,0,0,8470,16000,48000,3.0,d1ff2f94161a940c0e42a670db9f6f47c365ffec359334f969fadb4393f45d79,d1ff2f94161a940c0e42a670db9f6f47c365ffec359334f969fadb4393f45d79,773
0,1,0,1,0,0,0,0,0,1,0,0,8500,16000,48000,3.0,9fcafddcf5a3e5328d3c7cd1bdfbe335a9decfa0f3935990d85f5ccfad5b537f,9fcafddcf5a3e5328d3c7cd1bdfbe335a9decfa0f3935990d85f5ccfad5b537f,774
0,0,0,0,0,0,0,0,0,3,0,2,8518,16000,48000,3.0,75a219f0fb9f42f70190b4cb465c148a542f1f55242ef943fd6ce612a8aaa6b4,75a219f0fb9f42f70190b4cb465c148a542f1f55242ef943fd6ce612a8aaa6b4,775
0,1,1,0,3,0,0,0,1,1,0,0,8519,16000,48000,3.0,64b1c85c4327526d7a838c690063a37f4bdf4f480c738058451286a71963a70c,64b1c85c4327526d7a838c690063a37f4bdf4f480c738058451286a71963a70c,776
0,0,0,1,2,0,0,0,0,2,0,0,8520,16000,48000,3.0,7e279601b789ce4fccba0c5e51ef09dbdd8bc23e142882e0cddc20a38a6c6c23,7e279601b789ce4fccba0c5e51ef09dbdd8bc23e142882e0cddc20a38a6c6c23,777
2,1,0,0,2,0,0,0,0,0,0,0,8522,16000,48000,3.0,efb439566fe4b05145b30c5014021b5c7863caf7d95479335dc9b9d01a8edfd6,efb439566fe4b05145b30c5014021b5c7863caf7d95479335dc9b9d01a8edfd6,778
0,0,0,0,0,0,0,0,0,3,0,0,8530,16000,48000,3.0,65228886329b3798c55611a1a29b2ac5fe14837ef12c826ba3baa0880b547c97,65228886329b3798c55611a1a29b2ac5fe14837ef12c826ba3baa0880b547c97,779
0,1,0,2,0,0,0,0,0,1,0,0,8533,16000,48000,3.0,9a6ada818b5917edef7a8a0fadc0e86e2cbc8349b03aec5207db1015d77f2d31,9a6ada818b5917edef7a8a0fadc0e86e2cbc8349b03aec5207db1015d77f2d31,780
1,0,0,0,2,0,0,0,0,3,1,0,8539,16000,48000,3.0,a31a86c0faaa49059f4b35c88163e852dad4cb57e4a2b22bca9aa20547caa8b6,a31a86c0faaa49059f4b35c88163e852dad4cb57e4a2b22bca9aa20547caa8b6,781
0,0,0,3,0,0,0,0,0,0,0,0,8552,16000,48000,3.0,a50b87026ac037dc1e83e9a9f909c40094928c87504d0342ca676a905336c9bf,a50b87026ac037dc1e83e9a9f909c40094928c87504d0342ca676a905336c9bf,782
0,1,1,0,0,0,0,0,1,1,0,0,8566,16000,48000,3.0,4d1b60e16be6ee24dbe82a310434ec79a589298ec98e895ee758a6198cea4079,4d1b60e16be6ee24dbe82a310434ec79a589298ec98e895ee758a6198cea4079,783
0,0,1,1,0,0,0,0,0,1,0,0,8574,16000,48000,3.0,f2bfc391ee62839d88c52781b718066258c2469d8cb9719a01cace8e1624a1bb,f2bfc391ee62839d88c52781b718066258c2469d8cb9719a01cace8e1624a1bb,784
0,0,0,0,0,0,0,0,0,3,0,0,8576,16000,48000,3.0,7d5f47639c08dde460f79bfd55d30b8e38ee92ef4c0ba89e6469257bbbdefa16,7d5f47639c08dde460f79bfd55d30b8e38ee92ef4c0ba89e6469257bbbdefa16,785
1,2,0,1,0,0,0,0,0,0,0,0,8590,16000,48000,3.0,34cf047555533119027840372ed4956899f866b64d71e5130aab44572e674108,34cf047555533119027840372ed4956899f866b64d71e5130aab44572e674108,786
0,0,0,0,0,0,0,0,0,3,1,0,8598,16000,48000,3.0,4d8acef56aea37d340379d6725fc69fad3dff7d5c7bb407ca6d930267aa64d66,4d8acef56aea37d340379d6725fc69fad3dff7d5c7bb407ca6d930267aa64d66,787
0,1,3,3,0,0,0,0,1,0,1,0,8611,16000,48000,3.0,ef478777ab986f8d2c01f541f3f7063b0ea0138a2d0543314447004a52e4ea25,ef478777ab986f8d2c01f541f3f7063b0ea0138a2d0543314447004a52e4ea25,788
0,1,1,1,1,0,0,1,1,1,0,0,8620,16000,48000,3.0,a3893288535e101754fba91223236b43bf0ae7e1cbe84f4b57d990fb7452dc34,a3893288535e101754fba91223236b43bf0ae7e1cbe84f4b57d990fb7452dc34,789
0,1,2,0,0,0,0,0,1,0,0,0,8631,16000,48000,3.0,b1c2e3015a79c1b3348404107d403bb72ebf2bc6c16663ddddb5422581ce41a7,b1c2e3015a79c1b3348404107d403bb72ebf2bc6c16663ddddb5422581ce41a7,790
0,0,3,0,0,0,0,0,0,0,0,0,8635,16000,48000,3.0,ab7d7ecd2c156214166597d93edac1c7ff0e5edf59e26539e4c19e1dc787ba42,ab7d7ecd2c156214166597d93edac1c7ff0e5edf59e26539e4c19e1dc787ba42,791
0,2,2,1,1,0,0,0,0,0,0,0,8637,16000,48000,3.0,d800b7f39fa7212619ab011283c51f1ba08d0c544fb25176f52f7d8c2b7aa18c,d800b7f39fa7212619ab011283c51f1ba08d0c544fb25176f52f7d8c2b7aa18c,792
0,1,0,0,0,0,0,0,2,2,0,0,8641,16000,48000,3.0,0cb55ac4c238f0417885b8e7c3c305e8e3fd9231646e9e1bedd8bb9e4b0fe859,0cb55ac4c238f0417885b8e7c3c305e8e3fd9231646e9e1bedd8bb9e4b0fe859,793
0,1,0,0,0,0,0,0,0,2,1,0,8660,16000,48000,3.0,309a40cf0c5ff2a82c8486ebbbf46446531f8aa0825f6755acc1b8fea217d540,309a40cf0c5ff2a82c8486ebbbf46446531f8aa0825f6755acc1b8fea217d540,794
0,1,0,0,0,0,0,0,0,2,0,0,8670,16000,48000,3.0,489e28eb83da9fd2b1fff789203f73f783b058a6c91f326130777a4d447eb544,489e28eb83da9fd2b1fff789203f73f783b058a6c91f326130777a4d447eb544,795
0,0,1,0,1,1,0,0,1,2,1,0,8680,16000,48000,3.0,9578f0c2a11ac8ce5679030555ce5355eda6c4c8bd0cbffbb954008c34dc8f1f,9578f0c2a11ac8ce5679030555ce5355eda6c4c8bd0cbffbb954008c34dc8f1f,796
2,0,0,0,0,0,0,0,0,1,0,0,8686,16000,48000,3.0,dbd6b1f0c7cd5886136e1af02f769384ef5f2ebca214b42cf2ed2b88bc7f6f79,dbd6b1f0c7cd5886136e1af02f769384ef5f2ebca214b42cf2ed2b88bc7f6f79,797
0,2,0,0,2,0,0,0,0,1,1,0,8694,16000,48000,3.0,7bd197d8d351e34400b26113a87853d9f40bc69d277127e4cf9ffa289b65257c,7bd197d8d351e34400b26113a87853d9f40bc69d277127e4cf9ffa289b65257c,798
1,0,0,3,1,0,0,0,0,0,1,0,8705,16000,48000,3.0,5c89332399d7f55ec9113222360990b20a9b7677913cdd4e4d692136f8b392be,5c89332399d7f55ec9113222360990b20a9b7677913cdd4e4d692136f8b392be,799
0,0,0,0,0,0,0,0,0,3,2,0,8708,16000,48000,3.0,b41328379d209d78bd0ea09bc92006513775fae39b090d5930cf1750ddb46ab8,b41328379d209d78bd0ea09bc92006513775fae39b090d5930cf1750ddb46ab8,800
0,0,0,0,0,0,0,0,0,3,1,0,8728,16000,48000,3.0,a33afb962a7ed9fa3a42540127e986bcad9f1ea9eeb5f7e7241b89cce2104eca,a33afb962a7ed9fa3a42540127e986bcad9f1ea9eeb5f7e7241b89cce2104eca,801
0,0,0,2,0,0,0,0,0,1,0,0,8746,16000,48000,3.0,d58b696dde2690fbace9f854b45d8132847dbcf5248949a9f3578a3f3cee6556,d58b696dde2690fbace9f854b45d8132847dbcf5248949a9f3578a3f3cee6556,802
0,0,2,3,0,0,0,0,0,0,0,0,8762,16000,48000,3.0,3d8466be7f478f68dbb1ef4a3e92f22391ca59be7a9154304d12c8427b11c01b,3d8466be7f478f68dbb1ef4a3e92f22391ca59be7a9154304d12c8427b11c01b,803
0,1,0,0,0,0,0,0,0,2,1,0,8769,16000,48000,3.0,0a4d429cb1755015152b9e6f2e32bbc5ab4190126a2950f8eced86dadb7f922c,0a4d429cb1755015152b9e6f2e32bbc5ab4190126a2950f8eced86dadb7f922c,804
0,1,0,2,3,0,0,0,0,1,0,0,8778,16000,48000,3.0,1243b71caf2c0b7bb86281bda21189a47437cd8b6360de4ec8a1946f296d79aa,1243b71caf2c0b7bb86281bda21189a47437cd8b6360de4ec8a1946f296d79aa,805
0,1,0,3,0,0,0,0,1,0,0,0,8787,16000,48000,3.0,aa8e6751645117d72b10325156339bf01b529724c72768ee7b6091002864b9f9,aa8e6751645117d72b10325156339bf01b529724c72768ee7b6091002864b9f9,806
0,0,3,0,0,0,0,0,0,0,0,0,8793,16000,48000,3.0,94a5e50c002136bb4916a9df7c712894954a37aeda4b18937c733a6bdf53e595,94a5e50c002136bb4916a9df7c712894954a37aeda4b18937c733a6bdf53e595,807
0,1,0,0,2,0,0,0,0,2,1,0,8819,16000,48000,3.0,f626e25522ff79bea91e0a7d54e63b884b4065af57d64213bac5c67d313018f4,f626e25522ff79bea91e0a7d54e63b884b4065af57d64213bac5c67d313018f4,808
0,1,0,0,1,0,0,0,0,2,0,0,8827,16000,48000,3.0,a007f01fa9c3f9506f6110c18d894ddb582fbc24dc8a083c7e0b6876135edd5b,a007f01fa9c3f9506f6110c18d894ddb582fbc24dc8a083c7e0b6876135edd5b,809
0,0,0,0,0,0,0,0,0,3,0,0,8837,16000,48000,3.0,8406da85b83bb70200568768debde96bb079a21af87282812b86e04f27beecfa,8406da85b83bb70200568768debde96bb079a21af87282812b86e04f27beecfa,810
0,0,0,0,0,0,0,0,0,3,0,0,8853,16000,48000,3.0,d0caf46049f36ab64a977accd9e5fd553d697ae8293da323919d921b30923bbb,d0caf46049f36ab64a977accd9e5fd553d697ae8293da323919d921b30923bbb,811
0,0,0,0,3,0,0,0,0,3,0,0,8862,16000,48000,3.0,fa7dca132106f144190038e6cdb7e8bd08768c54a204c47cda01365324f046c0,fa7dca132106f144190038e6cdb7e8bd08768c54a204c47cda01365324f046c0,812
0,0,0,0,0,0,0,0,0,3,0,0,8869,16000,48000,3.0,8ddb74a631cf7f38c1bb3bf143898bc4f7d3ef50461b08adf1e5c5a30bf5c02f,8ddb74a631cf7f38c1bb3bf143898bc4f7d3ef50461b08adf1e5c5a30bf5c02f,813
0,0,0,0,0,0,0,0,0,3,0,0,8883,16000,48000,3.0,eec0b5b445eb00d3e4c9660f63ec1c37aa0ac5f9a6200ef3c90eef443bcde62f,eec0b5b445eb00d3e4c9660f63ec1c37aa0ac5f9a6200ef3c90eef443bcde62f,814
0,1,0,0,0,0,0,0,0,2,1,0,8888,16000,48000,3.0,9a83b33ecf313356df099ef1fd7676bc29be04d2d6467f9c5a8f8474008cf00f,9a83b33ecf313356df099ef1fd7676bc29be04d2d6467f9c5a8f8474008cf00f,815
1,0,0,0,0,0,0,0,0,2,1,0,8907,16000,48000,3.0,e6532b89d30b44ff23b12833b464efc1dccd0ab2b6e9316a575b6b20a140afa4,e6532b89d30b44ff23b12833b464efc1dccd0ab2b6e9316a575b6b20a140afa4,816
0,1,0,0,0,0,0,0,0,2,1,0,8908,16000,48000,3.0,89a329ce193d1a4cb898f0589170437a95e480a138f8e70275c69f018408844d,89a329ce193d1a4cb898f0589170437a95e480a138f8e70275c69f018408844d,817
1,1,0,0,1,0,0,0,0,1,0,0,8932,16000,48000,3.0,4360e53265dbef041db1b07c1714fccd2761e4b638b11d501f4f950909c06d7c,4360e53265dbef041db1b07c1714fccd2761e4b638b11d501f4f950909c06d7c,818
0,1,0,0,0,0,0,0,0,3,1,0,8956,16000,48000,3.0,748fde8f2cf14badbe1e206f9a9a77b6730b896c630a8cc9503b74e0dcac1c66,748fde8f2cf14badbe1e206f9a9a77b6730b896c630a8cc9503b74e0dcac1c66,819
0,3,0,1,0,0,0,0,0,0,0,0,8964,16000,48000,3.0,2b0e939e407078649ea7299f229d1991dea5273d68af4f9a53693778ad2e4989,2b0e939e407078649ea7299f229d1991dea5273d68af4f9a53693778ad2e4989,820
0,0,0,0,2,0,0,0,0,3,2,0,8977,16000,48000,3.0,8c918ec6801b3c6a96d89cd766b446f4c54add7757c7f7e7a0acdf68cb59b950,8c918ec6801b3c6a96d89cd766b446f4c54add7757c7f7e7a0acdf68cb59b950,821
1,0,0,0,0,0,0,0,0,2,0,0,8983,16000,48000,3.0,d07825dbcaa7b75e283885e9ca1364151ec006fdb41d179c658c1951f318fed6,d07825dbcaa7b75e283885e9ca1364151ec006fdb41d179c658c1951f318fed6,822
0,0,1,0,0,0,0,0,0,2,1,0,9010,16000,48000,3.0,9327f15ae5e83f4b304e62fc94a689bc388656328decce678ee0b137d254017b,9327f15ae5e83f4b304e62fc94a689bc388656328decce678ee0b137d254017b,823
0,0,0,0,2,0,0,0,0,3,1,0,9024,16000,48000,3.0,ad6603183174f974c416829a7497ebb25a2648f2bef70f370118627f480c6ff7,ad6603183174f974c416829a7497ebb25a2648f2bef70f370118627f480c6ff7,824
1,0,0,0,0,0,0,0,0,2,2,0,9035,16000,48000,3.0,c44a02a2ddaf1488c4a3641929499d107108d462e81ce02e7a0f9bc855284aff,c44a02a2ddaf1488c4a3641929499d107108d462e81ce02e7a0f9bc855284aff,825
0,0,0,0,3,0,0,0,0,3,0,0,9055,16000,48000,3.0,c5ebca8d7f7fce99e034e54493bc34aaa56a695f5e062bfa830feab6b3854430,c5ebca8d7f7fce99e034e54493bc34aaa56a695f5e062bfa830feab6b3854430,826
0,2,1,1,1,0,0,0,0,0,0,0,9064,16000,48000,3.0,454ff87ab643beb23acac8dcc653787afa5e2320e8c877b4364cc054172dc733,454ff87ab643beb23acac8dcc653787afa5e2320e8c877b4364cc054172dc733,827
1,0,2,0,0,0,0,0,0,0,1,0,9067,16000,48000,3.0,f0cafd21d660fb2103463334708268c908c120095bbecbfb912a7f3cb12f3ed3,f0cafd21d660fb2103463334708268c908c120095bbecbfb912a7f3cb12f3ed3,828
0,0,0,0,0,0,0,0,0,3,0,0,9077,16000,48000,3.0,fe53ac921cb9f82db43152e5fa35adb757362e1df774f86e07148bc6607f006a,fe53ac921cb9f82db43152e5fa35adb757362e1df774f86e07148bc6607f006a,829
0,0,0,0,3,0,0,0,0,3,1,0,9088,16000,48000,3.0,a02f56d08b42fe73a8291fc84f124440c8fac80844d66874f136e53b1eb6e2cc,a02f56d08b42fe73a8291fc84f124440c8fac80844d66874f136e53b1eb6e2cc,830
1,1,0,3,0,0,0,0,0,0,0,0,9097,16000,48000,3.0,20394f9ec65feefa1907258a016c05a18a747e1bcf68f85ba9c971d0fd405200,20394f9ec65feefa1907258a016c05a18a747e1bcf68f85ba9c971d0fd405200,831
0,1,3,1,0,0,0,0,0,0,0,0,9110,16000,48000,3.0,c9b35a6dd74dfe5ddb2b794f00526fadfb492b730d9e63710251bd45b0d136b2,c9b35a6dd74dfe5ddb2b794f00526fadfb492b730d9e63710251bd45b0d136b2,832
0,0,0,3,3,0,0,0,0,0,1,0,9140,16000,48000,3.0,01dda2eb4eb7b81e842e9626948b25c9c50a49adbce162c21f4e79bf34adace5,01dda2eb4eb7b81e842e9626948b25c9c50a49adbce162c21f4e79bf34adace5,833
0,0,0,0,0,0,0,0,0,3,1,0,9152,16000,48000,3.0,106ba4ce8c50e6c4226670d308226a70fb9cca96818088b05d1efe8078238d0a,106ba4ce8c50e6c4226670d308226a70fb9cca96818088b05d1efe8078238d0a,834
0,0,0,0,2,0,0,0,0,3,0,0,9158,16000,48000,3.0,40a1197d4539f68f85b95a7d41aeda83c1677eab01eb276a26fc93a90d769b54,40a1197d4539f68f85b95a7d41aeda83c1677eab01eb276a26fc93a90d769b54,835
0,0,0,0,0,0,0,0,0,3,1,0,9159,16000,48000,3.0,e12cea6c1298138b49a84733ae4c39110b111185a4f6533a048b174f896deec2,e12cea6c1298138b49a84733ae4c39110b111185a4f6533a048b174f896deec2,836
0,0,0,0,0,0,0,0,0,3,1,0,9174,16000,48000,3.0,92e46f4d165e443da3758e70c413374ed31af6df24745008198b08dcf130e263,92e46f4d165e443da3758e70c413374ed31af6df24745008198b08dcf130e263,837
0,0,1,0,1,0,0,0,0,3,0,0,9203,16000,48000,3.0,101c4209bf1c486f4534a7f1086956314cb4d091d30fd5a235ac8f324f40f3e3,101c4209bf1c486f4534a7f1086956314cb4d091d30fd5a235ac8f324f40f3e3,838
0,1,0,0,0,0,0,0,0,2,1,0,9204,16000,48000,3.0,c0eacbbea44b641edc1729183fd10990e7e56cf1ab1abd98783b9764fefcaf05,c0eacbbea44b641edc1729183fd10990e7e56cf1ab1abd98783b9764fefcaf05,839
0,2,0,0,0,0,0,0,0,1,1,0,9217,16000,48000,3.0,33fc4a79abf7ee6e63ce9c140a58a7a82dae4e2d78a56a71fd102bb7c5aa3217,33fc4a79abf7ee6e63ce9c140a58a7a82dae4e2d78a56a71fd102bb7c5aa3217,840
0,0,0,0,0,0,0,0,1,3,1,0,9246,16000,48000,3.0,bc39c4daebfc5d0b6f57878d797d7b168ac97a653c096a714838842c86a605aa,bc39c4daebfc5d0b6f57878d797d7b168ac97a653c096a714838842c86a605aa,841
1,0,0,0,2,0,0,0,0,2,2,0,9254,16000,48000,3.0,aebf4c931b68790433a66c1553588c697f45bcb4f4d174d982da76a7fea30dbb,aebf4c931b68790433a66c1553588c697f45bcb4f4d174d982da76a7fea30dbb,842
0,0,0,0,0,0,0,0,0,3,1,0,9260,16000,48000,3.0,85840363f08d892aca7d7185ba5b9d2b7b8803e059bfe1b85a05f4b10f970d8e,85840363f08d892aca7d7185ba5b9d2b7b8803e059bfe1b85a05f4b10f970d8e,843
1,1,0,0,0,0,0,0,0,1,1,0,9271,16000,48000,3.0,1b3ed15cbc2181b89d00d99ea05918f1240e7a5daf3ed279e67e457f83b2d89d,1b3ed15cbc2181b89d00d99ea05918f1240e7a5daf3ed279e67e457f83b2d89d,844
0,1,0,0,0,1,0,0,1,1,0,0,9287,16000,48000,3.0,6383f6e6cd58c85f56c8ab7fdb132c12e69ef4365a2793fb250e9535a01d2b20,6383f6e6cd58c85f56c8ab7fdb132c12e69ef4365a2793fb250e9535a01d2b20,845
0,0,0,0,1,0,0,0,0,3,0,0,9313,16000,48000,3.0,f2e428350b9993cf0e44f597b7333440eb97fb8e85a965c61cd73c30be891864,f2e428350b9993cf0e44f597b7333440eb97fb8e85a965c61cd73c30be891864,846
0,1,0,2,0,0,0,0,0,0,0,0,9319,16000,48000,3.0,da6456d915d0ff369b01889ee143d6125e7aec555f63e6282b5463fa9423f357,da6456d915d0ff369b01889ee143d6125e7aec555f63e6282b5463fa9423f357,847
0,0,0,0,3,0,0,0,0,3,0,0,9335,16000,48000,3.0,1093993ce279e228c6ecccf4de3b9b071064a9e04ad72ac67b79a407215c3691,1093993ce279e228c6ecccf4de3b9b071064a9e04ad72ac67b79a407215c3691,848
1,0,0,0,0,0,0,0,0,2,3,0,9338,16000,48000,3.0,93a530ae1a1d96f11af25ac83b73548a8589140c13180bcf462bf19a3cdb6cdc,93a530ae1a1d96f11af25ac83b73548a8589140c13180bcf462bf19a3cdb6cdc,849
0,2,0,0,0,1,1,0,0,0,0,0,9359,16000,48000,3.0,46675aee64b388d7adde392a03befaab0775cda4f6c7552c19aa8e8aaf3ffd88,46675aee64b388d7adde392a03befaab0775cda4f6c7552c19aa8e8aaf3ffd88,850
0,0,0,0,3,0,0,0,0,3,0,0,9371,16000,48000,3.0,2ab29ab6c6760dbbaf9381a1a668a9390152b339072936a66485e3580c7a4e55,2ab29ab6c6760dbbaf9381a1a668a9390152b339072936a66485e3580c7a4e55,851
0,0,0,0,0,0,0,0,1,3,0,0,9381,16000,48000,3.0,592f88b1f7dd8c1c684ed43d6c3e2981b019c4e228e63fd177702aa7d218fe97,592f88b1f7dd8c1c684ed43d6c3e2981b019c4e228e63fd177702aa7d218fe97,852
0,1,0,0,1,0,0,0,0,2,1,0,9395,16000,48000,3.0,b4d12f533bc43b0da30c0eb2c8d55ee4310d3f76f8294fb95fb62b0809e9c415,b4d12f533bc43b0da30c0eb2c8d55ee4310d3f76f8294fb95fb62b0809e9c415,853
0,2,0,0,0,0,0,0,0,1,1,0,9397,16000,48000,3.0,21689cb11524f489f961882b8cc91408870bce701ca93cbbdfe3a153e2ac18f5,21689cb11524f489f961882b8cc91408870bce701ca93cbbdfe3a153e2ac18f5,854
0,0,0,0,2,0,0,0,0,3,1,0,9402,16000,48000,3.0,9f8087a60612913d1767924af6e126ffa9c3a994bcf251acc0a8cc5c6300cd1e,9f8087a60612913d1767924af6e126ffa9c3a994bcf251acc0a8cc5c6300cd1e,855
0,0,0,0,0,1,0,0,2,2,2,0,9409,16000,48000,3.0,2b4b4286051eb417fbb2695b853286fcae01f14146378813f2c8fa52d0b62ce1,2b4b4286051eb417fbb2695b853286fcae01f14146378813f2c8fa52d0b62ce1,856
1,0,0,0,0,0,0,0,0,3,2,0,9411,16000,48000,3.0,ef0eb7d81360a5ef824041cd3c6b8c0b87d5f68241922a8d5f880c76956e7701,ef0eb7d81360a5ef824041cd3c6b8c0b87d5f68241922a8d5f880c76956e7701,857
0,0,0,0,0,0,0,0,0,3,1,0,9440,16000,48000,3.0,f77d26a13a4172f7fda25f108c407267ef4261f2a39913e493a04de5290dcc51,f77d26a13a4172f7fda25f108c407267ef4261f2a39913e493a04de5290dcc51,858
0,1,0,0,2,0,0,0,1,2,0,0,9483,16000,48000,3.0,48baea21b026ce94026aa6e79b43049a84721120ae005139cd303d3af01c673b,48baea21b026ce94026aa6e79b43049a84721120ae005139cd303d3af01c673b,859
0,1,2,1,1,0,0,0,0,0,0,0,9484,16000,48000,3.0,f16ba02a9d0be9975e54c6c736fd1884e1e8183eb2c0c4aa1b615260cad187e5,f16ba02a9d0be9975e54c6c736fd1884e1e8183eb2c0c4aa1b615260cad187e5,860
0,3,0,1,1,0,0,0,0,0,0,0,9489,16000,48000,3.0,31879a1ea78f78bf745ef42eb79fa76ac1a72c5d4fa9c1d17d36b4d92fca4615,31879a1ea78f78bf745ef42eb79fa76ac1a72c5d4fa9c1d17d36b4d92fca4615,861
0,1,0,3,0,0,0,0,0,0,0,0,9499,16000,48000,3.0,7073e3a965e3633b42ec3530e842a328148c02ba67fd442ed15026a3ee97ca49,7073e3a965e3633b42ec3530e842a328148c02ba67fd442ed15026a3ee97ca49,862
0,0,0,0,0,0,0,0,0,3,2,0,9516,16000,48000,3.0,76e026fde116e84f2f84d2e4bb3a1de4173d94c1f143389d320415ab6d8c8bce,76e026fde116e84f2f84d2e4bb3a1de4173d94c1f143389d320415ab6d8c8bce,863
0,1,0,0,3,0,0,0,0,2,0,0,9525,16000,48000,3.0,05654deaddf44752c062566c6a5e22c69e9310ef76c35d65bb7d518e10103912,05654deaddf44752c062566c6a5e22c69e9310ef76c35d65bb7d518e10103912,864
0,0,0,0,0,0,0,0,0,3,3,0,9555,16000,48000,3.0,7ea2f8878c36b908354a6458b9d4defb47b7ab5de41230ee55e4ddb11ad7aea8,7ea2f8878c36b908354a6458b9d4defb47b7ab5de41230ee55e4ddb11ad7aea8,865
0,0,1,1,3,0,0,0,0,1,0,0,9558,16000,48000,3.0,f4ff962e300c1c563838b6d31f78e4dd2c002ea5928787afd63f908efef10fd8,f4ff962e300c1c563838b6d31f78e4dd2c002ea5928787afd63f908efef10fd8,866
0,0,0,0,2,0,0,0,0,3,1,0,9572,16000,48000,3.0,e96917df1107488eb22fa5807e7b3208a0c86a2c96b1ba92f4e28b8b1fafc5bb,e96917df1107488eb22fa5807e7b3208a0c86a2c96b1ba92f4e28b8b1fafc5bb,867
0,0,0,0,3,0,0,0,0,3,0,0,9585,16000,48000,3.0,ae836add6668129ff9f93415d5931d29b8683ceae03b0316407614e59e0679bc,ae836add6668129ff9f93415d5931d29b8683ceae03b0316407614e59e0679bc,868
0,1,0,0,0,0,0,0,0,2,2,0,9600,16000,48000,3.0,d3aa4a2f1874532887771f1870d0d65253e257b3487b251460f42c8f98d9c55b,d3aa4a2f1874532887771f1870d0d65253e257b3487b251460f42c8f98d9c55b,869
0,1,1,0,0,0,0,0,0,1,0,0,9607,16000,48000,3.0,53f74d863d93a3041f2befa0c505bf777735061638269586c82df584dd34f56b,53f74d863d93a3041f2befa0c505bf777735061638269586c82df584dd34f56b,870
1,0,0,0,3,0,0,0,0,2,0,0,9623,16000,48000,3.0,c94c66db4fc800f753f0f00f63cc062f7b3b3697ffb4da98d6a99af43b22f698,c94c66db4fc800f753f0f00f63cc062f7b3b3697ffb4da98d6a99af43b22f698,871
0,0,0,0,3,0,0,0,0,3,1,0,9644,16000,48000,3.0,ab8e26375fef8183bec9bb811f4696d8fa62dfe3b1255077d065a77db5b79c19,ab8e26375fef8183bec9bb811f4696d8fa62dfe3b1255077d065a77db5b79c19,872
0,0,0,0,0,0,0,0,0,3,0,0,9647,16000,48000,3.0,aa8b7bd69a96646181fe722439d1c674530cdebf00be797b7b5cd9ee45ce8564,aa8b7bd69a96646181fe722439d1c674530cdebf00be797b7b5cd9ee45ce8564,873
0,0,0,0,0,0,0,0,0,3,0,0,9670,16000,48000,3.0,197f62f0deedee890e91738b4b20adf735b2e265cfa0354cffd119ff3c2f8a7e,197f62f0deedee890e91738b4b20adf735b2e265cfa0354cffd119ff3c2f8a7e,874
2,0,0,0,2,0,0,0,0,1,0,0,9675,16000,48000,3.0,a5571634cc5c0f3f7dfbdc445642bf85aa9f71afe437fcc179c15a3d5d52bf23,a5571634cc5c0f3f7dfbdc445642bf85aa9f71afe437fcc179c15a3d5d52bf23,875
0,2,0,0,3,0,0,0,0,1,2,0,9698,16000,48000,3.0,93ec45c82e5f477d4456dd393f35a1480ef29897a259cc7a04f498861ea8180a,93ec45c82e5f477d4456dd393f35a1480ef29897a259cc7a04f498861ea8180a,876
0,0,0,0,3,0,0,0,0,3,0,0,9714,16000,48000,3.0,56a8278e543124a70884eca98db9e867740ff87085584d63afb58ef7584e8584,56a8278e543124a70884eca98db9e867740ff87085584d63afb58ef7584e8584,877
1,2,0,0,0,0,0,0,0,0,1,0,9719,16000,48000,3.0,380a8dba315f441d63ee13742869fed75973e8eb5e4e8d2c75afa6225523d39d,380a8dba315f441d63ee13742869fed75973e8eb5e4e8d2c75afa6225523d39d,878
2,0,0,0,3,0,0,0,0,1,0,0,9723,16000,48000,3.0,af0237c212f2cabd0fb1ea80d169f15c9a64edf287339468ba8294f635a172c0,af0237c212f2cabd0fb1ea80d169f15c9a64edf287339468ba8294f635a172c0,879
0,0,0,0,0,0,0,0,0,3,1,0,9734,16000,48000,3.0,25e7d945da9aadbf460247e4e52b6b60ec575d99106355041b89a3bab53db56d,25e7d945da9aadbf460247e4e52b6b60ec575d99106355041b89a3bab53db56d,880
1,0,0,0,2,0,0,0,0,2,1,0,9747,16000,48000,3.0,42909ce2aefc30f46572961b8886375faacb1fd575c43fe5bf5ebd6a856d166c,42909ce2aefc30f46572961b8886375faacb1fd575c43fe5bf5ebd6a856d166c,881
0,0,0,0,0,0,0,0,0,3,1,0,9756,16000,48000,3.0,59b94c0c2907b80f0338186f347d44028fedc0efd8fef82a9c0768aceef837cb,59b94c0c2907b80f0338186f347d44028fedc0efd8fef82a9c0768aceef837cb,882
0,0,0,0,0,0,0,0,0,3,1,0,9781,16000,48000,3.0,24062cb92105aeba685bfe5b2d74e58f39d59ff363c2b31108a17acccec2467e,24062cb92105aeba685bfe5b2d74e58f39d59ff363c2b31108a17acccec2467e,883
0,0,0,3,0,0,0,0,0,0,1,0,9797,16000,48000,3.0,b1fe6b18691d42750e288dc2eaf89ce8218704989645d34c9409095277951012,b1fe6b18691d42750e288dc2eaf89ce8218704989645d34c9409095277951012,884
2,2,1,0,1,0,0,0,0,0,0,0,9812,16000,48000,3.0,931c86f39cb617c74fab0f02732d1aca404eb797fc38b2255aa3d92f3360d321,931c86f39cb617c74fab0f02732d1aca404eb797fc38b2255aa3d92f3360d321,885
0,1,3,1,0,0,0,0,1,0,0,0,9848,16000,48000,3.0,e51b7d1251eaf62828ad4a86031b3503cbc4db4787c5685b076efaf33adc80f8,e51b7d1251eaf62828ad4a86031b3503cbc4db4787c5685b076efaf33adc80f8,886
0,2,2,1,0,0,0,0,0,0,0,0,9857,16000,48000,3.0,545e288797fd53cfd27c6e67a402189f4c8590bbfadb5929d828b6366d4655e5,545e288797fd53cfd27c6e67a402189f4c8590bbfadb5929d828b6366d4655e5,887
0,1,0,1,3,0,0,0,0,1,0,0,9867,16000,48000,3.0,4dfdf833fb77d32db99ae5dd76c6ec90d1961ba1f0450d58b0785a76e2021b2c,4dfdf833fb77d32db99ae5dd76c6ec90d1961ba1f0450d58b0785a76e2021b2c,888
1,1,0,0,0,0,0,0,0,1,0,0,9879,16000,48000,3.0,b2cd7e9b22db18a098667c068e23bf3233228149944c57eea138ebca50c460e9,b2cd7e9b22db18a098667c068e23bf3233228149944c57eea138ebca50c460e9,889
0,0,0,0,0,0,0,0,0,3,0,0,9885,16000,48000,3.0,e97b886bda0b820cb5ff9ee30308101bde3268556c6531a2b2eb6e1fe9cbac5e,e97b886bda0b820cb5ff9ee30308101bde3268556c6531a2b2eb6e1fe9cbac5e,890
0,2,0,0,0,0,0,0,0,1,0,0,9889,16000,48000,3.0,e06a8445669eb18dbc249e3de499eff925ac783b8c38fb3bc1dce5a29a324c86,e06a8445669eb18dbc249e3de499eff925ac783b8c38fb3bc1dce5a29a324c86,891
0,1,1,0,0,0,0,0,0,1,1,0,9895,16000,48000,3.0,54804fba4f275406fc846be19466534880d4204f880e586764a3dee8f9777a74,54804fba4f275406fc846be19466534880d4204f880e586764a3dee8f9777a74,892
0,0,0,0,0,0,0,0,0,3,0,0,9910,16000,48000,3.0,ae68cdc88a0e9108bc225d875b9fd9f9aa21eb26cc88edb48a3a1a328409d40d,ae68cdc88a0e9108bc225d875b9fd9f9aa21eb26cc88edb48a3a1a328409d40d,893
1,0,0,1,0,0,0,0,0,2,0,0,9914,16000,48000,3.0,e84c50b20f146150904134c255c5add7df3f1c9925a053adb3faf11d5d0225b2,e84c50b20f146150904134c255c5add7df3f1c9925a053adb3faf11d5d0225b2,894
0,1,0,0,0,0,0,0,0,2,1,0,9923,16000,48000,3.0,f6067d58592bf4190297996c1072f4c53313bed87f308d9a193394d7405c5320,f6067d58592bf4190297996c1072f4c53313bed87f308d9a193394d7405c5320,895
0,0,0,0,0,0,0,0,0,3,0,0,9931,16000,48000,3.0,57463ca04264ea26d182a11799213c9e203c2f68595f8e673c13729cf0b3e214,57463ca04264ea26d182a11799213c9e203c2f68595f8e673c13729cf0b3e214,896
0,0,0,0,0,0,0,0,0,3,0,0,9935,16000,48000,3.0,bccbef8f7e3b510fc5258c51953448441382cd885039d15c17a18fa30cb47280,bccbef8f7e3b510fc5258c51953448441382cd885039d15c17a18fa30cb47280,897
0,0,0,0,0,0,0,0,0,3,0,0,9936,16000,48000,3.0,324c6239fe360bcf75fa31571d3f3b7668e741e61bd447abe1064fcdc08e5f94,324c6239fe360bcf75fa31571d3f3b7668e741e61bd447abe1064fcdc08e5f94,898
2,0,0,0,0,0,1,0,0,1,1,0,9938,16000,48000,3.0,2e0ee406c9ee63aa6185245f5dab6e5a1853fb963fd4c58a5214022862bc0cfb,2e0ee406c9ee63aa6185245f5dab6e5a1853fb963fd4c58a5214022862bc0cfb,899
1,0,3,0,0,0,0,0,0,0,0,0,9939,16000,48000,3.0,a624375d3aa5ef3e06d9340180f61b08831a0f8bdfe0adf42379e403f7c78853,a624375d3aa5ef3e06d9340180f61b08831a0f8bdfe0adf42379e403f7c78853,900
0,0,0,3,0,0,0,0,0,0,0,0,9943,16000,48000,3.0,26b078021456324e503dbffb4d302e3b765d2a6db090d1c031b6495e3c04e3f2,26b078021456324e503dbffb4d302e3b765d2a6db090d1c031b6495e3c04e3f2,901
0,1,2,0,0,0,0,0,0,1,0,0,9947,16000,48000,3.0,03f9394f92803706d3a70ae30609bb47a3811345fc5452ad1f8f827bf428e826,03f9394f92803706d3a70ae30609bb47a3811345fc5452ad1f8f827bf428e826,902
3,1,0,0,0,0,0,0,0,0,0,0,9949,16000,48000,3.0,0983cccd307f2a125aa4a47b2e073166a976cce3ca4b59335ce9358a56410787,0983cccd307f2a125aa4a47b2e073166a976cce3ca4b59335ce9358a56410787,903
0,0,0,0,0,0,0,0,0,3,2,0,9961,16000,48000,3.0,995a21fe53eba5d3bb392ca6d3e2bdc8fe6a1bd2cd9b21a3036b5816bb9ab3bb,995a21fe53eba5d3bb392ca6d3e2bdc8fe6a1bd2cd9b21a3036b5816bb9ab3bb,904
0,0,0,0,2,0,0,0,0,3,0,0,9964,16000,48000,3.0,dc20fe302b4286793e3082ab1193b822a19fa21c42604a27a9038f9b40c2bd88,dc20fe302b4286793e3082ab1193b822a19fa21c42604a27a9038f9b40c2bd88,905
1,0,0,0,0,0,0,0,1,2,1,0,9971,16000,48000,3.0,39e4c3c04286d79a7655bcb8a85919eb843f4e878fd37419bf958ee30093ca68,39e4c3c04286d79a7655bcb8a85919eb843f4e878fd37419bf958ee30093ca68,906
0,0,3,0,0,0,0,0,0,0,1,0,9998,16000,48000,3.0,bb7ff9dd0f21be075105d5997bda3779c0182a0195eb3fdd3c9d7ca30fb3bfef,bb7ff9dd0f21be075105d5997bda3779c0182a0195eb3fdd3c9d7ca30fb3bfef,907
2,0,0,0,1,0,0,0,0,1,0,0,10011,16000,48000,3.0,942d9b36479db8643b442e49b8abb018fe5a0ecc16c123834306979145033ad7,942d9b36479db8643b442e49b8abb018fe5a0ecc16c123834306979145033ad7,908
0,0,0,3,2,0,0,0,0,0,0,0,10017,16000,48000,3.0,067acd052503793f7ef219677cf10f0c9509dae466209d0bf68e2d4ed564fe42,067acd052503793f7ef219677cf10f0c9509dae466209d0bf68e2d4ed564fe42,909
0,0,0,0,1,0,0,0,0,3,0,0,10023,16000,48000,3.0,b4a94fa12a478ef935ea4cc1d38233de99cca2301e4b5d062783a54c3e583ca5,b4a94fa12a478ef935ea4cc1d38233de99cca2301e4b5d062783a54c3e583ca5,910
0,0,0,0,0,0,0,0,0,3,2,0,10043,16000,48000,3.0,f349d150c3a74fed078c62b790e5327d378d09b9523806e5ee2b3da7a9d2ced5,f349d150c3a74fed078c62b790e5327d378d09b9523806e5ee2b3da7a9d2ced5,911
0,0,0,0,0,0,0,0,0,3,0,0,10062,16000,48000,3.0,bb75166ab2bb2b9ecaeb10dc137c36a6daed1c7bb54c6a448620ce5f2c31fc73,bb75166ab2bb2b9ecaeb10dc137c36a6daed1c7bb54c6a448620ce5f2c31fc73,912
0,2,0,0,0,0,0,0,1,1,0,0,10069,16000,48000,3.0,0a9f3f1863a4260478def95104a0889b6504c6882d19888e511e814daa78a867,0a9f3f1863a4260478def95104a0889b6504c6882d19888e511e814daa78a867,913
0,0,0,0,0,0,0,0,0,3,1,0,10098,16000,48000,3.0,f31d01ad339329123f9912b0e99cbe1df46bc3577d37ab63aaaebba83eee9043,f31d01ad339329123f9912b0e99cbe1df46bc3577d37ab63aaaebba83eee9043,914
0,0,0,0,0,0,1,0,1,3,0,0,10102,16000,48000,3.0,727fe6bfd22cff1e90aa41e78ea734019ee87ab5c5d4015e4a040fda1a8f2f51,727fe6bfd22cff1e90aa41e78ea734019ee87ab5c5d4015e4a040fda1a8f2f51,915
0,1,0,3,0,0,0,0,0,0,0,0,10112,16000,48000,3.0,7f93a0227fe32eeb849e2dc70c381c02aec82e7b070c684ba5183e1a4b5f4736,7f93a0227fe32eeb849e2dc70c381c02aec82e7b070c684ba5183e1a4b5f4736,916
1,0,0,0,0,0,0,0,0,2,0,0,10125,16000,48000,3.0,11c35358450d3252fb426c83c888f6c0c1e0e21f38aab883a9c51a3278e6c708,11c35358450d3252fb426c83c888f6c0c1e0e21f38aab883a9c51a3278e6c708,917
0,2,0,1,0,0,1,0,1,0,0,0,10139,16000,48000,3.0,16307c964175e4f485d7a4e28dc58cf36912df08dcbd8e88675cd693b2b045d6,16307c964175e4f485d7a4e28dc58cf36912df08dcbd8e88675cd693b2b045d6,918
0,0,0,0,0,0,1,0,0,3,0,0,10149,16000,48000,3.0,0adc5f42075e8098d69efe71ff93d08e1ad43e2d66610769498b884e998dfeaf,0adc5f42075e8098d69efe71ff93d08e1ad43e2d66610769498b884e998dfeaf,919
0,0,0,0,0,0,0,0,0,3,2,0,10174,16000,48000,3.0,885c920ecb86c6eaeefb2909ae38f7517ec76d6d7957df43dfc6f884ad14d92f,885c920ecb86c6eaeefb2909ae38f7517ec76d6d7957df43dfc6f884ad14d92f,920
0,1,0,0,0,0,0,0,0,3,0,0,10177,16000,48000,3.0,a05dabd2867517b387ca09add25ad247aaaaeec1347eed699b50a2583bb707f5,a05dabd2867517b387ca09add25ad247aaaaeec1347eed699b50a2583bb707f5,921
0,1,0,0,0,0,0,0,0,2,1,0,10179,16000,48000,3.0,e7b2b95669e43ba3496d7f1955022d0bac6183aeb9fdfed3c34b9454c29701f8,e7b2b95669e43ba3496d7f1955022d0bac6183aeb9fdfed3c34b9454c29701f8,922
0,1,0,0,0,0,0,0,0,2,0,0,10181,16000,48000,3.0,c988b30d921ae5abac39e613462843b3606f9beceb70ee991bf64266d7e2253d,c988b30d921ae5abac39e613462843b3606f9beceb70ee991bf64266d7e2253d,923
0,0,0,0,0,0,0,0,0,3,1,0,10187,16000,48000,3.0,86a424863fc95e618bdad822baf88e196cfec47af0c8a015e4ba1ba7de642176,86a424863fc95e618bdad822baf88e196cfec47af0c8a015e4ba1ba7de642176,924
0,0,0,0,0,0,0,0,0,3,0,0,10188,16000,48000,3.0,d4d36c27e41d01299568ee4279b1649f832313e40643dd5d78a96327391eb7e0,d4d36c27e41d01299568ee4279b1649f832313e40643dd5d78a96327391eb7e0,925
2,0,0,0,0,0,0,0,0,1,0,0,10194,16000,48000,3.0,cb9d263c46e48e941898eb2417bdcd2dbf4d82060c87e12fb98aa9ae817d47d5,cb9d263c46e48e941898eb2417bdcd2dbf4d82060c87e12fb98aa9ae817d47d5,926
1,2,1,3,1,0,0,0,0,0,0,0,10211,16000,48000,3.0,58a84229cc0eda9842aad2ee525c627169f7a0d30ddfcb76ac5cc7189b5d706f,58a84229cc0eda9842aad2ee525c627169f7a0d30ddfcb76ac5cc7189b5d706f,927
1,0,0,0,0,0,0,0,0,2,0,0,10251,16000,48000,3.0,b5d9f39a233cbf90fd7bbc4afdd5e5b7ca0b17273d2bbddc2b85c13647bdf152,b5d9f39a233cbf90fd7bbc4afdd5e5b7ca0b17273d2bbddc2b85c13647bdf152,928
0,1,2,1,1,0,0,0,0,0,1,0,10252,16000,48000,3.0,55ad1a2a2c2a53848837231eeb5b36c03efb8a91e68047c25768f3c190b1289f,55ad1a2a2c2a53848837231eeb5b36c03efb8a91e68047c25768f3c190b1289f,929
2,1,0,0,2,0,0,0,0,0,0,0,10264,16000,48000,3.0,d07ebbb2f296da0fdc7b80578eb4ba2dd9208f4c13eaf45646db48be2a8da63f,d07ebbb2f296da0fdc7b80578eb4ba2dd9208f4c13eaf45646db48be2a8da63f,930
1,1,0,0,1,0,0,0,0,1,2,0,10268,16000,48000,3.0,d25d7ff8ccb0e77100065bef0a0d14de0237ac93668a9869ad437b505f06be33,d25d7ff8ccb0e77100065bef0a0d14de0237ac93668a9869ad437b505f06be33,931
1,1,0,0,0,0,0,0,0,2,0,0,10274,16000,48000,3.0,e3a8ac59c3fa491ef956de3bfd66e3e7f4355ce2ce8946e98cec8b19314a122f,e3a8ac59c3fa491ef956de3bfd66e3e7f4355ce2ce8946e98cec8b19314a122f,932
0,0,0,0,1,0,0,0,0,3,0,0,10285,16000,48000,3.0,513fe66d2452ff746a8a3cd449d417391c7a9e882ab933a14dfd8a0fea338fe8,513fe66d2452ff746a8a3cd449d417391c7a9e882ab933a14dfd8a0fea338fe8,933
0,1,0,0,0,0,0,0,0,2,0,0,10286,16000,48000,3.0,0127dffe98634a2cc62425837aeb6330864f3a773ed2733eb9fbd90e7b41555e,0127dffe98634a2cc62425837aeb6330864f3a773ed2733eb9fbd90e7b41555e,934
1,0,0,0,1,0,0,0,0,2,0,0,10314,16000,48000,3.0,e868fb0c85b71d1fc0920b1b82dbabb3cac8e360fbd3ee8d3625754e11933c9e,e868fb0c85b71d1fc0920b1b82dbabb3cac8e360fbd3ee8d3625754e11933c9e,935
2,0,0,0,3,0,0,0,0,1,0,0,10328,16000,48000,3.0,7a40853275c4217882a8d398dff2b32c04a7e8ba54f8bf8ae126d87ac8813a9c,7a40853275c4217882a8d398dff2b32c04a7e8ba54f8bf8ae126d87ac8813a9c,936
1,1,0,1,1,0,0,0,0,1,1,0,10350,16000,48000,3.0,19f51640f48f5d237c3a0259171f93bb1b7d1910e4cbdfbbac55f98029d23183,19f51640f48f5d237c3a0259171f93bb1b7d1910e4cbdfbbac55f98029d23183,937
0,3,1,0,0,0,0,0,0,0,0,0,10360,16000,48000,3.0,bf90aa80b8270b5ae8c8a597ff5463e3b057fcd4df239bbf3e09aee5b551bfca,bf90aa80b8270b5ae8c8a597ff5463e3b057fcd4df239bbf3e09aee5b551bfca,938
3,1,0,0,0,0,0,0,0,0,1,0,10363,16000,48000,3.0,ab5ca2ba7a8d6db9b30756eaa5d3dff624fe1edd29d516182ceb6cd8f8fba4b6,ab5ca2ba7a8d6db9b30756eaa5d3dff624fe1edd29d516182ceb6cd8f8fba4b6,939
0,1,2,2,0,0,0,0,0,0,0,0,10375,16000,48000,3.0,1ed8b21dd8777b2103eeaf6d58a7a052fd239dfd26455ac763554278d865e254,1ed8b21dd8777b2103eeaf6d58a7a052fd239dfd26455ac763554278d865e254,940
0,2,0,0,0,0,0,0,0,1,2,0,10381,16000,48000,3.0,936ebb07a64189f7d93959a97ba980649d88d463417071e18663c382d1bdae4f,936ebb07a64189f7d93959a97ba980649d88d463417071e18663c382d1bdae4f,941
1,0,0,0,3,0,1,0,0,3,1,0,10393,16000,48000,3.0,4c823cb533ddbd368e7729db20cda48f10b4fb289dab990a2c6cbdedf4176da8,4c823cb533ddbd368e7729db20cda48f10b4fb289dab990a2c6cbdedf4176da8,942
1,0,0,0,0,0,0,0,0,2,2,0,10394,16000,48000,3.0,160ca67428f79c74c061726e1abad1c52e289218086ec6b9b3414a9f04beb837,160ca67428f79c74c061726e1abad1c52e289218086ec6b9b3414a9f04beb837,943
1,0,0,0,0,0,0,0,0,2,1,0,10397,16000,48000,3.0,e4250d8dbf38b5f8ff4278477a6365f7a441a7465f994083af2b0fef961f4a4b,e4250d8dbf38b5f8ff4278477a6365f7a441a7465f994083af2b0fef961f4a4b,944
0,0,0,0,3,0,0,0,0,3,0,0,10399,16000,48000,3.0,f470317e53342200116c8a6e6c274c1b1d4f9c3eb6da4188f86087cf2d02dd01,f470317e53342200116c8a6e6c274c1b1d4f9c3eb6da4188f86087cf2d02dd01,945
1,0,0,0,3,0,0,0,0,2,0,0,10406,16000,48000,3.0,5cd5306bdba09e41d16c885f2ae9d605d3f1ead2de6bb74373c948ca1e07384b,5cd5306bdba09e41d16c885f2ae9d605d3f1ead2de6bb74373c948ca1e07384b,946
0,2,2,0,0,0,1,0,0,0,1,0,10413,16000,48000,3.0,954fd9ddbda4f2a3a8da2d21300a0705b7e9c76b8432131b017b1aa39820f58c,954fd9ddbda4f2a3a8da2d21300a0705b7e9c76b8432131b017b1aa39820f58c,947
0,0,0,0,0,0,0,0,0,3,0,0,10415,16000,48000,3.0,1aca67d260d6f2a3c3fa61f35d22bcfe207c462b1605635e54362b0319616f8f,1aca67d260d6f2a3c3fa61f35d22bcfe207c462b1605635e54362b0319616f8f,948
0,0,1,0,0,0,0,0,1,2,1,0,10431,16000,48000,3.0,463202fd9278fd38d8bb5115a70f43b4920c3f06dd07e227a642e897a23ef71c,463202fd9278fd38d8bb5115a70f43b4920c3f06dd07e227a642e897a23ef71c,949
1,0,2,0,0,0,0,0,0,0,0,0,10436,16000,48000,3.0,67f89d9bc4e73284e6bba1bc900a63b27bf153d668074686941387f0b69eca3d,67f89d9bc4e73284e6bba1bc900a63b27bf153d668074686941387f0b69eca3d,950
0,0,0,0,0,0,0,0,0,3,0,0,10447,16000,48000,3.0,e6e0a9c09be23a5da5816018b981d675bbc0fd6d7d36ed0580c9534f2cbb9049,e6e0a9c09be23a5da5816018b981d675bbc0fd6d7d36ed0580c9534f2cbb9049,951
0,0,0,0,0,0,0,0,1,3,0,0,10463,16000,48000,3.0,1c3d22816fbd2f8d92a155c9b98becffbc49fa100c44201124e933a8200b23ff,1c3d22816fbd2f8d92a155c9b98becffbc49fa100c44201124e933a8200b23ff,952
0,1,0,0,0,0,0,0,0,2,0,0,10469,16000,48000,3.0,da9782f9c68c7904097e579e2c9385016cb506e03c8d18426c05269eb286344f,da9782f9c68c7904097e579e2c9385016cb506e03c8d18426c05269eb286344f,953
2,0,0,0,0,0,0,0,0,1,1,0,10503,16000,48000,3.0,b995429308cebca254503011820201967a70c8c43ae3049d0ae09f3cacc2cc49,b995429308cebca254503011820201967a70c8c43ae3049d0ae09f3cacc2cc49,954
0,0,0,0,0,0,0,0,0,3,0,0,10508,16000,48000,3.0,cef5c6c378f9762231920750b1b8a38185e6812195268b2168be322bfbd37486,cef5c6c378f9762231920750b1b8a38185e6812195268b2168be322bfbd37486,955
1,1,0,0,0,0,0,0,0,1,1,0,10513,16000,48000,3.0,223c6e43838bf0afdff792d727f829c7470bcead15ec392c3e6d2d5e37cfab05,223c6e43838bf0afdff792d727f829c7470bcead15ec392c3e6d2d5e37cfab05,956
0,0,0,0,3,0,0,0,0,3,1,0,10568,16000,48000,3.0,7b6abb9f9155630994e20fcfa8b351fafa80c1f1c20972ef3feaaf440a4576ad,7b6abb9f9155630994e20fcfa8b351fafa80c1f1c20972ef3feaaf440a4576ad,957
0,0,0,0,0,0,0,0,0,3,0,0,10581,16000,48000,3.0,9e1552bca550a690b2b30afc856a7f6195b958f6c1f9ef0c43660c66e8e4c88f,9e1552bca550a690b2b30afc856a7f6195b958f6c1f9ef0c43660c66e8e4c88f,958
1,1,0,0,0,0,0,0,0,1,1,0,10585,16000,48000,3.0,4c7b44ea1200195a4762f4c10416fe91f1f3175c829ae963f0a9740c36312520,4c7b44ea1200195a4762f4c10416fe91f1f3175c829ae963f0a9740c36312520,959
0,0,0,1,1,0,0,0,0,2,0,0,10604,16000,48000,3.0,10d6488a191bdcfec11183942465da67ab3509763398d07c8c95d3262d9d01ad,10d6488a191bdcfec11183942465da67ab3509763398d07c8c95d3262d9d01ad,960
0,1,0,0,0,0,0,0,0,2,0,0,10611,16000,48000,3.0,6d17ec721afb454381574ca9eaa33c79ded2d8e0d2dcdb4b76a75064a3f6a3d9,6d17ec721afb454381574ca9eaa33c79ded2d8e0d2dcdb4b76a75064a3f6a3d9,961
0,1,0,0,1,0,0,0,1,2,2,0,10629,16000,48000,3.0,bfc095bb07ea78b30159156388080f7f66a8eee962fec6984f8a404dc6926272,bfc095bb07ea78b30159156388080f7f66a8eee962fec6984f8a404dc6926272,962
0,0,0,3,0,0,0,0,0,0,0,0,10644,16000,48000,3.0,b5d1aa72a87f420f665638160df8858baafb82ed8fd6d40163b874234b2878be,b5d1aa72a87f420f665638160df8858baafb82ed8fd6d40163b874234b2878be,963
0,2,0,0,0,0,0,0,0,1,0,0,10653,16000,48000,3.0,4f7179c08e5d6c9829ba5c57d32bf9cdb45c4c42ded956471f437014b724c0f3,4f7179c08e5d6c9829ba5c57d32bf9cdb45c4c42ded956471f437014b724c0f3,964
0,0,0,1,0,0,0,0,0,2,0,0,10661,16000,48000,3.0,20a2769eb2dce249d0a264d185a31d69f3efef48715687d689111d8e247ad508,20a2769eb2dce249d0a264d185a31d69f3efef48715687d689111d8e247ad508,965
0,2,0,0,0,0,0,0,0,1,1,0,10665,16000,48000,3.0,586771d2eb39793a53173932ebf58c1d5ad1bbe098f77a0ba27078a86e235e7d,586771d2eb39793a53173932ebf58c1d5ad1bbe098f77a0ba27078a86e235e7d,966
3,1,0,0,1,0,0,0,0,0,0,0,10668,16000,48000,3.0,e8c5afa7833c66efe36c485aac409be658a7079ef3d4158bf79da5b4f5122a3c,e8c5afa7833c66efe36c485aac409be658a7079ef3d4158bf79da5b4f5122a3c,967
0,0,0,0,1,0,0,0,0,3,0,0,10671,16000,48000,3.0,23afc28d2c2f091827164a870a433921927694a93427a7f5285adebf6ceb3850,23afc28d2c2f091827164a870a433921927694a93427a7f5285adebf6ceb3850,968
1,0,0,1,0,0,0,0,0,2,0,0,10681,16000,48000,3.0,e327eb231185a1ffc43a18852043393abed5e11b75e77b570163bad94c7e787b,e327eb231185a1ffc43a18852043393abed5e11b75e77b570163bad94c7e787b,969
0,0,0,3,0,0,0,0,0,0,1,0,10682,16000,48000,3.0,340ee1d5f54e835802bf35b37a2c77885c112dfb1fe0560cc94512e92de75f0e,340ee1d5f54e835802bf35b37a2c77885c112dfb1fe0560cc94512e92de75f0e,970
0,2,0,0,0,0,0,0,2,1,2,0,10683,16000,48000,3.0,83c20d4163133521a9cf30c9cb0499ec6e8790e30ab9e96d036e3a0c58098c29,83c20d4163133521a9cf30c9cb0499ec6e8790e30ab9e96d036e3a0c58098c29,971
0,1,0,0,0,1,0,0,1,2,0,0,10686,16000,48000,3.0,c97a87078ae082bd2d49cb98d24c080f5919cbece80d1f483c5893b75daa03b8,c97a87078ae082bd2d49cb98d24c080f5919cbece80d1f483c5893b75daa03b8,972
0,1,0,0,3,0,0,0,0,2,1,0,10703,16000,48000,3.0,9e19abe5f270beca3862cc808d8e87851d602463655d5e6139bc726dfcdf64a4,9e19abe5f270beca3862cc808d8e87851d602463655d5e6139bc726dfcdf64a4,973
0,0,0,0,3,0,0,0,0,3,0,0,10731,16000,48000,3.0,604885e4282faf22d3cf7710eaeac3dc96e344d773abdd2f1596a0fb7e8fbbd0,604885e4282faf22d3cf7710eaeac3dc96e344d773abdd2f1596a0fb7e8fbbd0,974
0,1,1,2,3,0,0,0,0,0,0,0,10737,16000,48000,3.0,a77ac77fe96d5183fbd47d4098996c9a40770b5e127b42fe416c97c3b14a985b,a77ac77fe96d5183fbd47d4098996c9a40770b5e127b42fe416c97c3b14a985b,975
0,0,0,0,0,0,0,0,0,3,0,0,10746,16000,48000,3.0,57445fb15760432de0b0942d89108d5a9b8de46806258ac1ba400236024f6731,57445fb15760432de0b0942d89108d5a9b8de46806258ac1ba400236024f6731,976
0,0,0,0,0,0,0,0,0,3,0,0,10747,16000,48000,3.0,9ff306440b7e2bb534ba1a7b5e7b6736491bce2917e59da660fe0b3d6b79c706,9ff306440b7e2bb534ba1a7b5e7b6736491bce2917e59da660fe0b3d6b79c706,977
0,0,1,0,1,0,0,0,0,2,0,0,10751,16000,48000,3.0,c41616b979bd5384bc8e5e7a257d9efbee3068800867266902848fef33276d69,c41616b979bd5384bc8e5e7a257d9efbee3068800867266902848fef33276d69,978
1,0,0,0,3,0,0,0,0,2,1,0,10759,16000,48000,3.0,6f1588093747ca9e47ea54da903e40d5393755bb218254916b938057a31d8bb0,6f1588093747ca9e47ea54da903e40d5393755bb218254916b938057a31d8bb0,979
1,1,0,3,2,0,0,0,0,0,0,0,10775,16000,48000,3.0,8893b333ab549807a69dca3c3a4b8377ef8f5b02acfc2f03439eb05f8be4134f,8893b333ab549807a69dca3c3a4b8377ef8f5b02acfc2f03439eb05f8be4134f,980
1,1,0,0,3,0,0,0,0,1,0,0,10778,16000,48000,3.0,da03f6aa5d19b701ef4c2cbcf27b0a228ec29df054fb5b92914f028718f29855,da03f6aa5d19b701ef4c2cbcf27b0a228ec29df054fb5b92914f028718f29855,981
1,0,0,0,0,0,0,0,0,2,0,0,10793,16000,48000,3.0,45bddaaef025ae55633d7a9767fc4e6205d4993bb19d82cf7df1caa59634b8f8,45bddaaef025ae55633d7a9767fc4e6205d4993bb19d82cf7df1caa59634b8f8,982
0,0,0,0,0,0,0,0,0,3,0,0,10797,16000,48000,3.0,9c95735ff63b8c2d84dd0dd16bf3f790efc2f65362fd6629739b85692082cd22,9c95735ff63b8c2d84dd0dd16bf3f790efc2f65362fd6629739b85692082cd22,983
0,1,0,3,0,0,0,0,0,0,1,0,10827,16000,48000,3.0,3f15e37183e684b60b119c0d7a69097db4330f1f1678c4473a5338ebc86e5602,3f15e37183e684b60b119c0d7a69097db4330f1f1678c4473a5338ebc86e5602,984
1,0,0,0,0,0,0,0,0,2,1,0,10835,16000,48000,3.0,5309e0c529990e327a2bd0143d6d9ac0d1ef841fe2fd9abf3916122089efc610,5309e0c529990e327a2bd0143d6d9ac0d1ef841fe2fd9abf3916122089efc610,985
0,1,0,0,0,0,0,0,0,2,0,0,10855,16000,48000,3.0,6b1231fbaf46688e084115bdcbbc38ef8a7920b3bb83133c832593d929fbec41,6b1231fbaf46688e084115bdcbbc38ef8a7920b3bb83133c832593d929fbec41,986
0,0,0,0,0,0,0,0,0,3,2,0,10856,16000,48000,3.0,a49ac283371e7520bd336771da74702865ae3c0f2723a206331d8e8639407576,a49ac283371e7520bd336771da74702865ae3c0f2723a206331d8e8639407576,987
0,0,0,0,0,0,1,0,0,3,1,0,10866,16000,48000,3.0,dd54fb14162e760495599f6a32e33814066b422a43866c39c73acc600d782d21,dd54fb14162e760495599f6a32e33814066b422a43866c39c73acc600d782d21,988
0,0,0,0,0,0,0,0,0,3,0,0,10870,16000,48000,3.0,d405e779907769f9b80bafccb4089b1299cc5bcde722da65f3ac9d3fb220891a,d405e779907769f9b80bafccb4089b1299cc5bcde722da65f3ac9d3fb220891a,989
1,3,0,0,0,0,0,0,1,1,0,0,10881,16000,48000,3.0,c9a0ee3314ff108d73334ce472afe18dc7c25f03535daa0b2debf4dcdcd62ca8,c9a0ee3314ff108d73334ce472afe18dc7c25f03535daa0b2debf4dcdcd62ca8,990
0,0,0,0,3,0,0,0,0,3,0,0,10884,16000,48000,3.0,3b8efe7a5c38548beb5bed648cd3b3721c8a20e0431b61ee77dc4bf92689d77c,3b8efe7a5c38548beb5bed648cd3b3721c8a20e0431b61ee77dc4bf92689d77c,991
0,1,0,0,0,0,0,0,0,2,0,0,10929,16000,48000,3.0,3ce11725edad16cd036642fe5b606005be76e1d7fd096cd0a71dea8bad260be3,3ce11725edad16cd036642fe5b606005be76e1d7fd096cd0a71dea8bad260be3,992
0,0,0,0,0,0,0,0,0,3,0,0,10940,16000,48000,3.0,7280dab65b64e6bf08d1217224255b36bdabe4378fcd1760a0d4531d7362e487,7280dab65b64e6bf08d1217224255b36bdabe4378fcd1760a0d4531d7362e487,993
0,0,0,3,1,0,0,0,0,0,1,0,10946,16000,48000,3.0,1325bad2d501aa98d348c8c5a7637b11850542ad0d3a73a8e0d3a3cf134bba68,1325bad2d501aa98d348c8c5a7637b11850542ad0d3a73a8e0d3a3cf134bba68,994
0,3,0,0,0,0,0,0,0,1,0,0,10947,16000,48000,3.0,0f23827939856eefd46209415cfb7028a51cbc6338fa04d10362b0653eb5c7e1,0f23827939856eefd46209415cfb7028a51cbc6338fa04d10362b0653eb5c7e1,995
0,0,1,0,0,0,0,0,0,2,0,0,10974,16000,48000,3.0,788859bda432aebc4173d3bdb931cba2a022bf5157402efdb7bec1851eeba94d,788859bda432aebc4173d3bdb931cba2a022bf5157402efdb7bec1851eeba94d,996
0,0,0,0,0,0,0,0,0,3,2,0,10990,16000,48000,3.0,f2867be5a9d68d707490cdfd8425a86fd7debf9221daa72e0938a059e513d6e0,f2867be5a9d68d707490cdfd8425a86fd7debf9221daa72e0938a059e513d6e0,997
0,1,0,0,0,0,0,0,0,2,1,3,10994,16000,48000,3.0,684a3d818bc742afbad2d7778399312e5c671c9b366470fd33311daff5651d0c,684a3d818bc742afbad2d7778399312e5c671c9b366470fd33311daff5651d0c,998
1,0,0,0,0,0,0,0,0,2,0,0,10998,16000,48000,3.0,dd71d6fbd708d5d3beb83b0a34e148c3e0cfb365cd321e132ca68f1e96bb3f74,dd71d6fbd708d5d3beb83b0a34e148c3e0cfb365cd321e132ca68f1e96bb3f74,999
0,1,1,0,1,0,0,0,2,1,1,0,11001,16000,48000,3.0,41a9391483bbdd646a8f70a7fdf9aaf66767a433ea177c62657ce5200ac451bd,41a9391483bbdd646a8f70a7fdf9aaf66767a433ea177c62657ce5200ac451bd,1000
0,0,0,0,0,0,0,0,0,3,1,0,11009,16000,48000,3.0,455612cd652391092222a7dcdfde5ad37e12a26fd94b7bf884b101ad12ee4897,455612cd652391092222a7dcdfde5ad37e12a26fd94b7bf884b101ad12ee4897,1001
1,0,0,1,0,0,0,0,2,1,1,0,11027,16000,48000,3.0,dadafefa277970e1c7fc36524444fb75316173978d49a7d91d24dd6af0cde60f,dadafefa277970e1c7fc36524444fb75316173978d49a7d91d24dd6af0cde60f,1002
0,1,0,0,0,0,0,0,1,2,0,0,11041,16000,48000,3.0,369a9f093594442a6b82fad98d2962501c8d70cb082d1617d9fabc8158a16657,369a9f093594442a6b82fad98d2962501c8d70cb082d1617d9fabc8158a16657,1003
0,0,0,0,0,0,0,0,0,3,1,0,11070,16000,48000,3.0,293bec07c726e4ea0790a71b7a1ee52b035a7d4a3466fa92e8b2545d8fdc8ec9,293bec07c726e4ea0790a71b7a1ee52b035a7d4a3466fa92e8b2545d8fdc8ec9,1004
0,0,0,0,0,0,0,0,0,3,1,0,11072,16000,48000,3.0,b76409c572dbecfa59af0bcd8c4fedd1833b2bf28d606dcf1f792115035e29e2,b76409c572dbecfa59af0bcd8c4fedd1833b2bf28d606dcf1f792115035e29e2,1005
1,0,0,0,2,0,0,1,0,2,0,0,11078,16000,48000,3.0,b153a8a7183ee2c5020c67501c3c8f4339106727df7ba59a88850c850f51c3fa,b153a8a7183ee2c5020c67501c3c8f4339106727df7ba59a88850c850f51c3fa,1006
0,2,1,0,0,0,0,0,0,0,0,0,11083,16000,48000,3.0,5ea8954fb2970fe63b31f1d2d55b2df024bc1afe95df843e21d6eb10b76418fe,5ea8954fb2970fe63b31f1d2d55b2df024bc1afe95df843e21d6eb10b76418fe,1007
0,1,3,0,2,0,0,0,0,0,0,0,11096,16000,48000,3.0,089777e97d0cceb85d2ae4f3307f6061776c3eb38b0530797e7ac965753e6052,089777e97d0cceb85d2ae4f3307f6061776c3eb38b0530797e7ac965753e6052,1008
0,1,0,0,0,0,1,0,0,2,0,0,11105,16000,48000,3.0,57a58d8f0fb24fbbddcdf08b4e3987dfa4e65ed576f8abfe46539044f6f5c5a8,57a58d8f0fb24fbbddcdf08b4e3987dfa4e65ed576f8abfe46539044f6f5c5a8,1009
0,0,3,0,0,0,0,0,0,0,1,0,11128,16000,48000,3.0,c2a8506b086f2937f3f3900126e183dd47c1affe73ae7a405eb9f114f82f10ca,c2a8506b086f2937f3f3900126e183dd47c1affe73ae7a405eb9f114f82f10ca,1010
0,0,0,0,0,0,0,0,0,3,1,0,11129,16000,48000,3.0,c11b0b73b43bcca09c63110807838f6ed7a384211715ab5437c71256e7b50bc1,c11b0b73b43bcca09c63110807838f6ed7a384211715ab5437c71256e7b50bc1,1011
0,0,0,0,0,0,0,0,2,3,0,0,11142,16000,48000,3.0,1738adec048ef03910d4465d13d675328fd0ed0a25aad90d375151fd211a9bca,1738adec048ef03910d4465d13d675328fd0ed0a25aad90d375151fd211a9bca,1012
0,2,0,3,3,0,0,0,0,0,0,0,11145,16000,48000,3.0,9f6c775cd39a1c3ed47a110f689e41958630e3c4752adc185a6ff510dad6a2f4,9f6c775cd39a1c3ed47a110f689e41958630e3c4752adc185a6ff510dad6a2f4,1013
0,1,0,0,0,0,0,0,0,2,1,0,11155,16000,48000,3.0,00259282e1e42397c13b565700571b6210d131894e6f722c133acdb321ec66b3,00259282e1e42397c13b565700571b6210d131894e6f722c133acdb321ec66b3,1014
0,0,0,0,1,0,0,0,0,3,0,0,11172,16000,48000,3.0,88ff599501b19ed467c4c325ced11ef4cd1d9b17b09d0e2263c4f2bc9c1fb127,88ff599501b19ed467c4c325ced11ef4cd1d9b17b09d0e2263c4f2bc9c1fb127,1015
0,0,0,0,0,0,0,0,0,3,2,0,11198,16000,48000,3.0,1c9f0b1f1a0c9c90b0646f3a4f4bf19945ef90991c52ae1f5be6aab2b56fb87a,1c9f0b1f1a0c9c90b0646f3a4f4bf19945ef90991c52ae1f5be6aab2b56fb87a,1016
1,0,0,0,1,0,0,0,0,2,1,0,11217,16000,48000,3.0,12e100293da395c7809b7a2443caa3fdb26caf8bb7cf0b01b1043104d595fe53,12e100293da395c7809b7a2443caa3fdb26caf8bb7cf0b01b1043104d595fe53,1017
0,0,0,0,0,0,0,0,0,3,1,0,11220,16000,48000,3.0,79aae4e35c751e4cbd3f349e93b75473500aaf117d6e25b518d62241249b77ff,79aae4e35c751e4cbd3f349e93b75473500aaf117d6e25b518d62241249b77ff,1018
0,2,0,0,3,0,0,0,0,1,0,0,11262,16000,48000,3.0,96aec099885f469f4f21d1f8a74d2e59b77c4c8442edb8a1e0565dfdd2be35e7,96aec099885f469f4f21d1f8a74d2e59b77c4c8442edb8a1e0565dfdd2be35e7,1019
0,0,0,0,0,0,1,0,0,3,0,0,11276,16000,48000,3.0,7756c41fec2ef812c779ef07ca1c6df6564adf459ef74a4cfa818aacb7bda381,7756c41fec2ef812c779ef07ca1c6df6564adf459ef74a4cfa818aacb7bda381,1020
0,0,0,0,0,0,0,0,0,3,0,0,11283,16000,48000,3.0,804001e4d11ff48631f90fc2b56aef575eb09abcfe71009045eeaf3e3f05a3ad,804001e4d11ff48631f90fc2b56aef575eb09abcfe71009045eeaf3e3f05a3ad,1021
0,0,0,0,0,0,0,0,0,3,0,0,11287,16000,48000,3.0,48ec910895518f1faf3ac28df2390ab40fa3c27b148bfd622fca956b4b3b5232,48ec910895518f1faf3ac28df2390ab40fa3c27b148bfd622fca956b4b3b5232,1022
1,0,1,3,1,0,0,0,0,0,0,0,11307,16000,48000,3.0,cd1deda6213c37ad830922bb46fe5c2a557bd46cc4dc321c3ae22c265f60e054,cd1deda6213c37ad830922bb46fe5c2a557bd46cc4dc321c3ae22c265f60e054,1023
0,1,3,0,0,0,0,0,1,0,0,0,11314,16000,48000,3.0,13d34ab9586bb6a4b391bb92832f55e1cc4f8362e5c24eda92ff051f67dca20b,13d34ab9586bb6a4b391bb92832f55e1cc4f8362e5c24eda92ff051f67dca20b,1024
0,0,0,3,3,0,0,0,0,0,1,0,11315,16000,48000,3.0,12635c48a922371e7ca01e6c11a31f052f10bfbb4ea160a427f0cd7a8314dfd1,12635c48a922371e7ca01e6c11a31f052f10bfbb4ea160a427f0cd7a8314dfd1,1025
0,0,0,3,3,0,0,0,0,0,0,0,11326,16000,48000,3.0,284a2c339d22a510ee664aa5dfe60ca6717322cc5d52ffeaca62ea6adfe4c029,284a2c339d22a510ee664aa5dfe60ca6717322cc5d52ffeaca62ea6adfe4c029,1026
0,1,0,3,0,0,0,0,0,0,0,0,11348,16000,48000,3.0,9a88c8ebd7a42fa58bf046ac6e93feb4f42f742f97d52b3c49f8e9f14bac84b3,9a88c8ebd7a42fa58bf046ac6e93feb4f42f742f97d52b3c49f8e9f14bac84b3,1027
0,0,0,3,1,0,0,0,0,0,0,0,11351,16000,48000,3.0,cd42e09604be27d6b25d915f8d99ae0664ae50b1721fc96cc66449a715f44abd,cd42e09604be27d6b25d915f8d99ae0664ae50b1721fc96cc66449a715f44abd,1028
0,0,0,3,3,0,0,0,0,0,0,0,11352,16000,48000,3.0,1e7e1cae664c3bdd11b9458a866411949536fd732212bbc7145455f2dbe51e99,1e7e1cae664c3bdd11b9458a866411949536fd732212bbc7145455f2dbe51e99,1029
0,1,0,0,3,0,0,0,0,2,0,0,11357,16000,48000,3.0,373a786675747b7e570f3c49bc55289138eb50965e584d710ed91f0d9c3cfea3,373a786675747b7e570f3c49bc55289138eb50965e584d710ed91f0d9c3cfea3,1030
0,0,0,0,0,0,2,0,1,3,1,0,11363,16000,48000,3.0,93ecc1fe347c68f51551d43481a5c2ef12e0897aa658e5f351b1ee61f62bf9b5,93ecc1fe347c68f51551d43481a5c2ef12e0897aa658e5f351b1ee61f62bf9b5,1031
0,1,2,0,2,0,0,0,0,0,0,0,11372,16000,48000,3.0,75982328beaade1783f74bcab81c826c561623781a29c4c80eacec84104dcfa6,75982328beaade1783f74bcab81c826c561623781a29c4c80eacec84104dcfa6,1032
0,1,1,3,1,0,0,0,0,0,0,0,11380,16000,48000,3.0,b22677b60f5f5d99c9b029c435bebf7771ae7c11e59193d170e25a06f86e1832,b22677b60f5f5d99c9b029c435bebf7771ae7c11e59193d170e25a06f86e1832,1033
0,1,3,0,0,0,0,0,0,0,0,0,11394,16000,48000,3.0,ff1bb486d1de01007ffe1785b579e38b2fea96bf9c8212d75b97d138d64399d4,ff1bb486d1de01007ffe1785b579e38b2fea96bf9c8212d75b97d138d64399d4,1034
0,1,1,2,2,0,0,0,0,0,0,0,11413,16000,48000,3.0,6552101be26e49e83e68f6887ff0542158dfe42c1f2fc3e7f68e15d441e21a14,6552101be26e49e83e68f6887ff0542158dfe42c1f2fc3e7f68e15d441e21a14,1035
0,0,0,0,0,0,0,0,0,3,0,0,11430,16000,48000,3.0,320eea765f5f5c47571d2217bf9e96c7c594baadcc44c2978f1c38128e8362f3,320eea765f5f5c47571d2217bf9e96c7c594baadcc44c2978f1c38128e8362f3,1036
0,0,1,3,3,0,0,0,0,0,0,0,11436,16000,48000,3.0,5fe263f8513c8dd5f609070526bec1ce1bae202d21b2facc88f5c3f21e919a7a,5fe263f8513c8dd5f609070526bec1ce1bae202d21b2facc88f5c3f21e919a7a,1037
0,0,0,0,0,0,0,0,0,3,3,0,11449,16000,48000,3.0,099331d497e98eebf5c2a739db261d4518875d9ebb069e4291cf4ee9433b78a1,099331d497e98eebf5c2a739db261d4518875d9ebb069e4291cf4ee9433b78a1,1038
0,1,0,3,1,0,0,0,1,0,0,0,11460,16000,48000,3.0,76b96deb3c0cc10b8256fc2e1e79ccc7ad5c6c6616308b9be45595808b6997d6,76b96deb3c0cc10b8256fc2e1e79ccc7ad5c6c6616308b9be45595808b6997d6,1039
0,0,0,0,0,0,0,0,0,3,0,0,11464,16000,48000,3.0,66d7c61224e082f485d49d10452db57a82bdb01459ffe5c6d15d5dfc7faf0d53,66d7c61224e082f485d49d10452db57a82bdb01459ffe5c6d15d5dfc7faf0d53,1040
0,0,0,0,0,0,0,0,0,3,1,0,11489,16000,48000,3.0,b5b88ac85aa3b3a786989d28dcbcddc4ea88820188b9458dbf761eec13b15b67,b5b88ac85aa3b3a786989d28dcbcddc4ea88820188b9458dbf761eec13b15b67,1041
1,2,0,0,0,0,0,0,0,0,2,0,11491,16000,48000,3.0,099b653127cd6695c58b73f1f9368ab9320abe9a55b0135dfb9b72abc75fd65e,099b653127cd6695c58b73f1f9368ab9320abe9a55b0135dfb9b72abc75fd65e,1042
0,0,0,0,0,0,0,0,0,3,0,3,11499,16000,48000,3.0,2ccc12bf1af852665c71acbccd3790e08dce58a1e12f574a71067b4bdb87228b,2ccc12bf1af852665c71acbccd3790e08dce58a1e12f574a71067b4bdb87228b,1043
0,2,0,0,0,0,0,0,0,1,1,0,11504,16000,48000,3.0,34ce322fb5e3be7c7d72f1a1a76c540b8171be5551a2cd38ca3ed9f5a374c214,34ce322fb5e3be7c7d72f1a1a76c540b8171be5551a2cd38ca3ed9f5a374c214,1044
0,0,0,0,0,0,0,0,0,3,1,0,11517,16000,48000,3.0,256ba512572362be1fc135f47e8f209cf4db6099d00017a0b9ebe7328a2c486a,256ba512572362be1fc135f47e8f209cf4db6099d00017a0b9ebe7328a2c486a,1045
0,1,0,0,0,0,1,0,1,2,0,0,11534,16000,48000,3.0,1cd0156eb9ce859188e56958ad2bf54e74fb78d93fbdf8029cd981b61ca413a4,1cd0156eb9ce859188e56958ad2bf54e74fb78d93fbdf8029cd981b61ca413a4,1046
0,2,0,0,2,0,1,0,0,1,1,0,11546,16000,48000,3.0,4cf196ae37e78f2adbe041a2188e52320f2ee143dce02439a4f26e834a076acc,4cf196ae37e78f2adbe041a2188e52320f2ee143dce02439a4f26e834a076acc,1047
1,0,1,0,0,0,1,0,1,1,1,0,11549,16000,48000,3.0,0d5008211f2f439477beb8cc1d6d1b1c6a129df9cdd4ade8bb6b61fcd85538aa,0d5008211f2f439477beb8cc1d6d1b1c6a129df9cdd4ade8bb6b61fcd85538aa,1048
1,1,0,0,0,0,0,0,0,2,0,0,11572,16000,48000,3.0,c9c8188da138bdc87cd238e1b6be33440a49d1d97b46e78e370361eac36a8123,c9c8188da138bdc87cd238e1b6be33440a49d1d97b46e78e370361eac36a8123,1049
0,0,0,0,0,0,1,0,1,3,0,0,11577,16000,48000,3.0,b9dbb1fb9557e70e1bbd56d92e670739b732bfa463c6c0067118cd2e599e8c91,b9dbb1fb9557e70e1bbd56d92e670739b732bfa463c6c0067118cd2e599e8c91,1050
0,0,0,0,0,0,0,0,0,3,0,0,11578,16000,48000,3.0,4944770d53ac58db6e78035f2e7592c5128cb61a2b8d5f8308ccacd79bd97acf,4944770d53ac58db6e78035f2e7592c5128cb61a2b8d5f8308ccacd79bd97acf,1051
0,1,0,0,0,0,0,0,0,2,0,0,11602,16000,48000,3.0,5c4b6457b0498dfee3240cc2fe5cc4081fbc9c3ac15faff87dfaa1c9b3c5259e,5c4b6457b0498dfee3240cc2fe5cc4081fbc9c3ac15faff87dfaa1c9b3c5259e,1052
0,0,0,0,0,0,0,0,0,3,0,0,11631,16000,48000,3.0,e66946cfb8ff06f7a3138d5d6c9f2aec743d1a7cec6017fff8435d501f3cf34f,e66946cfb8ff06f7a3138d5d6c9f2aec743d1a7cec6017fff8435d501f3cf34f,1053
3,2,0,0,0,0,1,0,0,0,0,0,11662,16000,48000,3.0,930cb01fc5252437307c6fa736289de532e65c6caae23bd6bb42296832a7e5a7,930cb01fc5252437307c6fa736289de532e65c6caae23bd6bb42296832a7e5a7,1054
0,0,0,0,0,0,0,0,0,3,1,0,11664,16000,48000,3.0,465a34eee484a4871bcecd493a98a65fd1e342e8d77458558cf7b628a5b8abce,465a34eee484a4871bcecd493a98a65fd1e342e8d77458558cf7b628a5b8abce,1055
0,0,0,0,0,0,0,0,0,3,0,0,11673,16000,48000,3.0,12569972c711339defcf4ad68cd3db3bc0fba20fc9124d109a6351e010d07760,12569972c711339defcf4ad68cd3db3bc0fba20fc9124d109a6351e010d07760,1056
0,0,0,0,0,0,0,0,1,3,0,0,11675,16000,48000,3.0,709e3fe561ce698f9314a37fd1c3c6f5ea1bba83fed0efc48cf7c6f38cdf67d2,709e3fe561ce698f9314a37fd1c3c6f5ea1bba83fed0efc48cf7c6f38cdf67d2,1057
1,2,0,0,0,0,0,0,0,1,0,0,11677,16000,48000,3.0,3d67b2815c0c351a3f5cb4bfb619bb00aa443d7e099e935ac2ed8d301db1c176,3d67b2815c0c351a3f5cb4bfb619bb00aa443d7e099e935ac2ed8d301db1c176,1058
0,0,0,0,0,0,0,0,0,3,1,0,11690,16000,48000,3.0,bcefb0752028f2ed993cfdf837274cb08e54e0c760b8c243c17cd31f2ad3da94,bcefb0752028f2ed993cfdf837274cb08e54e0c760b8c243c17cd31f2ad3da94,1059
1,0,3,0,0,0,0,0,1,0,0,0,11697,16000,48000,3.0,9a573cc0b73b1e9bb8168f8da3e10faea8b42183fd9ddbdb01e7a3e5d3708a13,9a573cc0b73b1e9bb8168f8da3e10faea8b42183fd9ddbdb01e7a3e5d3708a13,1060
0,0,0,0,1,0,0,0,0,3,0,0,11704,16000,48000,3.0,8999da52c16f6da709d0aef770aa9f60c9e65acc6869e518bd364bcebcb4477e,8999da52c16f6da709d0aef770aa9f60c9e65acc6869e518bd364bcebcb4477e,1061
0,0,0,0,0,0,0,1,0,3,0,0,11709,16000,48000,3.0,a1e846b7d6a4321fefda8b982733ccbeb5d0888bf98a6342ad83c1c919557d70,a1e846b7d6a4321fefda8b982733ccbeb5d0888bf98a6342ad83c1c919557d70,1062
1,0,0,0,3,0,0,0,0,2,0,0,11710,16000,48000,3.0,e16888e307d0f73c6148e39a1f7219133db15886a76077800e8d2b99c7d76847,e16888e307d0f73c6148e39a1f7219133db15886a76077800e8d2b99c7d76847,1063
0,0,0,0,0,0,0,0,1,3,0,0,11717,16000,48000,3.0,784a1129e108f20218aa5a0f6fdb9c12ef5e3cf5cb75d6d7d4bbafdd636fc316,784a1129e108f20218aa5a0f6fdb9c12ef5e3cf5cb75d6d7d4bbafdd636fc316,1064
0,0,0,3,3,0,0,0,0,0,0,0,11761,16000,48000,3.0,a882a167db7eb1981cfed7d7376df7a867a814b80ae861fa186e763ebca77bf7,a882a167db7eb1981cfed7d7376df7a867a814b80ae861fa186e763ebca77bf7,1065
3,1,0,0,3,0,0,0,0,0,0,0,11792,16000,48000,3.0,cf74a20775f26325aeff26dae36c4446d810e63fd788c976561532ead41b67b2,cf74a20775f26325aeff26dae36c4446d810e63fd788c976561532ead41b67b2,1066
0,0,1,0,0,0,0,0,0,2,0,0,11815,16000,48000,3.0,76cfcfbf4488955a0b300b0e683ccd1fcebbcb66af21b89d8a80b2c2beb14ef7,76cfcfbf4488955a0b300b0e683ccd1fcebbcb66af21b89d8a80b2c2beb14ef7,1067
1,0,0,3,0,0,0,0,0,0,0,0,11821,16000,48000,3.0,fc7e623ae97afdc245058a703d86ef57a2545848c861b4da789a40f48c72d404,fc7e623ae97afdc245058a703d86ef57a2545848c861b4da789a40f48c72d404,1068
1,0,0,0,3,0,0,0,0,2,0,0,11830,16000,48000,3.0,79c46c3a4962e985dcbd01dc9b111e7f38f0a69b7fa74d1dd06e5d160234d8a4,79c46c3a4962e985dcbd01dc9b111e7f38f0a69b7fa74d1dd06e5d160234d8a4,1069
0,1,1,0,0,0,0,0,0,2,0,0,11834,16000,48000,3.0,50569b9e6817a2f25261aaa0ab1fe005e2be12172d96218b53febe56e554f3ab,50569b9e6817a2f25261aaa0ab1fe005e2be12172d96218b53febe56e554f3ab,1070
0,0,0,0,3,0,0,0,1,3,1,0,11843,16000,48000,3.0,a3fb519d168671675539ef3a4bf687290665e13d9e56dff001c2226551ef202c,a3fb519d168671675539ef3a4bf687290665e13d9e56dff001c2226551ef202c,1071
1,1,0,0,2,0,0,0,0,1,2,0,11871,16000,48000,3.0,88ad73cf5934b6580d92783ccec285c5bfd22f576c5fd8151e164c3676e695a3,88ad73cf5934b6580d92783ccec285c5bfd22f576c5fd8151e164c3676e695a3,1072
0,0,0,0,1,0,0,0,0,3,1,0,11883,16000,48000,3.0,6f200164daea33403a4fd8fb9f9645b86b9628ce1459f7c9f4c70c0603b4f497,6f200164daea33403a4fd8fb9f9645b86b9628ce1459f7c9f4c70c0603b4f497,1073
1,0,0,0,2,0,0,0,0,2,0,0,11916,16000,48000,3.0,4badadcae2cf43b0deae5d26ea04c5dd9e44deadf4387bcdfe550e027aeac0c5,4badadcae2cf43b0deae5d26ea04c5dd9e44deadf4387bcdfe550e027aeac0c5,1074
1,0,0,0,1,0,0,0,0,2,1,0,11924,16000,48000,3.0,047800d3b89959974d3369469010fddf314cd593daa3c17823b06400628e2ec6,047800d3b89959974d3369469010fddf314cd593daa3c17823b06400628e2ec6,1075
1,0,0,0,3,0,0,0,1,2,1,0,11932,16000,48000,3.0,d5ca604a88b55982bfbb51d01bae6a27b65a7b74d60cbf7d947e1449fb42f57a,d5ca604a88b55982bfbb51d01bae6a27b65a7b74d60cbf7d947e1449fb42f57a,1076
2,1,0,0,3,0,0,0,0,1,1,0,11952,16000,48000,3.0,0d3fa4efd2aa9e50bad45dc0a5bf4af972e65f92f52773e4a23a2097fac37167,0d3fa4efd2aa9e50bad45dc0a5bf4af972e65f92f52773e4a23a2097fac37167,1077
0,0,0,0,3,0,0,0,0,3,0,0,11967,16000,48000,3.0,71e419771c52923c9df2e6180932b92c55f098a198e70ef7f9a8b6f85b86ce38,71e419771c52923c9df2e6180932b92c55f098a198e70ef7f9a8b6f85b86ce38,1078
0,0,0,0,0,0,0,0,0,3,2,0,12009,16000,48000,3.0,36999b8e70a052b45d30caa79eaf60c9eada7989832c3a930a32b690887bf594,36999b8e70a052b45d30caa79eaf60c9eada7989832c3a930a32b690887bf594,1079
1,0,0,0,0,0,0,0,0,2,0,0,12080,16000,48000,3.0,aa2564b87d2af5b49033bbe540d471ff76a9806789be13352d0d13b8bc4ea1b4,aa2564b87d2af5b49033bbe540d471ff76a9806789be13352d0d13b8bc4ea1b4,1080
0,0,0,0,0,0,0,0,0,3,1,0,12090,16000,48000,3.0,592bdbee39b618b1cbe99147b990a69b75d83d3de3151a1f53a3b7c1498034db,592bdbee39b618b1cbe99147b990a69b75d83d3de3151a1f53a3b7c1498034db,1081
0,0,0,0,0,0,0,0,0,3,1,0,12107,16000,48000,3.0,e659dc6d0722d36ee7481a24dde3970d304b1ca684998dfa94c75b2f156b323a,e659dc6d0722d36ee7481a24dde3970d304b1ca684998dfa94c75b2f156b323a,1082
0,2,1,0,0,0,0,0,0,0,1,0,12119,16000,48000,3.0,4b22396ad03152c4f793795388d8422db0ae252a4d55c595585bf023c27372bc,4b22396ad03152c4f793795388d8422db0ae252a4d55c595585bf023c27372bc,1083
0,0,0,0,1,0,0,0,0,3,0,0,12127,16000,48000,3.0,0a7e338c21138a715a276f57c83684d116b9a8756073be9339cc8988438a6a2e,0a7e338c21138a715a276f57c83684d116b9a8756073be9339cc8988438a6a2e,1084
0,0,0,0,1,0,0,0,2,3,0,0,12155,16000,48000,3.0,f353d6fa8fce8754ee11c4de5feb4eba42e5d682904c9f4e7ada151ca865366c,f353d6fa8fce8754ee11c4de5feb4eba42e5d682904c9f4e7ada151ca865366c,1085
0,1,2,0,0,0,0,0,0,0,0,0,12188,16000,48000,3.0,ce0d2a5314976812852b0ead567c4b022cedc627397ddfecc1e1120d6b33ca60,ce0d2a5314976812852b0ead567c4b022cedc627397ddfecc1e1120d6b33ca60,1086
0,1,1,1,0,0,0,0,0,0,0,0,12192,16000,48000,3.0,01c9b74f9812a9f95538f37247143040720f7eae0c0f388b865a71babcda9221,01c9b74f9812a9f95538f37247143040720f7eae0c0f388b865a71babcda9221,1087
0,0,0,0,0,0,0,0,0,3,1,0,12229,16000,48000,3.0,58d9b9e8c3600432e33670c72466aeaf04b80cdede50d7c8e81010897547ff63,58d9b9e8c3600432e33670c72466aeaf04b80cdede50d7c8e81010897547ff63,1088
0,1,0,3,0,0,0,0,0,0,0,0,12230,16000,48000,3.0,59090b276d67df7fab99ec80575cf1a642d8cfb61a92a0afa6eebcb258baa366,59090b276d67df7fab99ec80575cf1a642d8cfb61a92a0afa6eebcb258baa366,1089
2,1,0,0,0,0,0,0,0,0,2,0,12237,16000,48000,3.0,688189ceb74b48cc0a397fd9282347715c73c22270409b9af1a09f021eda102c,688189ceb74b48cc0a397fd9282347715c73c22270409b9af1a09f021eda102c,1090
0,1,2,0,0,0,0,0,0,0,0,0,12251,16000,48000,3.0,9ab3d93b550718d53fa9c80f6986bb25c3c89264c1c1b7123676f9e8d555ccbf,9ab3d93b550718d53fa9c80f6986bb25c3c89264c1c1b7123676f9e8d555ccbf,1091
0,0,0,0,0,0,0,0,0,3,3,0,12254,16000,48000,3.0,cc71286b55d12f32ab54b7786307458e4beb9462ca8c45a867116bd13b6a8669,cc71286b55d12f32ab54b7786307458e4beb9462ca8c45a867116bd13b6a8669,1092
1,0,0,0,0,0,0,0,0,2,1,0,12275,16000,48000,3.0,11603a2dc63d186bd8468df1382d2e3e3e8885101556aeebd399851d1a01b10c,11603a2dc63d186bd8468df1382d2e3e3e8885101556aeebd399851d1a01b10c,1093
0,0,0,0,0,0,0,0,0,3,0,0,12282,16000,48000,3.0,7d6f7a4683198bda96a282460c63a9e432a952f397768a7cab8760dc3e068929,7d6f7a4683198bda96a282460c63a9e432a952f397768a7cab8760dc3e068929,1094
1,1,0,0,0,0,0,0,0,2,1,0,12300,16000,48000,3.0,dd28c99979b1ffd3dbb6dec1437fcfe78e75ef1454a2eac505482467df1a353c,dd28c99979b1ffd3dbb6dec1437fcfe78e75ef1454a2eac505482467df1a353c,1095
2,0,0,0,3,0,0,0,0,1,1,0,12309,16000,48000,3.0,335931175198b3e10cfe0d98139de7af7fb74fcb6eebd2b64cd5fc424e958218,335931175198b3e10cfe0d98139de7af7fb74fcb6eebd2b64cd5fc424e958218,1096
0,1,0,0,0,0,0,0,0,2,2,0,12318,16000,48000,3.0,439bc09393303b54af33ae9b57650f82198d98dd3e7659d3d588bf021bf1ffe6,439bc09393303b54af33ae9b57650f82198d98dd3e7659d3d588bf021bf1ffe6,1097
0,1,0,0,1,0,0,0,0,2,2,0,12325,16000,48000,3.0,2e10a06044db1f651e327e615edfc5ccf689cbe34f33bcc453791e7b3e67b997,2e10a06044db1f651e327e615edfc5ccf689cbe34f33bcc453791e7b3e67b997,1098
1,2,1,0,0,0,0,0,0,0,1,0,12337,16000,48000,3.0,861378b7b6075f4b353861db169ba0be832c64d7a5025e9b87f26e830caba80d,861378b7b6075f4b353861db169ba0be832c64d7a5025e9b87f26e830caba80d,1099
0,0,1,2,0,0,0,0,0,0,2,0,12355,16000,48000,3.0,c00abfbc1e347a019bee6ee50d1ec357f2e541f6dd7b6ffa4320d8e508136360,c00abfbc1e347a019bee6ee50d1ec357f2e541f6dd7b6ffa4320d8e508136360,1100
0,1,0,3,2,0,0,0,1,0,1,0,12356,16000,48000,3.0,e19dfb0ef1a6ea14082bed6fc6fbe0ceac22ecef9604f7e89e31445a9024f914,e19dfb0ef1a6ea14082bed6fc6fbe0ceac22ecef9604f7e89e31445a9024f914,1101
1,1,2,0,0,0,0,0,0,0,0,0,12369,16000,48000,3.0,ccf2352920fded97edeebdce4a75b0a46791d0df27d8ff436133fe686d318643,ccf2352920fded97edeebdce4a75b0a46791d0df27d8ff436133fe686d318643,1102
0,0,0,0,3,0,0,0,0,3,0,0,12373,16000,48000,3.0,86d16bc8dae55d783b24374c07a6c6148d93058c44ba194ed5ec9ff5955ae6df,86d16bc8dae55d783b24374c07a6c6148d93058c44ba194ed5ec9ff5955ae6df,1103
0,1,0,0,0,0,0,0,0,2,2,0,12385,16000,48000,3.0,d7b838dde288a3605991d8fd08e57b1b3df3062ae64fe3cd77aa11f00de916e4,d7b838dde288a3605991d8fd08e57b1b3df3062ae64fe3cd77aa11f00de916e4,1104
0,1,0,0,3,0,0,0,0,2,2,0,12388,16000,48000,3.0,3ddc976e16d7879704eb1767d2dcb44cfbb449a7ec3798ff7f30c4166e546095,3ddc976e16d7879704eb1767d2dcb44cfbb449a7ec3798ff7f30c4166e546095,1105
0,0,0,0,1,0,0,0,0,3,0,0,12390,16000,48000,3.0,e70de319a712264713be82a7a9e42b7cef6b2e1d53573caab167e52197dbfa13,e70de319a712264713be82a7a9e42b7cef6b2e1d53573caab167e52197dbfa13,1106
1,0,0,0,3,0,0,0,0,2,1,0,12411,16000,48000,3.0,699590080dccb5ab4d0e61b200b8a807ec0566bac9893c595635aed3442067c8,699590080dccb5ab4d0e61b200b8a807ec0566bac9893c595635aed3442067c8,1107
0,2,0,0,0,0,0,0,0,1,0,0,12413,16000,48000,3.0,60658e38ac777a1f0fc6732069200bbb87208e876de7170fa0f50973e8c040aa,60658e38ac777a1f0fc6732069200bbb87208e876de7170fa0f50973e8c040aa,1108
0,0,0,0,2,0,0,0,0,3,1,0,12417,16000,48000,3.0,97c258187dbb000516a4adf09569668b0cc24aec02fc653422771a57b6ffe2ec,97c258187dbb000516a4adf09569668b0cc24aec02fc653422771a57b6ffe2ec,1109
0,0,0,0,0,0,0,0,0,3,0,0,12424,16000,48000,3.0,f6a83c93226215bfedc7200b2d37385061406d07f00b601a9261a8de2b67f63a,f6a83c93226215bfedc7200b2d37385061406d07f00b601a9261a8de2b67f63a,1110
0,0,0,0,2,0,0,0,0,3,0,0,12439,16000,48000,3.0,a8407f80317cb9672993f3ae6ccff5ea1d6544654ab29621b4383b70b8be3b0d,a8407f80317cb9672993f3ae6ccff5ea1d6544654ab29621b4383b70b8be3b0d,1111
0,0,0,0,0,0,0,0,0,3,0,0,12445,16000,48000,3.0,cf5677d8d1601a8fa99743a949296c056baacbc032bba1cc2d63cae0d5116afe,cf5677d8d1601a8fa99743a949296c056baacbc032bba1cc2d63cae0d5116afe,1112
0,1,0,0,0,0,0,0,0,3,0,0,12447,16000,48000,3.0,3130ffb9a08247db55a37d5f2a5876a43f50e7682b8523917eba80a9ea4857b3,3130ffb9a08247db55a37d5f2a5876a43f50e7682b8523917eba80a9ea4857b3,1113
0,0,1,1,3,0,0,0,0,1,0,0,12455,16000,48000,3.0,6bc79b0fe0b73d42adbca33ef23f71decc67c0d9d53e0789977566603cf1e49c,6bc79b0fe0b73d42adbca33ef23f71decc67c0d9d53e0789977566603cf1e49c,1114
1,1,2,0,2,0,0,0,0,0,0,0,12475,16000,48000,3.0,d3b1f6caf65002a6fa37467689618896c289b7550ca7e70857f31b3904e5f308,d3b1f6caf65002a6fa37467689618896c289b7550ca7e70857f31b3904e5f308,1115
0,1,0,0,0,0,0,0,0,2,0,0,12481,16000,48000,3.0,b2ace63fba3add0b7a8554d716ea299cdf46839b4fe777c20dd731aa9303a6c6,b2ace63fba3add0b7a8554d716ea299cdf46839b4fe777c20dd731aa9303a6c6,1116
0,0,0,0,2,0,0,0,0,3,2,0,12497,16000,48000,3.0,f614f425faca841e143c3ea91c8aecdc07ceab0bb714596e0dcc0a64a02c5a4a,f614f425faca841e143c3ea91c8aecdc07ceab0bb714596e0dcc0a64a02c5a4a,1117
1,0,0,0,3,0,0,0,0,2,1,0,12500,16000,48000,3.0,d3cdcff73b17705d88349c80d4baa4cbaaa94785ebc89b087bed00168e8525ad,d3cdcff73b17705d88349c80d4baa4cbaaa94785ebc89b087bed00168e8525ad,1118
2,1,0,0,3,0,0,0,0,1,0,0,12525,16000,48000,3.0,2ec2b3f8039c843b712db75d9b80e6b2a50a9df05829ddb298cb23461a176397,2ec2b3f8039c843b712db75d9b80e6b2a50a9df05829ddb298cb23461a176397,1119
0,0,0,0,2,0,0,0,0,3,0,0,12538,16000,48000,3.0,0886c77d8f78817ea50b54ba463fa9134db770590080c0b459f071099d8ef270,0886c77d8f78817ea50b54ba463fa9134db770590080c0b459f071099d8ef270,1120
1,0,0,0,0,0,0,0,0,2,0,0,12571,16000,48000,3.0,5c1363bc559505c5e6cd5e081b11f45e25c36424b7c1730a39ca60acb9243cfb,5c1363bc559505c5e6cd5e081b11f45e25c36424b7c1730a39ca60acb9243cfb,1121
2,0,1,0,1,0,0,0,0,0,0,0,12602,16000,48000,3.0,5130e66228b4439437d02005dd13fab0f9a4ab41b71abd079717e18a5ebac081,5130e66228b4439437d02005dd13fab0f9a4ab41b71abd079717e18a5ebac081,1122
0,0,0,0,0,0,0,0,0,3,2,0,12609,16000,48000,3.0,ef319ae46d4b81da973d35dd1d9fb9ea463376e6b13de9f076ef6f6881fd6ff8,ef319ae46d4b81da973d35dd1d9fb9ea463376e6b13de9f076ef6f6881fd6ff8,1123
0,0,0,0,0,0,0,0,0,3,0,2,12630,16000,48000,3.0,82a66c993bdd495c11ff67e91ef0b0904472eb957e53ee5811e3ac76b726889b,82a66c993bdd495c11ff67e91ef0b0904472eb957e53ee5811e3ac76b726889b,1124
0,0,0,0,0,0,0,0,0,3,1,3,12633,16000,48000,3.0,43b61d428c2198123f3942c3eb0f0c9a2370023abff317ceb16f3e2003400b96,43b61d428c2198123f3942c3eb0f0c9a2370023abff317ceb16f3e2003400b96,1125
0,0,0,0,0,0,0,0,0,3,1,3,12634,16000,48000,3.0,87282cf6bbb60efc17a28c6fae8858c583c263dd5e954ef6593201ace48e2c92,87282cf6bbb60efc17a28c6fae8858c583c263dd5e954ef6593201ace48e2c92,1126
0,0,0,0,0,0,0,0,0,3,0,2,12636,16000,48000,3.0,2f2484deb7df0aa348b01c1780606201c4296197f2bf56777634052279421580,2f2484deb7df0aa348b01c1780606201c4296197f2bf56777634052279421580,1127
0,0,0,0,0,0,0,0,0,3,2,3,12683,16000,48000,3.0,26c10a948a4d5a2fc1690c79d0848e58a0fb6ce3fa87c510e3ba97dbbf9b98cb,26c10a948a4d5a2fc1690c79d0848e58a0fb6ce3fa87c510e3ba97dbbf9b98cb,1128
1,1,0,0,1,0,1,1,2,2,0,0,12722,16000,48000,3.0,3f56cf028e8a3bed9bd3d0eabc795f6c769ed0b37eda13a9236aa737f12ab05a,3f56cf028e8a3bed9bd3d0eabc795f6c769ed0b37eda13a9236aa737f12ab05a,1129
1,1,1,0,0,0,0,2,2,0,0,0,12725,16000,48000,3.0,46bdd8ea41102cbce0dcfad70c2e4a1bcbce830be3f4d7efe9b56a472e434b7a,46bdd8ea41102cbce0dcfad70c2e4a1bcbce830be3f4d7efe9b56a472e434b7a,1130
0,0,2,1,0,0,0,1,2,0,0,0,12736,16000,48000,3.0,dc6a8ed263fe11a64379a479fbc5f9a15a01bd922df576b2e5e342f2a303035f,dc6a8ed263fe11a64379a479fbc5f9a15a01bd922df576b2e5e342f2a303035f,1131
2,0,0,0,0,1,1,0,2,0,0,0,12741,16000,48000,3.0,697e6bc9e1cdc1bad6a9fe4b6c6631b8a4eb32c542beeae8cd715b365a62d8a1,697e6bc9e1cdc1bad6a9fe4b6c6631b8a4eb32c542beeae8cd715b365a62d8a1,1132
0,1,2,0,0,0,0,1,2,0,0,0,12745,16000,48000,3.0,21f2d6b73e7ba11ff1de65c19a38d7bba8292a41156e8127aa3d61cf1146ff54,21f2d6b73e7ba11ff1de65c19a38d7bba8292a41156e8127aa3d61cf1146ff54,1133
1,2,0,0,0,0,0,0,0,0,0,0,12748,16000,48000,3.0,539a8321f035dd27f143d4515f40027e01aa51c97c1bbd9231ca2f32c829690e,539a8321f035dd27f143d4515f40027e01aa51c97c1bbd9231ca2f32c829690e,1134
0,0,0,0,0,0,0,3,0,3,0,0,12788,16000,48000,3.0,5c1fa2c90c4f86ac65775ca290b245de769e8348daf7f46d9c78e98d18327dd8,5c1fa2c90c4f86ac65775ca290b245de769e8348daf7f46d9c78e98d18327dd8,1135
1,0,1,2,1,0,0,0,0,0,0,0,12822,16000,48000,3.0,27838447725787db82e2f43dee98ee05a5f20ced5cb70ea5caa9ab4ba999059d,27838447725787db82e2f43dee98ee05a5f20ced5cb70ea5caa9ab4ba999059d,1136
0,2,1,0,0,0,0,0,0,0,0,0,12834,16000,48000,3.0,d76cd379ed50f0f5d5964fd2a6e3e596c09b3f311660c7d433fe439b6a8573b7,d76cd379ed50f0f5d5964fd2a6e3e596c09b3f311660c7d433fe439b6a8573b7,1137
0,1,0,0,0,0,0,2,1,2,0,0,12838,16000,48000,3.0,5b89c50a196bbcd35a8b625ae8e4c0b17d89ea10708f91bbbaea92b6c5bcb3d0,5b89c50a196bbcd35a8b625ae8e4c0b17d89ea10708f91bbbaea92b6c5bcb3d0,1138
2,0,0,0,2,0,0,0,1,2,0,0,12846,16000,48000,3.0,3e16f615b163f3ce0d109d0c4290a01e5c04d10c7aa88a182dc809b313359a77,3e16f615b163f3ce0d109d0c4290a01e5c04d10c7aa88a182dc809b313359a77,1139
1,1,3,0,1,0,0,0,1,0,0,0,12850,16000,48000,3.0,dc1676079064af7ebb7a25db3f0286e2d36b4a954839fcf8e2280ca27fc1ed7b,dc1676079064af7ebb7a25db3f0286e2d36b4a954839fcf8e2280ca27fc1ed7b,1140
0,0,0,0,0,0,1,3,0,3,0,0,12860,16000,48000,3.0,fad423c9ce6298419d292b62d22950a454f47a07e0b3f39db65dcab4fbef617e,fad423c9ce6298419d292b62d22950a454f47a07e0b3f39db65dcab4fbef617e,1141
0,1,0,0,0,0,0,0,0,2,0,0,12862,16000,48000,3.0,fcd1f8291414544b17b203eb23318b5b57e68a89731fc87756edb356de87c3e0,fcd1f8291414544b17b203eb23318b5b57e68a89731fc87756edb356de87c3e0,1142
0,0,0,0,2,0,0,0,0,3,1,0,12886,16000,48000,3.0,f82b0e6faf727666c0c2d00fc36abef0bb99b77da3773ba8ff55133123fae131,f82b0e6faf727666c0c2d00fc36abef0bb99b77da3773ba8ff55133123fae131,1143
1,1,0,0,0,0,0,3,0,2,0,0,12901,16000,48000,3.0,d72bc93fce406bc44b8dbe7a4e488d6d8631dbce7bd5aed57074f43d95b33e48,d72bc93fce406bc44b8dbe7a4e488d6d8631dbce7bd5aed57074f43d95b33e48,1144
0,0,0,0,0,0,0,3,0,3,0,0,12902,16000,48000,3.0,3002b09d48e1e9aa75f1414607a0a127a0bc1ed3e12df2402ca41143c7b6d4a6,3002b09d48e1e9aa75f1414607a0a127a0bc1ed3e12df2402ca41143c7b6d4a6,1145
0,0,0,0,0,0,0,3,0,3,0,0,12914,16000,48000,3.0,7b7f66e8cf75797776df6a0d21c18669cf081ac112e5063fc2d7c5a2e362e679,7b7f66e8cf75797776df6a0d21c18669cf081ac112e5063fc2d7c5a2e362e679,1146
0,0,0,0,0,0,0,2,1,3,0,0,12918,16000,48000,3.0,472ba841517fde2c453c7f4aa6f0dff5a50aa8f0fd2f6aa5cb613952c5c35b56,472ba841517fde2c453c7f4aa6f0dff5a50aa8f0fd2f6aa5cb613952c5c35b56,1147
1,2,1,0,0,0,0,0,1,0,0,0,12919,16000,48000,3.0,6a4c6bdffdfdee985e9a282e02ad15626c75d4384fc58d9705e62033e25590cc,6a4c6bdffdfdee985e9a282e02ad15626c75d4384fc58d9705e62033e25590cc,1148
1,0,0,0,2,0,0,0,0,2,1,0,12923,16000,48000,3.0,448434fbe134c9c9957cb07cefc3e6d33a5e9d145ce8700e0b3f7701cbb85ab4,448434fbe134c9c9957cb07cefc3e6d33a5e9d145ce8700e0b3f7701cbb85ab4,1149
2,0,1,0,0,0,1,2,1,1,0,0,12932,16000,48000,3.0,6a75b37f93ecab25e4adb810dd0ec4519c8cce6130a53e7b41b9a10ec9549618,6a75b37f93ecab25e4adb810dd0ec4519c8cce6130a53e7b41b9a10ec9549618,1150
3,0,0,0,0,0,0,0,0,0,0,0,12943,16000,48000,3.0,0c2d301b753f2876051ef8d5a242c27ac9b417221f1e182610a0d40269bd8a62,0c2d301b753f2876051ef8d5a242c27ac9b417221f1e182610a0d40269bd8a62,1151
0,1,3,0,0,0,0,0,2,0,0,0,12950,16000,48000,3.0,3fc63479f05b5e2b746e6d2a63d94c90b68ffa643a879c5022660e4e8042eb69,3fc63479f05b5e2b746e6d2a63d94c90b68ffa643a879c5022660e4e8042eb69,1152
2,0,1,0,0,0,0,0,1,0,0,0,12954,16000,48000,3.0,e458adef75d934dd583a99a055bf6424f68e9360e8b61efd89c1c8199f786dcc,e458adef75d934dd583a99a055bf6424f68e9360e8b61efd89c1c8199f786dcc,1153
2,1,1,0,1,0,0,0,0,0,0,0,12961,16000,48000,3.0,ae26f9530c98892c95c5a968a26f782547ccadc9fb6aeb927fc3481e8227245b,ae26f9530c98892c95c5a968a26f782547ccadc9fb6aeb927fc3481e8227245b,1154
2,1,0,0,0,0,0,0,0,0,0,0,12963,16000,48000,3.0,f3e8f4bba268c019873b20843fb7fbc83e65228b4523fbd36d6704c5b0f84081,f3e8f4bba268c019873b20843fb7fbc83e65228b4523fbd36d6704c5b0f84081,1155
0,1,1,0,0,0,0,0,0,1,0,0,12975,16000,48000,3.0,580e0ce40fc1689eb66226b083ae83ff3e28d222776022c99d727fd8a36a2c4c,580e0ce40fc1689eb66226b083ae83ff3e28d222776022c99d727fd8a36a2c4c,1156
0,0,0,0,3,0,0,0,0,3,1,0,12997,16000,48000,3.0,2a2be75155059a92faece3ffddfb77a7ce04773bfb9fe204052e9628dbafbe49,2a2be75155059a92faece3ffddfb77a7ce04773bfb9fe204052e9628dbafbe49,1157
0,0,0,0,0,0,0,0,0,3,0,0,13005,16000,48000,3.0,490b5567c98da3333489002d0a45ae0e292680c5643b1977e921482fb03e0759,490b5567c98da3333489002d0a45ae0e292680c5643b1977e921482fb03e0759,1158
0,0,0,0,0,0,0,0,0,3,0,0,13012,16000,48000,3.0,0b9db53ebcb5c3d2ba1f8b4f17e14892ee463d5bde035154776dbe87509094cc,0b9db53ebcb5c3d2ba1f8b4f17e14892ee463d5bde035154776dbe87509094cc,1159
0,0,0,0,3,0,0,0,0,3,1,0,13024,16000,48000,3.0,628e0d0e14d6e287ea8c4a4c27495eb1e4023866830f919d254663d8a637ee8d,628e0d0e14d6e287ea8c4a4c27495eb1e4023866830f919d254663d8a637ee8d,1160
1,1,2,0,0,0,0,0,0,0,0,0,13029,16000,48000,3.0,44484d104cdae0e7a71f92f6814ca165ad44691063eb3751e610e3050a87579e,44484d104cdae0e7a71f92f6814ca165ad44691063eb3751e610e3050a87579e,1161
2,0,1,0,3,0,0,0,0,0,1,0,13037,16000,48000,3.0,130452623203af0cb4c7f6586e8e63c5baf252c637deab0d74af5368523825f7,130452623203af0cb4c7f6586e8e63c5baf252c637deab0d74af5368523825f7,1162
0,2,0,0,2,0,0,1,0,1,1,0,13056,16000,48000,3.0,5a2c93bf66a8445e55a0dc53018af78c6904d2232261355e203f2fc140e3cf3d,5a2c93bf66a8445e55a0dc53018af78c6904d2232261355e203f2fc140e3cf3d,1163
0,0,0,0,1,0,0,0,0,3,1,0,13079,16000,48000,3.0,893a19f7f93dcb4e7497384126e018c801ddbfde09edcaa7f3106372987666c0,893a19f7f93dcb4e7497384126e018c801ddbfde09edcaa7f3106372987666c0,1164
0,0,0,0,2,0,0,0,0,3,0,0,13080,16000,48000,3.0,e414c8f281b7134e8dfd83ff2db446d06905f44bb60969a55ce85ed8dc528208,e414c8f281b7134e8dfd83ff2db446d06905f44bb60969a55ce85ed8dc528208,1165
0,2,0,0,3,0,0,0,0,1,1,0,13098,16000,48000,3.0,a0c2d2ac79e34d44b79407c53f45a18df8c8911d861d3d94b4ab9890733fd0a8,a0c2d2ac79e34d44b79407c53f45a18df8c8911d861d3d94b4ab9890733fd0a8,1166
1,0,0,0,0,0,0,0,0,2,1,0,13119,16000,48000,3.0,c4263e37665b787f024ec2a3abe48ee4fa5fe0b58d1e518c3855d88cecb119ff,c4263e37665b787f024ec2a3abe48ee4fa5fe0b58d1e518c3855d88cecb119ff,1167
0,0,3,0,0,0,0,0,0,0,1,0,13125,16000,48000,3.0,16f11e1947f667215e1300452e26bd1029c3d397d107042a4f6f1be944afb9dc,16f11e1947f667215e1300452e26bd1029c3d397d107042a4f6f1be944afb9dc,1168
1,1,0,0,2,0,0,0,0,2,0,0,13141,16000,48000,3.0,8fdc753adcabf17894c989de7c2a677df8e4e83991d9be264cc58b4635db2928,8fdc753adcabf17894c989de7c2a677df8e4e83991d9be264cc58b4635db2928,1169
1,2,2,0,0,0,0,0,1,0,0,0,13143,16000,48000,3.0,a79d0dabc9fab5bade0820a423eddf830af8c00d733916bfed1a577fc296d0e6,a79d0dabc9fab5bade0820a423eddf830af8c00d733916bfed1a577fc296d0e6,1170
2,0,0,0,1,0,0,0,0,1,1,0,13151,16000,48000,3.0,267c572c9f3dd2a3f353aeb587afe803789371ddcea24aaff06a6f30e636b2cb,267c572c9f3dd2a3f353aeb587afe803789371ddcea24aaff06a6f30e636b2cb,1171
0,0,0,3,1,0,0,0,1,0,0,0,13174,16000,48000,3.0,bfb645c31f6b2d56c1514ee74629e003dc3d1fe7ff8c0277f43cfe8fefc47e7f,bfb645c31f6b2d56c1514ee74629e003dc3d1fe7ff8c0277f43cfe8fefc47e7f,1172
0,1,0,3,0,0,0,0,0,0,0,0,13187,16000,48000,3.0,e1fbdbeadca196a681119a65b74a084acaad545259484029d27f0baf2bf9d0ad,e1fbdbeadca196a681119a65b74a084acaad545259484029d27f0baf2bf9d0ad,1173
0,1,1,0,0,0,0,0,0,2,0,0,13194,16000,48000,3.0,0eaae625d8cb8438c0938a8c228f00b5b39f8ced2d76e7bfc751e70209dc66e8,0eaae625d8cb8438c0938a8c228f00b5b39f8ced2d76e7bfc751e70209dc66e8,1174
0,1,0,0,0,0,0,0,0,2,1,0,13203,16000,48000,3.0,27934367c082b8b6414a546ffc255357b0f9da5173b8829495d1bbf9042e9c66,27934367c082b8b6414a546ffc255357b0f9da5173b8829495d1bbf9042e9c66,1175
0,2,0,0,3,0,0,0,0,1,1,0,13212,16000,48000,3.0,4b8c42228ac5a134da281a35366438559df9a63e410fc4113f8392067bf9c15e,4b8c42228ac5a134da281a35366438559df9a63e410fc4113f8392067bf9c15e,1176
2,0,0,0,3,0,0,0,0,1,1,0,13232,16000,48000,3.0,5f0b736ac1ee50c899e1d67b8a84c94debaa71aa914e969a2be622f63fca3219,5f0b736ac1ee50c899e1d67b8a84c94debaa71aa914e969a2be622f63fca3219,1177
0,0,0,0,0,0,0,0,0,3,0,0,13249,16000,48000,3.0,4de01f9dfead5c6a30f1f8f22b8cb7394933716cf1aa5f7e4c061e7cf1619a92,4de01f9dfead5c6a30f1f8f22b8cb7394933716cf1aa5f7e4c061e7cf1619a92,1178
0,1,0,0,2,0,0,0,0,2,2,0,13267,16000,48000,3.0,e00258b1fc2eedee20564ced688ddd4b5fb5cbfd67c28f9a2741189966246d26,e00258b1fc2eedee20564ced688ddd4b5fb5cbfd67c28f9a2741189966246d26,1179
0,0,0,3,0,0,0,0,0,0,0,0,13269,16000,48000,3.0,009c333d969cb613693a09fb8bd851a45e262a65dbeaf8610d6e6633a92b46ce,009c333d969cb613693a09fb8bd851a45e262a65dbeaf8610d6e6633a92b46ce,1180
1,1,0,0,0,0,0,0,0,1,0,0,13274,16000,48000,3.0,881a110250e621362bdd8ce20a9afb7f8c2bb4703bc0749e8f9ce4d20d927291,881a110250e621362bdd8ce20a9afb7f8c2bb4703bc0749e8f9ce4d20d927291,1181
0,0,0,0,0,0,0,0,0,3,0,0,13277,16000,48000,3.0,f59e1d12c64afbe6076fa75d4dcda342208a858e9a6d6fde7daedc6163cbfc29,f59e1d12c64afbe6076fa75d4dcda342208a858e9a6d6fde7daedc6163cbfc29,1182
0,0,1,2,0,0,0,0,0,0,0,0,13282,16000,48000,3.0,8107ec5aae94abea2cd8d33725cb948b7eec70ffa7187b72b7abac119e64ea48,8107ec5aae94abea2cd8d33725cb948b7eec70ffa7187b72b7abac119e64ea48,1183
0,0,0,3,1,0,0,0,0,0,0,0,13323,16000,48000,3.0,ed8481796f3e516deff892dfe7b98c2528d0a3016765c308eb7ccfd659121227,ed8481796f3e516deff892dfe7b98c2528d0a3016765c308eb7ccfd659121227,1184
1,1,1,0,1,0,0,0,0,1,1,0,13326,16000,48000,3.0,9b9f62c05e371818e0d3c494b398028753964d3d83a5a13cd50fb273f92f616d,9b9f62c05e371818e0d3c494b398028753964d3d83a5a13cd50fb273f92f616d,1185
0,0,3,0,0,0,0,0,0,0,0,0,13327,16000,48000,3.0,49de923e88e64f00ef579a897ee744370d6d076f29988be153ebab33753a0a83,49de923e88e64f00ef579a897ee744370d6d076f29988be153ebab33753a0a83,1186
1,1,0,0,0,0,0,1,0,1,1,0,13328,16000,48000,3.0,b5b62697240135354b139bb2c82344ed7e609425cc1360a7b7298bb98c543d75,b5b62697240135354b139bb2c82344ed7e609425cc1360a7b7298bb98c543d75,1187
3,1,0,0,1,0,0,0,0,0,0,0,13371,16000,48000,3.0,c3c8a702b880c269fa03918e59cc898c1af6c1e324ae43a7b878993e0eba96df,c3c8a702b880c269fa03918e59cc898c1af6c1e324ae43a7b878993e0eba96df,1188
0,2,0,0,0,0,0,0,1,1,0,0,13382,16000,48000,3.0,3cc31c130fec2a176acbd85b6fb83ad1a42b309064d6d3966de4fede573a8861,3cc31c130fec2a176acbd85b6fb83ad1a42b309064d6d3966de4fede573a8861,1189
0,1,2,0,3,0,0,0,0,0,0,0,13383,16000,48000,3.0,d6f1ff8e38a9659971d4b965f842fc1057cef2c2cd5c5b163a74a40dcc3db162,d6f1ff8e38a9659971d4b965f842fc1057cef2c2cd5c5b163a74a40dcc3db162,1190
0,0,0,0,2,0,0,0,0,3,2,0,13393,16000,48000,3.0,15886c3f59e3b6278ed40afddc65e7b02fb8fe268ba139ca81585fd13c710349,15886c3f59e3b6278ed40afddc65e7b02fb8fe268ba139ca81585fd13c710349,1191
1,0,0,0,0,0,0,0,0,2,0,0,13403,16000,48000,3.0,a918adb19bdcab34bd56f1d141f03264e6c10e83c412204f19154649549e0a0f,a918adb19bdcab34bd56f1d141f03264e6c10e83c412204f19154649549e0a0f,1192
0,1,0,0,0,0,0,0,0,3,0,0,13405,16000,48000,3.0,5c9312d4433f9c3cfd790bfa23c3b66142af8f95bfcac4f93598cfee65a28b2b,5c9312d4433f9c3cfd790bfa23c3b66142af8f95bfcac4f93598cfee65a28b2b,1193
0,2,0,0,0,0,0,0,1,1,0,0,13417,16000,48000,3.0,13d04c98fe8ab5da10109874e6970554d6c72e253d08a1144699cc1621fb7dcf,13d04c98fe8ab5da10109874e6970554d6c72e253d08a1144699cc1621fb7dcf,1194
1,0,0,0,3,0,0,0,0,2,1,0,13436,16000,48000,3.0,0e3802a1cb949af65a118e26697b7a9e7d43097b7293418ada98217961ef6b9d,0e3802a1cb949af65a118e26697b7a9e7d43097b7293418ada98217961ef6b9d,1195
0,1,0,0,0,0,0,0,0,2,0,0,13443,16000,48000,3.0,e72054cb9c47a2d19199f5b427b361b25fdef31bb639d93a3db3ec350f536edb,e72054cb9c47a2d19199f5b427b361b25fdef31bb639d93a3db3ec350f536edb,1196
2,1,0,0,0,0,0,0,0,0,0,0,13445,16000,48000,3.0,a5e84328d3d023d90a919efd4f5334720a5fb74b41a95ebf52e12ae57d7e925c,a5e84328d3d023d90a919efd4f5334720a5fb74b41a95ebf52e12ae57d7e925c,1197
0,0,2,0,0,0,0,0,0,1,0,0,13491,16000,48000,3.0,fbc0f2438cbd054442741cea4bd0d04e8c8583f17f9c195bb1c05b635523450d,fbc0f2438cbd054442741cea4bd0d04e8c8583f17f9c195bb1c05b635523450d,1198
0,3,0,0,3,0,0,0,1,0,1,0,13492,16000,48000,3.0,4195c304f3141a75cfd9e0e8cca3e5aef52724ae1e1a6b492d27ee05a1fb31ca,4195c304f3141a75cfd9e0e8cca3e5aef52724ae1e1a6b492d27ee05a1fb31ca,1199
0,1,0,0,3,0,0,0,0,2,2,0,13501,16000,48000,3.0,eab5dc890e653357ee706eb9f09c1063e7776767ca6c794c959bd15d9b0aad0a,eab5dc890e653357ee706eb9f09c1063e7776767ca6c794c959bd15d9b0aad0a,1200
0,3,0,0,0,0,0,0,0,0,0,0,13513,16000,48000,3.0,ca72f48e68038b81a4ce7a700c081fc82d2c60a757824391d6a5ec83cdb6e555,ca72f48e68038b81a4ce7a700c081fc82d2c60a757824391d6a5ec83cdb6e555,1201
0,1,0,1,1,0,0,0,0,1,0,0,13518,16000,48000,3.0,f112d5b4f1c1ce58257c9f7159109630b583fa2798e21c4472c45c1f4aa3ed20,f112d5b4f1c1ce58257c9f7159109630b583fa2798e21c4472c45c1f4aa3ed20,1202
0,0,0,3,0,0,0,0,1,0,1,0,13519,16000,48000,3.0,1b7c9fa42f68a0f4732e01062b1be43773c8bd25e81efc8a29a745dffdf1afb4,1b7c9fa42f68a0f4732e01062b1be43773c8bd25e81efc8a29a745dffdf1afb4,1203
3,0,1,0,3,0,2,0,0,0,1,0,13551,16000,48000,3.0,59f5df60582af58df56c1c271f0cc27a4e26f783e6e8d121dbfd02da0261697b,59f5df60582af58df56c1c271f0cc27a4e26f783e6e8d121dbfd02da0261697b,1204
1,1,1,1,3,0,0,0,0,1,1,0,13566,16000,48000,3.0,b03a482f7da1a6f7a4646d5f1ecb3ae886ca1fb8cfd48a531e801b16428e2435,b03a482f7da1a6f7a4646d5f1ecb3ae886ca1fb8cfd48a531e801b16428e2435,1205
0,0,0,0,2,0,0,0,0,3,0,0,13570,16000,48000,3.0,be1dfd6f216cf8f1e6b1ad2399deee3e6e5b93f73984cb9f133a4f53242515a2,be1dfd6f216cf8f1e6b1ad2399deee3e6e5b93f73984cb9f133a4f53242515a2,1206
2,1,1,0,1,0,1,0,1,0,0,0,13585,16000,48000,3.0,5c93d15c542fddc7822036f9ee221c741efe50bd5816168c6e041610f71e852a,5c93d15c542fddc7822036f9ee221c741efe50bd5816168c6e041610f71e852a,1207
1,1,0,1,2,0,0,0,0,0,0,0,13617,16000,48000,3.0,9b39169a0cf9c855e99158e9c49fb631df2ee4ae5102435cc655872cd77345ed,9b39169a0cf9c855e99158e9c49fb631df2ee4ae5102435cc655872cd77345ed,1208
0,0,0,0,0,0,0,0,0,3,1,0,13623,16000,48000,3.0,5abb0a9359f1ded0893e23166ab59e4e35a93e791ed2b75fcb18c54f6e25cbc1,5abb0a9359f1ded0893e23166ab59e4e35a93e791ed2b75fcb18c54f6e25cbc1,1209
0,0,0,0,0,0,1,0,0,3,0,0,13646,16000,48000,3.0,5ba70065c12d33042a3b8c3c6b9a8ab289c4dc557b526d017e13e5975a995caf,5ba70065c12d33042a3b8c3c6b9a8ab289c4dc557b526d017e13e5975a995caf,1210
0,0,0,0,0,0,0,0,0,3,0,0,13678,16000,48000,3.0,2dfa1c05802ab97d7d66069d3ec78277d13b6438e53dc22d9f6c3e82c1b5a3ba,2dfa1c05802ab97d7d66069d3ec78277d13b6438e53dc22d9f6c3e82c1b5a3ba,1211
0,1,0,0,0,0,1,0,0,2,0,0,13690,16000,48000,3.0,9191fdcb1b6f898551302e59873b72658b6426e6b5de2baffc9bc4e69fd61824,9191fdcb1b6f898551302e59873b72658b6426e6b5de2baffc9bc4e69fd61824,1212
0,0,2,2,1,0,0,0,0,0,0,0,13723,16000,48000,3.0,29d85fa56a203e4ad0e84b94af7915c6bd446e5e31d09d6f3aa66f5047d82142,29d85fa56a203e4ad0e84b94af7915c6bd446e5e31d09d6f3aa66f5047d82142,1213
1,0,2,0,0,0,0,0,0,0,0,0,13748,16000,48000,3.0,29371c766859519852bdf60e112034f906dc7dcd716c5c0395b661a510939132,29371c766859519852bdf60e112034f906dc7dcd716c5c0395b661a510939132,1214
0,0,0,0,3,0,0,0,0,3,0,0,13779,16000,48000,3.0,e56a21c084521a6e8559f807561646c31cfd9a5c2f5ef7f71deb4f87765c1227,e56a21c084521a6e8559f807561646c31cfd9a5c2f5ef7f71deb4f87765c1227,1215
0,0,2,2,2,0,0,0,0,0,0,0,13789,16000,48000,3.0,26d6510c58793ac48e7dc21e5f3f0316dd95ca1044e84fce9d9fdbc86e959a7c,26d6510c58793ac48e7dc21e5f3f0316dd95ca1044e84fce9d9fdbc86e959a7c,1216
0,0,0,3,0,0,0,0,1,0,0,0,13794,16000,48000,3.0,537d16755d436d9fb2ca0768fcd837d4dc1b9c19c5323a3ac9246413616cee53,537d16755d436d9fb2ca0768fcd837d4dc1b9c19c5323a3ac9246413616cee53,1217
2,1,0,0,0,0,0,0,1,1,0,0,13799,16000,48000,3.0,3b2bd1cd0118b281d03bbccd3f1f75961c97393c9c904c59f575aeef0f3301df,3b2bd1cd0118b281d03bbccd3f1f75961c97393c9c904c59f575aeef0f3301df,1218
0,0,0,3,1,0,0,0,0,0,0,0,13803,16000,48000,3.0,0afe4b194b1c42e6fd2fc40af3a502e8ed26e27a2c9f508a657cac832d380e55,0afe4b194b1c42e6fd2fc40af3a502e8ed26e27a2c9f508a657cac832d380e55,1219
1,0,0,0,3,0,0,0,0,2,0,0,13805,16000,48000,3.0,0cb67787f93d2dbe71f574e4935b514fcc7102d82279c3991793fca59287e924,0cb67787f93d2dbe71f574e4935b514fcc7102d82279c3991793fca59287e924,1220
0,0,0,0,0,0,0,0,0,3,0,0,13819,16000,48000,3.0,a6cde8956c62fea887bead62eef95f5393463de89c17db8463a504f0ed1df631,a6cde8956c62fea887bead62eef95f5393463de89c17db8463a504f0ed1df631,1221
1,0,0,0,0,1,0,0,0,2,0,0,13823,16000,48000,3.0,3129787a33e6584b154561779b3506e42fcf85b4b4b5618177300d8d7e1c2c1e,3129787a33e6584b154561779b3506e42fcf85b4b4b5618177300d8d7e1c2c1e,1222
0,0,0,0,0,0,0,0,0,3,0,0,13844,16000,48000,3.0,93791131f5fd8b34a393479faebde0b97b3819116069f2d2176805060b75f221,93791131f5fd8b34a393479faebde0b97b3819116069f2d2176805060b75f221,1223
0,2,3,0,0,0,0,0,0,0,1,0,13859,16000,48000,3.0,d8bdeac6c1e3de1b983fe5d5c1c91ed512b2d37364d4f650a953ddd4e8aeded7,d8bdeac6c1e3de1b983fe5d5c1c91ed512b2d37364d4f650a953ddd4e8aeded7,1224
0,1,0,0,0,0,0,0,0,2,0,0,13860,16000,48000,3.0,0c8ff1d330411797e43e50aca5e57aad26470fc2c382d650bfbbdc837dc6727a,0c8ff1d330411797e43e50aca5e57aad26470fc2c382d650bfbbdc837dc6727a,1225
0,1,0,2,1,0,0,0,0,1,1,0,13872,16000,48000,3.0,6aee4d7d13f912f9e4f3db2ef8afa3fca7d0a7b2cfa8a0dc0521567d86e52492,6aee4d7d13f912f9e4f3db2ef8afa3fca7d0a7b2cfa8a0dc0521567d86e52492,1226
0,0,0,0,2,0,0,0,0,3,0,0,13893,16000,48000,3.0,734da81da3a15e81b5b6bf7a91d194a20ea305a6e83e5dfd08615e29af73014b,734da81da3a15e81b5b6bf7a91d194a20ea305a6e83e5dfd08615e29af73014b,1227
0,1,1,0,1,0,0,0,2,2,0,0,13914,16000,48000,3.0,a7e355c017437d6b808f1ac8015d836b73242e24f4b65b75a41193987011f9d3,a7e355c017437d6b808f1ac8015d836b73242e24f4b65b75a41193987011f9d3,1228
0,0,0,0,0,0,0,0,0,3,1,0,13915,16000,48000,3.0,28cb6d5ed3cb3a71a02217cc0ad6cddc0bcf903708a3665896d0c62cf3c37dbc,28cb6d5ed3cb3a71a02217cc0ad6cddc0bcf903708a3665896d0c62cf3c37dbc,1229
0,2,0,0,0,0,0,0,0,1,0,0,13921,16000,48000,3.0,6088748f4bc4439aed89280f1d387cd7ea2b2a49be41049c0e68859e3ee935d4,6088748f4bc4439aed89280f1d387cd7ea2b2a49be41049c0e68859e3ee935d4,1230
1,1,1,0,1,0,0,0,0,1,0,0,13922,16000,48000,3.0,9d7d13a286254ff5e8127d1d6208ac2aac01d60e78a25937319e2f1318a6b23c,9d7d13a286254ff5e8127d1d6208ac2aac01d60e78a25937319e2f1318a6b23c,1231
0,2,1,1,3,0,0,0,1,0,2,0,13932,16000,48000,3.0,af2d33d757bded2642b88a689309fa1d6b6ab08f1c01edf2cc613ea95f938469,af2d33d757bded2642b88a689309fa1d6b6ab08f1c01edf2cc613ea95f938469,1232
0,2,2,0,1,0,0,0,0,0,0,0,13934,16000,48000,3.0,584db1ef3ef9a252562e9680769b239d5aad9a2af65566e7e14e85d8c8a51b01,584db1ef3ef9a252562e9680769b239d5aad9a2af65566e7e14e85d8c8a51b01,1233
0,0,0,0,2,0,0,0,0,3,0,0,13943,16000,48000,3.0,2bd14218c64cb5cd67109bc2a858fce32f0d6ccd0003a4ec7bf108ae40623abd,2bd14218c64cb5cd67109bc2a858fce32f0d6ccd0003a4ec7bf108ae40623abd,1234
0,0,0,0,0,0,0,0,0,3,2,0,13958,16000,48000,3.0,4d849403a8ebb47c2a86b4c6e48d1e2e1d3f960272719313cf33ac69e6efca73,4d849403a8ebb47c2a86b4c6e48d1e2e1d3f960272719313cf33ac69e6efca73,1235
2,0,0,3,2,0,0,0,0,1,0,0,13962,16000,48000,3.0,3cb59680a6dd0b8e9f86ba342394f28e7a963d95802ad82185a47c0df26c5540,3cb59680a6dd0b8e9f86ba342394f28e7a963d95802ad82185a47c0df26c5540,1236
0,1,0,0,1,0,0,0,0,2,2,0,13973,16000,48000,3.0,ad58b7d1e4bdd30b23ee8172b399c90659334282ecba05dd3a4b5e4d995ec5ac,ad58b7d1e4bdd30b23ee8172b399c90659334282ecba05dd3a4b5e4d995ec5ac,1237
0,2,2,0,2,0,0,0,1,0,0,0,13981,16000,48000,3.0,fd6f8d31ed767d431b921f8912dbd4d3e35a26d203278177f636cf491e27332e,fd6f8d31ed767d431b921f8912dbd4d3e35a26d203278177f636cf491e27332e,1238
0,0,0,0,0,0,0,0,0,3,2,0,13990,16000,48000,3.0,f80aba83e226cd4a983361e441c287fb3e05d4f88940da68099cde232c20d806,f80aba83e226cd4a983361e441c287fb3e05d4f88940da68099cde232c20d806,1239
0,0,0,3,0,0,0,0,0,0,0,0,13996,16000,48000,3.0,79520d868ba3cab5e7a180d446d93c92683ab77678a38d7954458bd11b37ffaf,79520d868ba3cab5e7a180d446d93c92683ab77678a38d7954458bd11b37ffaf,1240
1,2,0,3,3,0,2,0,0,0,1,0,14002,16000,48000,3.0,4ee4afa8bf49b02b65ca71092ea407661904cede8c9efa3d6e0d33cf607eb4f3,4ee4afa8bf49b02b65ca71092ea407661904cede8c9efa3d6e0d33cf607eb4f3,1241
0,0,0,0,0,0,0,0,0,3,0,0,14003,16000,48000,3.0,66fc1138764c13c8f51dd2a32a966c5b2b46ec12876fd1e943f888d11e3e79e1,66fc1138764c13c8f51dd2a32a966c5b2b46ec12876fd1e943f888d11e3e79e1,1242
0,1,0,0,0,0,0,0,0,2,1,0,14009,16000,48000,3.0,309ef49306aaca5eee44bf4837d59eb0640b976a489fbc1321f65437014a13a7,309ef49306aaca5eee44bf4837d59eb0640b976a489fbc1321f65437014a13a7,1243
1,0,0,0,0,0,0,0,0,2,1,0,14029,16000,48000,3.0,fbec145b525a8a592665cbd941cc80029f4d60613fd93b038618f810faf0525d,fbec145b525a8a592665cbd941cc80029f4d60613fd93b038618f810faf0525d,1244
2,1,0,0,0,0,0,0,0,0,1,0,14031,16000,48000,3.0,e869cc40ce5ba288def7e73f5c80a6df350fedf38ea627dd816da507e6948b9c,e869cc40ce5ba288def7e73f5c80a6df350fedf38ea627dd816da507e6948b9c,1245
0,0,0,0,0,0,0,0,0,3,2,0,14048,16000,48000,3.0,541326fdd4530d51521a82f488da19e2b7bd6168ae478167b7fdf73ddb35abea,541326fdd4530d51521a82f488da19e2b7bd6168ae478167b7fdf73ddb35abea,1246
1,0,0,0,0,0,0,0,0,2,1,0,14055,16000,48000,3.0,b94a9b3ee4d903459ef2b5bf8d8e6d3ed16ac899e834e7b6facc78c7a767b819,b94a9b3ee4d903459ef2b5bf8d8e6d3ed16ac899e834e7b6facc78c7a767b819,1247
1,0,0,0,3,0,0,0,0,2,0,0,14065,16000,48000,3.0,69456c951d522674aaca3a2c33e3c48aa770c529b3ae28c9dc9d09d0953b8d2f,69456c951d522674aaca3a2c33e3c48aa770c529b3ae28c9dc9d09d0953b8d2f,1248
0,1,0,0,0,0,0,0,0,2,1,0,14083,16000,48000,3.0,a0bb7d2d822ff469c7dd64d5bc67ae8f7e94d8dd875c5df188e546adfa478712,a0bb7d2d822ff469c7dd64d5bc67ae8f7e94d8dd875c5df188e546adfa478712,1249
1,2,0,0,0,0,0,0,0,0,0,0,14095,16000,48000,3.0,e483c965f04b4327fbb0b4d10b268e4418daad6529e3f2b480cee54dc576d53c,e483c965f04b4327fbb0b4d10b268e4418daad6529e3f2b480cee54dc576d53c,1250
0,0,0,1,3,0,0,0,0,2,0,0,14104,16000,48000,3.0,c4c0ce329c876d7d2585a8de7fa6e74e116ec2184860665c563afa5dd94badda,c4c0ce329c876d7d2585a8de7fa6e74e116ec2184860665c563afa5dd94badda,1251
1,1,0,1,1,0,0,0,0,1,1,0,14109,16000,48000,3.0,c3861e3f76df46e16d5c8e910c3706f65e618f01bc278232ded2435780438e8a,c3861e3f76df46e16d5c8e910c3706f65e618f01bc278232ded2435780438e8a,1252
0,1,0,1,0,0,0,0,0,1,3,0,14113,16000,48000,3.0,44262a663ef5eaa73c872b0c3a80856f0fe24133ca7a2c1d7288e048deaf540d,44262a663ef5eaa73c872b0c3a80856f0fe24133ca7a2c1d7288e048deaf540d,1253
1,0,1,0,0,0,0,0,0,1,0,0,14118,16000,48000,3.0,7b8859d3085309ff44b50fcefe32cedb8d20c164ab7a7b7638ed7f0c481ffaf7,7b8859d3085309ff44b50fcefe32cedb8d20c164ab7a7b7638ed7f0c481ffaf7,1254
0,0,0,0,0,0,0,0,0,3,0,0,14139,16000,48000,3.0,9ed40b9ead2fa7ce607c5095c6c962e7f0ef94e35607388f1372fc22b72869b2,9ed40b9ead2fa7ce607c5095c6c962e7f0ef94e35607388f1372fc22b72869b2,1255
0,0,0,0,0,0,0,0,0,3,0,0,14145,16000,48000,3.0,3dd70c6445a24dc71059a4f613eda2be98dbe82a75ca001b90b62ed6f6bcd000,3dd70c6445a24dc71059a4f613eda2be98dbe82a75ca001b90b62ed6f6bcd000,1256
0,2,0,0,0,0,0,0,0,1,1,0,14148,16000,48000,3.0,14710306d57d4e4507f3c6db9a851989cfaa5ce1425e324b4e611ae00950a670,14710306d57d4e4507f3c6db9a851989cfaa5ce1425e324b4e611ae00950a670,1257
0,0,0,0,0,0,0,0,0,3,0,0,14157,16000,48000,3.0,1ebc5c540f18e3adf7c62e6bad20854bcc83194903993c9fbe4f991ce5c74864,1ebc5c540f18e3adf7c62e6bad20854bcc83194903993c9fbe4f991ce5c74864,1258
2,1,0,0,1,0,0,0,1,1,1,0,14158,16000,48000,3.0,3c82d48d19e2d0bdfe81e96d712497937d2416fb8b0f15a5877c9850076ce428,3c82d48d19e2d0bdfe81e96d712497937d2416fb8b0f15a5877c9850076ce428,1259
2,0,0,0,0,0,0,0,0,1,2,0,14163,16000,48000,3.0,8ba22bf49f7ed326f47ff9ce6592b7f4ea38cf64e9c8368f4d68179fde14b6cf,8ba22bf49f7ed326f47ff9ce6592b7f4ea38cf64e9c8368f4d68179fde14b6cf,1260
2,0,0,0,0,0,0,0,0,1,1,0,14164,16000,48000,3.0,bd1898f7c282d3f259b1191b025909f4ed7b85c979fb7f8f305ea4f8080f5bb7,bd1898f7c282d3f259b1191b025909f4ed7b85c979fb7f8f305ea4f8080f5bb7,1261
2,1,0,0,0,0,0,0,0,0,0,0,14167,16000,48000,3.0,6ba1cdf0538882dd672f56174daf2d7421325bf3aa38a112083c5956c43c963a,6ba1cdf0538882dd672f56174daf2d7421325bf3aa38a112083c5956c43c963a,1262
0,1,0,1,0,0,0,0,1,2,0,0,14169,16000,48000,3.0,047ecbd2e5a72ee60f20bd352e6a301d8e4e41e38a57dc4168251c96eacc9914,047ecbd2e5a72ee60f20bd352e6a301d8e4e41e38a57dc4168251c96eacc9914,1263
1,0,1,0,0,0,1,0,0,1,1,0,14178,16000,48000,3.0,d78243dfbbb0f008acae0fe41afc79801b7f2b068f4ce3dff6764b36c22602e2,d78243dfbbb0f008acae0fe41afc79801b7f2b068f4ce3dff6764b36c22602e2,1264
0,0,0,0,0,0,0,0,0,3,1,0,14184,16000,48000,3.0,1adf3876feea79631dbd6b4f63afcab83ebbe45faf9e89e672e2853950ef2d3d,1adf3876feea79631dbd6b4f63afcab83ebbe45faf9e89e672e2853950ef2d3d,1265
1,0,0,0,0,0,0,0,0,2,2,0,14186,16000,48000,3.0,a3a3fa7cb3e6d60b7658b83ff606a1239ada4134e097c0b21d55b5aff9225603,a3a3fa7cb3e6d60b7658b83ff606a1239ada4134e097c0b21d55b5aff9225603,1266
0,1,1,0,0,0,2,0,0,1,0,0,14196,16000,48000,3.0,38db94e2b6afeed11e131e9463fe96c95e42ef8e27103d61c2feb44601b9498c,38db94e2b6afeed11e131e9463fe96c95e42ef8e27103d61c2feb44601b9498c,1267
0,1,0,0,0,0,0,0,0,2,0,0,14199,16000,48000,3.0,b09d0bd9c55f85b2bf1e84f358043215127a408593efe24edc570d97d5dacdbe,b09d0bd9c55f85b2bf1e84f358043215127a408593efe24edc570d97d5dacdbe,1268
2,1,0,0,0,0,0,0,1,1,0,0,14214,16000,48000,3.0,c05bbf3904bc306a7f7483602d3b40c8256def425875c2d513f734df70cde648,c05bbf3904bc306a7f7483602d3b40c8256def425875c2d513f734df70cde648,1269
1,1,0,0,0,0,0,0,0,1,0,0,14215,16000,48000,3.0,acee98e8685b4dee6173e4aa380a63969d73d5e041c7aff78fa763d6747f7c78,acee98e8685b4dee6173e4aa380a63969d73d5e041c7aff78fa763d6747f7c78,1270
1,1,1,0,0,0,0,0,1,0,0,0,14230,16000,48000,3.0,84aece827c2593ffdd1ca9de67da345b9d60164e1562b2d17ae794baf5aee57f,84aece827c2593ffdd1ca9de67da345b9d60164e1562b2d17ae794baf5aee57f,1271
1,1,1,0,0,0,0,0,0,0,0,0,14235,16000,48000,3.0,683590fe700c54454b4ccef3f60f7300da2f47228558ec90712f5e736d3c2283,683590fe700c54454b4ccef3f60f7300da2f47228558ec90712f5e736d3c2283,1272
0,0,0,0,0,0,0,0,0,3,0,0,14239,16000,48000,3.0,90b3443081f8060cbce01a6c1dd37101416f1245f4e428a1ee1b705995ee0fbd,90b3443081f8060cbce01a6c1dd37101416f1245f4e428a1ee1b705995ee0fbd,1273
1,0,0,0,0,0,0,0,0,2,1,0,14241,16000,48000,3.0,512a260e9b293b452a1c46710ddaf723bb2048432c7477812d6be90fad168fed,512a260e9b293b452a1c46710ddaf723bb2048432c7477812d6be90fad168fed,1274
1,0,0,0,0,0,0,0,0,3,1,0,14244,16000,48000,3.0,88f882cb58ff9d5c9ee8369978cdd8f889e3964f3372b0108e87c440b6872fee,88f882cb58ff9d5c9ee8369978cdd8f889e3964f3372b0108e87c440b6872fee,1275
3,2,1,0,0,0,0,0,1,0,0,0,14255,16000,48000,3.0,4bd9db5004144576eaefa108fe32135c94541f55b8810249960c2538f534b0e3,4bd9db5004144576eaefa108fe32135c94541f55b8810249960c2538f534b0e3,1276
1,0,0,0,0,0,1,0,0,2,1,0,14259,16000,48000,3.0,0e0a3c7ecdb5f6adaeb1c590ff62eb18ff007cead9d615394e632842975a3019,0e0a3c7ecdb5f6adaeb1c590ff62eb18ff007cead9d615394e632842975a3019,1277
1,1,0,0,0,0,0,0,1,1,0,0,14311,16000,48000,3.0,03cdf5103146285b6a2041c87294d215b851e2dd606f1d1ca88b79e0380c6492,03cdf5103146285b6a2041c87294d215b851e2dd606f1d1ca88b79e0380c6492,1278
0,2,0,0,0,1,0,0,0,1,1,0,14315,16000,48000,3.0,9bbbd553ddc7541f9c9b264f9d412fbc008c65473c1277d12210dedf4a845b71,9bbbd553ddc7541f9c9b264f9d412fbc008c65473c1277d12210dedf4a845b71,1279
0,1,0,0,0,1,0,0,2,1,0,0,14317,16000,48000,3.0,99acc6386e0c8b15cb89faea561e40b1a41d556ec8ea01c2cba74fa26024538e,99acc6386e0c8b15cb89faea561e40b1a41d556ec8ea01c2cba74fa26024538e,1280
3,0,0,0,2,0,0,0,1,0,0,0,14360,16000,48000,3.0,c83da3a9664969ee0936e726c2dc511426e31a3a141dbdaa86dc3dd7aff8db38,c83da3a9664969ee0936e726c2dc511426e31a3a141dbdaa86dc3dd7aff8db38,1281
1,2,3,0,0,0,0,0,1,0,0,0,14361,16000,48000,3.0,c7f7f11a860af583e9190a7784b437ff021fc47845003ab8e37bc33d2b49bb93,c7f7f11a860af583e9190a7784b437ff021fc47845003ab8e37bc33d2b49bb93,1282
1,1,0,2,0,0,0,0,0,0,0,0,14370,16000,48000,3.0,c46dc06748cbc4d76eca4bde038ea130996c941d19711f2a2395671fb3e80d53,c46dc06748cbc4d76eca4bde038ea130996c941d19711f2a2395671fb3e80d53,1283
0,2,3,0,1,0,0,1,1,0,0,0,14372,16000,48000,3.0,39e6be519d30cdf7ab6d6d61b8fb8581be113c74b11b4ca2e64f12fb0cdc1ae2,39e6be519d30cdf7ab6d6d61b8fb8581be113c74b11b4ca2e64f12fb0cdc1ae2,1284
0,0,3,0,2,0,0,0,1,0,0,0,14383,16000,48000,3.0,e70aab69330b9d6c1847e3e2f7542abfd65951ea8176d8cf4bd20e982187985b,e70aab69330b9d6c1847e3e2f7542abfd65951ea8176d8cf4bd20e982187985b,1285
0,1,0,3,0,0,0,0,0,0,0,0,14389,16000,48000,3.0,9d250f61210737bc35ba584c63e8ff58ffd0b47575f4032e7a1888ced9383b8a,9d250f61210737bc35ba584c63e8ff58ffd0b47575f4032e7a1888ced9383b8a,1286
0,0,0,0,3,0,0,0,0,3,0,0,14414,16000,48000,3.0,3dea6e865f1ab2a338544e9c5f94062b4bc420e8e469a531169d7565b80277a1,3dea6e865f1ab2a338544e9c5f94062b4bc420e8e469a531169d7565b80277a1,1287
0,0,0,0,2,0,0,0,0,3,0,0,14417,16000,48000,3.0,e6e0bda51c55553fafe35b436b6fbe1af2ece29662ef0134ccab2be50b46fb59,e6e0bda51c55553fafe35b436b6fbe1af2ece29662ef0134ccab2be50b46fb59,1288
0,0,0,0,0,0,0,0,0,3,0,0,14421,16000,48000,3.0,63e118776004967a22f12c82999438c5a22016ed4eaae0aebf74bfffec70695d,63e118776004967a22f12c82999438c5a22016ed4eaae0aebf74bfffec70695d,1289
0,0,0,0,3,0,0,1,0,3,0,0,14446,16000,48000,3.0,07a9be1560b9d9b1d711a6fad90f95b0a7b5df3c99f9a1183289bc84520869db,07a9be1560b9d9b1d711a6fad90f95b0a7b5df3c99f9a1183289bc84520869db,1290
1,0,0,0,3,0,0,0,0,2,0,0,14451,16000,48000,3.0,35879b27428238f7a9b7faabf8ee5026702df09d0e73f12e691e89970f22dfb4,35879b27428238f7a9b7faabf8ee5026702df09d0e73f12e691e89970f22dfb4,1291
0,0,0,0,0,0,0,0,0,3,1,0,14470,16000,48000,3.0,8f0c1afb7bbf15e546383263fb1737ed45b6d112fa18c84be6f01912271cae44,8f0c1afb7bbf15e546383263fb1737ed45b6d112fa18c84be6f01912271cae44,1292
0,0,0,0,2,0,0,1,0,3,0,0,14471,16000,48000,3.0,c7ede66db10ea99efa5c59b590c45dd2a2adfbda3e3e592963d7ded4e7abfbd3,c7ede66db10ea99efa5c59b590c45dd2a2adfbda3e3e592963d7ded4e7abfbd3,1293
1,2,1,0,0,0,0,0,0,0,0,0,14476,16000,48000,3.0,42d74991e8b2e43fb76e8228769774b0437c52669688fed8850eb2f29be92ba7,42d74991e8b2e43fb76e8228769774b0437c52669688fed8850eb2f29be92ba7,1294
0,2,2,0,2,0,0,0,0,0,0,0,14482,16000,48000,3.0,00e3f6fdcd50b422bb3e84339a0e3a1d498bcd4dd82af284514fd5abf8425f5f,00e3f6fdcd50b422bb3e84339a0e3a1d498bcd4dd82af284514fd5abf8425f5f,1295
0,0,0,1,1,0,0,0,1,2,0,0,14485,16000,48000,3.0,65b07feeb87534797439bd412bc7b7b893a33f84e89d238cac17465759b302a6,65b07feeb87534797439bd412bc7b7b893a33f84e89d238cac17465759b302a6,1296
0,1,0,3,0,0,0,0,1,0,0,0,14491,16000,48000,3.0,15985c8038af44b466556621b754298a431f11f4e98ff8e4418c12bd44a4893a,15985c8038af44b466556621b754298a431f11f4e98ff8e4418c12bd44a4893a,1297
0,1,0,0,0,0,0,0,0,3,0,0,14515,16000,48000,3.0,04948c694ea5ca1e7902913ffa54b2208e8114cd6a1cc6573861087d8519a21b,04948c694ea5ca1e7902913ffa54b2208e8114cd6a1cc6573861087d8519a21b,1298
1,0,0,0,0,0,0,0,2,2,0,0,14520,16000,48000,3.0,e469f58251808564877ee5d3be6111a6a35b5ee2976c237492e8d27ed31bf7c6,e469f58251808564877ee5d3be6111a6a35b5ee2976c237492e8d27ed31bf7c6,1299
0,1,2,0,0,0,0,0,0,0,0,0,14525,16000,48000,3.0,9f776dd14b9a61b80abe9fe31eba2163d476c85dc74b646c0fd9b4a54cd4e584,9f776dd14b9a61b80abe9fe31eba2163d476c85dc74b646c0fd9b4a54cd4e584,1300
0,3,1,0,0,0,0,0,1,0,0,0,14537,16000,48000,3.0,a3998599860f0fe6156dcebea13b152c41f891fc2caf5980ddbf9eb5850542db,a3998599860f0fe6156dcebea13b152c41f891fc2caf5980ddbf9eb5850542db,1301
0,0,2,0,1,0,0,0,0,1,0,0,14542,16000,48000,3.0,c2117e56a782311504d3732be24e7b9d7030505473db5af9fe33b0f7f025cf75,c2117e56a782311504d3732be24e7b9d7030505473db5af9fe33b0f7f025cf75,1302
0,2,1,0,0,0,0,0,1,1,0,0,14547,16000,48000,3.0,38bee4b19b4d85bb2d1f9b9ef978de39d42a8ec0ba4daef080926a354432c5dd,38bee4b19b4d85bb2d1f9b9ef978de39d42a8ec0ba4daef080926a354432c5dd,1303
1,0,0,0,0,0,0,0,1,2,0,0,14549,16000,48000,3.0,6c59c1b7931b2a6631bf8b28dad41a5735aba842922c28a0f92b143ad4f29fab,6c59c1b7931b2a6631bf8b28dad41a5735aba842922c28a0f92b143ad4f29fab,1304
0,0,1,1,0,0,0,0,0,2,0,0,14559,16000,48000,3.0,b7e00558fad125beac263bb21470824f805ed4872d80703d97c6e62895655b8b,b7e00558fad125beac263bb21470824f805ed4872d80703d97c6e62895655b8b,1305
0,1,2,0,0,0,0,2,1,1,0,0,14611,16000,48000,3.0,900f790237ed3c22ab08852e98c7c23a8c8de107755d778673f2e8984b7814ff,900f790237ed3c22ab08852e98c7c23a8c8de107755d778673f2e8984b7814ff,1306
1,1,0,0,0,0,0,0,2,1,0,0,14612,16000,48000,3.0,c0dda50bf459230afab93069a094270b11129c877d49c04d02cc3e3e4cbce27b,c0dda50bf459230afab93069a094270b11129c877d49c04d02cc3e3e4cbce27b,1307
1,1,1,0,1,0,0,0,1,1,0,0,14624,16000,48000,3.0,8aff3e90353df134dc0a7aa733c8c6ee0797db5e0bc7a55dbca923c9d9e16e76,8aff3e90353df134dc0a7aa733c8c6ee0797db5e0bc7a55dbca923c9d9e16e76,1308
0,2,2,1,1,0,0,0,0,0,0,0,14632,16000,48000,3.0,66e094fb7489e7d596509557006c50d43843199b2d5ff9bbf5e2ca061645ad35,66e094fb7489e7d596509557006c50d43843199b2d5ff9bbf5e2ca061645ad35,1309
1,1,0,0,0,0,0,0,0,2,0,0,14647,16000,48000,3.0,9f31aa320cd6a3462da1b5a91a13142038cb51e2914b050a16ba87a589f19680,9f31aa320cd6a3462da1b5a91a13142038cb51e2914b050a16ba87a589f19680,1310
0,2,0,0,0,0,0,0,0,1,1,0,14662,16000,48000,3.0,d706f0ac59fd4a168c5cdce6ce6730e4363a471bda26a48adc1a79662dd8cb2f,d706f0ac59fd4a168c5cdce6ce6730e4363a471bda26a48adc1a79662dd8cb2f,1311
2,1,0,0,0,0,0,0,0,0,1,0,14704,16000,48000,3.0,3519cd9fda366ff1c78b9b91c4db760bce29cfa404b3b5e48966d95a027cc434,3519cd9fda366ff1c78b9b91c4db760bce29cfa404b3b5e48966d95a027cc434,1312
0,2,1,2,0,0,0,0,0,0,0,0,14727,16000,48000,3.0,d5b39c16a5d02aeeb738e5b29cc86bd790715f1ccf3effc151e53c84b17d913d,d5b39c16a5d02aeeb738e5b29cc86bd790715f1ccf3effc151e53c84b17d913d,1313
0,3,0,0,0,0,0,0,0,0,0,0,14738,16000,48000,3.0,3affaea0b6b4c1966085f1e271e2eb257cfeba5fee92a7aaab24723e012857ec,3affaea0b6b4c1966085f1e271e2eb257cfeba5fee92a7aaab24723e012857ec,1314
0,2,0,0,0,0,0,0,2,1,0,0,14743,16000,48000,3.0,4b052fcaf88c3e932e1f2dd3f614437f610cc1fb0b082286224954e6133672ee,4b052fcaf88c3e932e1f2dd3f614437f610cc1fb0b082286224954e6133672ee,1315
1,1,0,0,0,0,1,0,0,1,0,0,14790,16000,48000,3.0,332a6fdf852570fb207e6a53a8be5d6ff2429f1cb60ad733963b38b82a09f340,332a6fdf852570fb207e6a53a8be5d6ff2429f1cb60ad733963b38b82a09f340,1316
0,1,0,3,0,0,0,0,0,0,0,0,14796,16000,48000,3.0,b1180a95fbf0900a4bdf13afbf42d3f5957c50de2ef159d77a00faadd8a308dd,b1180a95fbf0900a4bdf13afbf42d3f5957c50de2ef159d77a00faadd8a308dd,1317
0,0,0,0,1,0,0,0,0,3,1,0,14806,16000,48000,3.0,0c47285699e655cfa3131229a8aa929312d03ff687284eb2516d5a0817ff7cf2,0c47285699e655cfa3131229a8aa929312d03ff687284eb2516d5a0817ff7cf2,1318
1,0,0,0,2,0,0,0,0,2,0,0,14810,16000,48000,3.0,6e93bfb51ad6ba9591dd983ef4a964d5fe3a3eac46b6541dba0530c00ca691ec,6e93bfb51ad6ba9591dd983ef4a964d5fe3a3eac46b6541dba0530c00ca691ec,1319
1,1,0,0,3,0,0,0,0,2,1,0,14818,16000,48000,3.0,9cd03416c06aa1c7d77d26ad6b807857848bbf228128aabfa9b9a6188a720598,9cd03416c06aa1c7d77d26ad6b807857848bbf228128aabfa9b9a6188a720598,1320
0,3,0,0,0,0,0,0,0,0,0,0,14821,16000,48000,3.0,798b739315fb4bbcd493e7bb01cecc6f2ecd2da57396c6f4a2293887f33b0fa8,798b739315fb4bbcd493e7bb01cecc6f2ecd2da57396c6f4a2293887f33b0fa8,1321
0,1,0,0,1,0,0,0,0,2,0,0,14832,16000,48000,3.0,ae8ffb572a8f2c3fa3ab7a2b798c7017b0e24122c727363903ecbef05f4df76f,ae8ffb572a8f2c3fa3ab7a2b798c7017b0e24122c727363903ecbef05f4df76f,1322
0,0,0,0,0,0,0,0,0,3,0,0,14851,16000,48000,3.0,7f992312ae82d52f6e221fdf075c1410f5acae4aa229b74b3901f9af8e7a141f,7f992312ae82d52f6e221fdf075c1410f5acae4aa229b74b3901f9af8e7a141f,1323
0,3,0,0,1,0,0,0,1,0,1,0,14853,16000,48000,3.0,5a819f294581922f9dc037d391ede42742153f2c5652f5f5e75f42ac5eb5f94b,5a819f294581922f9dc037d391ede42742153f2c5652f5f5e75f42ac5eb5f94b,1324
0,0,0,0,0,0,0,0,0,3,1,0,14856,16000,48000,3.0,745e3fca85281b5a28fba9d03718e67ddeb095e4c166e0ac9cf44e2a3a3828ca,745e3fca85281b5a28fba9d03718e67ddeb095e4c166e0ac9cf44e2a3a3828ca,1325
0,2,0,0,0,0,0,0,0,1,0,0,14865,16000,48000,3.0,2733c0398d8febe55f017054d6fb2c990de3f5768e15b8497aea3fa8d1db8bbc,2733c0398d8febe55f017054d6fb2c990de3f5768e15b8497aea3fa8d1db8bbc,1326
0,0,0,0,0,0,0,0,0,3,0,0,14890,16000,48000,3.0,47a88699aa4be546b1f3f1f933beeeb9912c7c0d6c45171c6354f6ba8539e413,47a88699aa4be546b1f3f1f933beeeb9912c7c0d6c45171c6354f6ba8539e413,1327
3,0,0,0,0,0,0,0,0,0,0,0,14900,16000,48000,3.0,bbded91a7f9900b1678b2a6a25995071d3025cc0c3b7cc8c2e27397d1390c72e,bbded91a7f9900b1678b2a6a25995071d3025cc0c3b7cc8c2e27397d1390c72e,1328
0,0,0,0,0,0,0,0,0,3,3,0,14914,16000,48000,3.0,42c6576a4035f428d6b30219a15eb7388f87767556c0dd71522ae1d878cdd1b3,42c6576a4035f428d6b30219a15eb7388f87767556c0dd71522ae1d878cdd1b3,1329
0,0,0,0,1,0,0,0,0,3,0,0,14918,16000,48000,3.0,10e85279d2012e58a695ce0cc1d9ab422ba4b400e7c92d1de069e5224b5f8073,10e85279d2012e58a695ce0cc1d9ab422ba4b400e7c92d1de069e5224b5f8073,1330
0,2,1,0,0,0,0,0,0,0,0,0,14928,16000,48000,3.0,094ded3136f80c9d4a0bb7c776eb48cc85c2b7e7882c971e04e28a6f69e89eff,094ded3136f80c9d4a0bb7c776eb48cc85c2b7e7882c971e04e28a6f69e89eff,1331
0,0,0,0,0,0,0,0,0,3,1,0,14942,16000,48000,3.0,fb5a8368f52b2401ea1d6c3b39cf72f42bc863687271ed8b520f6dbe1072f507,fb5a8368f52b2401ea1d6c3b39cf72f42bc863687271ed8b520f6dbe1072f507,1332
0,0,0,0,3,0,0,0,1,3,1,0,14962,16000,48000,3.0,37988ccffd8d614a2b1d4109608c117a66c8a7946aa3918afa23424298d30c44,37988ccffd8d614a2b1d4109608c117a66c8a7946aa3918afa23424298d30c44,1333
2,0,0,0,3,0,0,0,0,1,2,0,14968,16000,48000,3.0,fc515a1fb24b7cc81f017caae5054522807ba079bcceb66b67d9f468eb976fc7,fc515a1fb24b7cc81f017caae5054522807ba079bcceb66b67d9f468eb976fc7,1334
0,0,0,0,0,0,0,0,0,3,0,0,14974,16000,48000,3.0,fb2e22091f41055f57c7193c840ef7673f85831da3e93ca8557abecb0c1810a9,fb2e22091f41055f57c7193c840ef7673f85831da3e93ca8557abecb0c1810a9,1335
0,1,0,0,0,0,0,0,0,2,0,0,14977,16000,48000,3.0,ac8e6d7fc3038fbfd2e09509c940beb39375ea96592ffe1868b53f1bf5357f65,ac8e6d7fc3038fbfd2e09509c940beb39375ea96592ffe1868b53f1bf5357f65,1336
0,1,0,0,0,0,0,0,0,2,0,0,14990,16000,48000,3.0,602ec8bcb70c9bfc970782fd5c5a08b942e2884c95bc18aaff5169db15e640d0,602ec8bcb70c9bfc970782fd5c5a08b942e2884c95bc18aaff5169db15e640d0,1337
0,3,0,0,0,0,0,0,1,0,0,0,14991,16000,48000,3.0,a43f81ff5346efeb833706e2c091388a36f4af5c8e29592b8b3c4a04395364c2,a43f81ff5346efeb833706e2c091388a36f4af5c8e29592b8b3c4a04395364c2,1338
0,2,0,0,0,1,1,0,2,1,0,0,15011,16000,48000,3.0,af5b8d0f28e883870edc5a1659a94e9c4fc3c023183d7c3fb6515b295e022c8b,af5b8d0f28e883870edc5a1659a94e9c4fc3c023183d7c3fb6515b295e022c8b,1339
0,2,1,1,0,0,0,0,0,0,0,0,15015,16000,48000,3.0,9948e492dcd44c402f97ad5b40c54162a3a30423576100fbc703068dfa04ee60,9948e492dcd44c402f97ad5b40c54162a3a30423576100fbc703068dfa04ee60,1340
0,0,0,0,0,0,0,0,0,3,0,0,15022,16000,48000,3.0,519f789e803e247dc4051fedec7ea8dd963d3e57e61ba834a4176a6ad01ffa43,519f789e803e247dc4051fedec7ea8dd963d3e57e61ba834a4176a6ad01ffa43,1341
0,0,0,0,0,0,0,0,0,3,0,0,15040,16000,48000,3.0,b6240658d48bb2b8de7a971637b3e37ca507ce0ed225982dd59e557654032913,b6240658d48bb2b8de7a971637b3e37ca507ce0ed225982dd59e557654032913,1342
0,3,0,0,0,0,0,0,0,0,0,0,15048,16000,48000,3.0,44729034067cd423bcda9ae7f4edb23afb79bdba01907d12fed424b3439d783c,44729034067cd423bcda9ae7f4edb23afb79bdba01907d12fed424b3439d783c,1343
0,1,0,0,0,0,0,1,0,2,0,0,15055,16000,48000,3.0,9f16393ac981e7d74c659c252c47ccba9d79608674e6f389cbc3073dbc52b556,9f16393ac981e7d74c659c252c47ccba9d79608674e6f389cbc3073dbc52b556,1344
0,1,0,0,1,1,2,0,0,2,1,0,15056,16000,48000,3.0,80a2fd311be995e5aedc786112c7aec16435ac2fe79bb82a2a6153e18884d461,80a2fd311be995e5aedc786112c7aec16435ac2fe79bb82a2a6153e18884d461,1345
0,2,0,0,0,0,0,0,0,1,0,0,15067,16000,48000,3.0,e548689787cfc8ed0677d1ea761e7ce70fdd7a47b316a399d6fed699a3eeed75,e548689787cfc8ed0677d1ea761e7ce70fdd7a47b316a399d6fed699a3eeed75,1346
1,1,0,0,3,0,0,0,0,1,0,0,15073,16000,48000,3.0,fef7f8b156d194b7818feb5b3888fe989c6de7edc90013231d5f9a53670b5bea,fef7f8b156d194b7818feb5b3888fe989c6de7edc90013231d5f9a53670b5bea,1347
2,0,0,0,2,0,0,0,0,1,0,0,15076,16000,48000,3.0,ab09b74d8a362a84690db7b54413e042ea2bb22f1aaf164f39220614638e4d1f,ab09b74d8a362a84690db7b54413e042ea2bb22f1aaf164f39220614638e4d1f,1348
1,0,0,0,0,0,0,0,0,2,0,0,15090,16000,48000,3.0,c672b62252d9656216a15d2283b3be22df2cf82f64c656860afc66334f8c001e,c672b62252d9656216a15d2283b3be22df2cf82f64c656860afc66334f8c001e,1349
1,1,0,0,0,0,0,0,0,2,0,0,15093,16000,48000,3.0,ab7f40581ff38580a1c3956c28d2c5bef16f458a506bf5df46580158696c5b88,ab7f40581ff38580a1c3956c28d2c5bef16f458a506bf5df46580158696c5b88,1350
0,0,1,2,2,0,0,0,0,0,1,0,15094,16000,48000,3.0,f2759be9607e174600640cfb8415b74273ec8cb18a366ff066716c6d13153be3,f2759be9607e174600640cfb8415b74273ec8cb18a366ff066716c6d13153be3,1351
0,2,0,0,2,0,0,0,0,1,1,0,15096,16000,48000,3.0,b9076ca5cf91104f89496e22f118fd24f7252476b5e0f26c1e5428555e2cadc9,b9076ca5cf91104f89496e22f118fd24f7252476b5e0f26c1e5428555e2cadc9,1352
0,0,0,0,2,0,0,0,0,3,0,0,15104,16000,48000,3.0,24172d6048e474ea7cf970efcc9ab3b97988d4ffb38ec629e02fb8e87a55ad49,24172d6048e474ea7cf970efcc9ab3b97988d4ffb38ec629e02fb8e87a55ad49,1353
0,2,0,0,3,0,0,0,0,1,1,0,15107,16000,48000,3.0,4d42a3676e24967ffb1c01e814b7ed3409c65b778657dd1a1de6e8d76419bda4,4d42a3676e24967ffb1c01e814b7ed3409c65b778657dd1a1de6e8d76419bda4,1354
0,2,0,0,1,0,0,0,0,1,0,0,15120,16000,48000,3.0,609d48d21d160eec0333e2473f457297b3db55670469f72c94a22b100bbba364,609d48d21d160eec0333e2473f457297b3db55670469f72c94a22b100bbba364,1355
0,1,0,0,0,0,0,0,1,2,0,0,15142,16000,48000,3.0,1f7035f9f3b6255f87215faf5dea5cb6befa062172659c2a7b5cb6ad19c89c07,1f7035f9f3b6255f87215faf5dea5cb6befa062172659c2a7b5cb6ad19c89c07,1356
0,1,2,0,0,0,0,0,1,1,0,0,15158,16000,48000,3.0,b9e405c6614e415b7c61e07192a0f9517e0ff949982f72910b1a554b9b1484f9,b9e405c6614e415b7c61e07192a0f9517e0ff949982f72910b1a554b9b1484f9,1357
0,0,1,1,0,0,0,0,1,2,0,0,15174,16000,48000,3.0,fca1a0ac0d0910fc4fac148b8999e114fbbe2abca9fdffc8a3260b00969623c7,fca1a0ac0d0910fc4fac148b8999e114fbbe2abca9fdffc8a3260b00969623c7,1358
0,0,0,0,0,0,0,0,0,3,0,0,15198,16000,48000,3.0,aee33c10166fd86af7934f98eea6125e192dddebe5533ddc1f231b50215a39af,aee33c10166fd86af7934f98eea6125e192dddebe5533ddc1f231b50215a39af,1359
0,1,1,3,0,0,0,0,0,0,0,0,15201,16000,48000,3.0,5fb40f50f3452c395b2d28fe39ac8dc46496d040064f703ea3ca9f4dc5954e48,5fb40f50f3452c395b2d28fe39ac8dc46496d040064f703ea3ca9f4dc5954e48,1360
0,2,0,0,2,0,0,0,1,1,0,0,15203,16000,48000,3.0,3630e85870420f40e4da398176a1bb6f388e5bc57cbc92a3ecdc2edf2b7ac55f,3630e85870420f40e4da398176a1bb6f388e5bc57cbc92a3ecdc2edf2b7ac55f,1361
0,0,0,0,0,0,0,0,0,3,3,0,15210,16000,48000,3.0,ccae3d1e38ff090400d602be1357d3c189b4c04eb119f5da2bac1b1ca42ed0c3,ccae3d1e38ff090400d602be1357d3c189b4c04eb119f5da2bac1b1ca42ed0c3,1362
0,0,0,3,2,0,0,0,0,2,0,0,15214,16000,48000,3.0,0b45255c3a56deda8acf95c0800a3f4e5c4aa913c5f1bb8c4d3608185b46b34c,0b45255c3a56deda8acf95c0800a3f4e5c4aa913c5f1bb8c4d3608185b46b34c,1363
0,0,0,3,1,0,0,0,0,0,1,0,15219,16000,48000,3.0,077335891e75b57e22cd8a2e61a4b704f76975f940ac0435936073ab9a336063,077335891e75b57e22cd8a2e61a4b704f76975f940ac0435936073ab9a336063,1364
0,1,0,0,0,1,3,0,2,1,0,0,15227,16000,48000,3.0,7cb1337b53a538f5eece2cbea17f71b8e16a1147f86d745f9b96525e7159b507,7cb1337b53a538f5eece2cbea17f71b8e16a1147f86d745f9b96525e7159b507,1365
0,0,0,2,2,0,0,0,0,1,1,0,15231,16000,48000,3.0,b50c8c5199493aa40df1abbaf5ec025fa4a668c619475a36a00e20b63e8b7442,b50c8c5199493aa40df1abbaf5ec025fa4a668c619475a36a00e20b63e8b7442,1366
2,1,0,0,1,0,1,0,0,0,0,0,15238,16000,48000,3.0,ded3e8c4d5ed0bc27c20504625bd0da48e7102cc3b876ad76f8bc98b25738589,ded3e8c4d5ed0bc27c20504625bd0da48e7102cc3b876ad76f8bc98b25738589,1367
0,0,0,0,1,0,0,0,0,3,0,0,15245,16000,48000,3.0,46f44115dd5702bf9d3d171c733f9a2ce02838be585ef3a0bf363bdd1ba24a87,46f44115dd5702bf9d3d171c733f9a2ce02838be585ef3a0bf363bdd1ba24a87,1368
1,0,0,0,0,0,0,0,1,2,1,0,15249,16000,48000,3.0,4d2eea815840430bbcc1fe57176e09f4f2275b82cb2480fbab28bde09623b73e,4d2eea815840430bbcc1fe57176e09f4f2275b82cb2480fbab28bde09623b73e,1369
0,0,0,0,0,0,0,0,0,3,0,0,15263,16000,48000,3.0,335373b9733f6395c9c8cd3f29fe4feba137952dafe135a6a473c9f749d133e0,335373b9733f6395c9c8cd3f29fe4feba137952dafe135a6a473c9f749d133e0,1370
2,0,0,0,0,0,0,0,0,1,0,0,15278,16000,48000,3.0,10fdc69fd34c5550abf4bc24734133ecf28dfc127cd6554a7863fb1c66141143,10fdc69fd34c5550abf4bc24734133ecf28dfc127cd6554a7863fb1c66141143,1371
0,1,0,0,0,0,0,0,0,2,0,0,15292,16000,48000,3.0,4ec38909e6c5c5afac3867aec384664a270076d223b93d9f9a23eceeed8c7638,4ec38909e6c5c5afac3867aec384664a270076d223b93d9f9a23eceeed8c7638,1372
0,0,0,0,1,0,0,0,0,3,0,0,15336,16000,48000,3.0,e1dbe2913df3b8f8e542543e02a10c9d80f53f9b98b6c499cb88bbd476f35831,e1dbe2913df3b8f8e542543e02a10c9d80f53f9b98b6c499cb88bbd476f35831,1373
2,1,0,0,1,0,0,0,1,1,0,0,15340,16000,48000,3.0,2bf6162beef587d45df1f44f5f1ff66a812398197f68a556891a4d708462d816,2bf6162beef587d45df1f44f5f1ff66a812398197f68a556891a4d708462d816,1374
1,1,0,0,2,0,0,0,1,1,0,0,15350,16000,48000,3.0,6e8c6181543790b5d726f1ca2bbb68b8ae22a7b518e1ab27999b6b4714b52ce9,6e8c6181543790b5d726f1ca2bbb68b8ae22a7b518e1ab27999b6b4714b52ce9,1375
0,3,1,1,0,0,0,0,0,0,0,0,15357,16000,48000,3.0,fbc65063ea0ac0c01bd130261266a430eb7891c5d511a48cee42532a17974dc1,fbc65063ea0ac0c01bd130261266a430eb7891c5d511a48cee42532a17974dc1,1376
0,2,0,0,0,0,0,0,0,1,0,0,15366,16000,48000,3.0,b049c5cf97b4905e172b686a3c859df0cc62b09a371bc7a389b19f71558a7b06,b049c5cf97b4905e172b686a3c859df0cc62b09a371bc7a389b19f71558a7b06,1377
0,0,1,2,0,0,0,0,0,0,0,0,15383,16000,48000,3.0,a9fa43609cbf9b4ea3be54d9c4d7315b2f6cf6a06bc7e642703be0db6754a92c,a9fa43609cbf9b4ea3be54d9c4d7315b2f6cf6a06bc7e642703be0db6754a92c,1378
1,0,0,0,0,0,0,0,0,2,0,0,15390,16000,48000,3.0,d4ba2c2f5fa187077065d58dfa44062c860d3441a2fd883ffe41e680d6951f1f,d4ba2c2f5fa187077065d58dfa44062c860d3441a2fd883ffe41e680d6951f1f,1379
0,1,0,1,0,0,0,0,1,1,1,0,15406,16000,48000,3.0,ff1a7cd860489946d02a383d4624df5ecfdc0847d298ea9c19b62f91ba8732c5,ff1a7cd860489946d02a383d4624df5ecfdc0847d298ea9c19b62f91ba8732c5,1380
0,0,0,0,0,0,0,0,0,3,0,0,15426,16000,48000,3.0,9d41840482d350d9dc0d7f1145508df88514937abc53adb6d0f85c2ead027a36,9d41840482d350d9dc0d7f1145508df88514937abc53adb6d0f85c2ead027a36,1381
0,0,0,0,0,0,0,0,0,3,0,0,15428,16000,48000,3.0,f9d4b60cd70866fb220646170627831646c6bd9eedfe873920bb036d2377c6d9,f9d4b60cd70866fb220646170627831646c6bd9eedfe873920bb036d2377c6d9,1382
0,1,0,0,0,0,0,0,0,2,2,0,15442,16000,48000,3.0,86efdd40e648ee5be4553f2ef348f505319e3328818c199d4580e6f600aad28d,86efdd40e648ee5be4553f2ef348f505319e3328818c199d4580e6f600aad28d,1383
0,0,0,0,0,0,0,0,0,3,0,0,15446,16000,48000,3.0,80f36f9d4456d56318033b5c0da8508397bba3d8feff917d17d6488a4f1bba7c,80f36f9d4456d56318033b5c0da8508397bba3d8feff917d17d6488a4f1bba7c,1384
2,2,2,0,0,0,0,0,1,0,0,0,15447,16000,48000,3.0,dc2723733e5afb6a6097ec868070719ee64c19805036378fd0832a20052bb645,dc2723733e5afb6a6097ec868070719ee64c19805036378fd0832a20052bb645,1385
1,0,0,0,2,0,0,0,0,2,0,0,15450,16000,48000,3.0,c7133e23b8652622f16c49fbb3c4519ddb38dabbaed075162111160ee1570405,c7133e23b8652622f16c49fbb3c4519ddb38dabbaed075162111160ee1570405,1386
1,0,0,0,0,0,0,0,0,2,0,0,15458,16000,48000,3.0,26e7c5cfc01b22e44c8a36992793301093d0be62c7d67b3cbcc55ed7f99c448c,26e7c5cfc01b22e44c8a36992793301093d0be62c7d67b3cbcc55ed7f99c448c,1387
1,0,0,0,1,0,0,0,0,2,1,0,15469,16000,48000,3.0,ccdabe71b888318e861baf7be1e9e11707f7f4a05733500c63a008b85452eff5,ccdabe71b888318e861baf7be1e9e11707f7f4a05733500c63a008b85452eff5,1388
1,0,0,0,2,0,0,0,0,2,0,0,15473,16000,48000,3.0,7f4824c63ab01beb73f281dad7b64bf6c483c2365df206af4d1604c8f8b97fa5,7f4824c63ab01beb73f281dad7b64bf6c483c2365df206af4d1604c8f8b97fa5,1389
0,0,0,0,1,0,0,0,0,3,1,0,15485,16000,48000,3.0,3994d3838ea76a6ce16bee3fb8cfee9ce887b3e1e4143c2931c7638c6bf13d39,3994d3838ea76a6ce16bee3fb8cfee9ce887b3e1e4143c2931c7638c6bf13d39,1390
0,1,0,0,0,0,0,2,0,2,0,0,15487,16000,48000,3.0,21abb144262bb483983a5e7603c26ed7bac72a1017c9a504cc1e868fca1eeb94,21abb144262bb483983a5e7603c26ed7bac72a1017c9a504cc1e868fca1eeb94,1391
0,2,1,1,2,0,0,0,1,0,1,0,15489,16000,48000,3.0,184f63f5e3f1724a05600f109b9d27dad788e156be68be870a79bf3a357ba68c,184f63f5e3f1724a05600f109b9d27dad788e156be68be870a79bf3a357ba68c,1392
0,0,0,0,0,0,0,0,0,3,1,0,15491,16000,48000,3.0,3ebf569eae75cfa364b9038c713d6ba58dc8b5305612a3109d2433ba66f2743d,3ebf569eae75cfa364b9038c713d6ba58dc8b5305612a3109d2433ba66f2743d,1393
0,0,1,0,0,1,0,0,0,1,0,0,15494,16000,48000,3.0,ecd80ac83505d9ff7b5c1eaa213a3b0446567798757daeb904b71da788cf1524,ecd80ac83505d9ff7b5c1eaa213a3b0446567798757daeb904b71da788cf1524,1394
0,0,0,0,0,0,0,0,0,3,1,0,15501,16000,48000,3.0,30dbe5c0e1bfc6961e5ab725f32fccc3870cf1ba0468b7e63d833005502c4bfc,30dbe5c0e1bfc6961e5ab725f32fccc3870cf1ba0468b7e63d833005502c4bfc,1395
2,0,0,0,0,0,0,0,0,1,0,0,15511,16000,48000,3.0,b38e5836b383755ac03faaa7f8a81dcac544e5e8af1f174b01edc49172d4303f,b38e5836b383755ac03faaa7f8a81dcac544e5e8af1f174b01edc49172d4303f,1396
1,1,0,0,2,0,0,0,0,2,0,0,15521,16000,48000,3.0,a23e445c4458477767f3e8aba81e4bffa9a871fec44241493c3819cb4d0a2e27,a23e445c4458477767f3e8aba81e4bffa9a871fec44241493c3819cb4d0a2e27,1397
0,3,2,0,0,0,0,0,1,0,0,0,15540,16000,48000,3.0,baf7e2eba11731901a11f8fbc77ed0cef17158197303ca554069ae84aedfe03d,baf7e2eba11731901a11f8fbc77ed0cef17158197303ca554069ae84aedfe03d,1398
0,2,2,0,0,0,0,0,0,0,0,0,15548,16000,48000,3.0,18b545dab34632694aec8804288dcf9cc1864dfba90003024f963ed5e857e029,18b545dab34632694aec8804288dcf9cc1864dfba90003024f963ed5e857e029,1399
0,2,0,0,2,0,0,0,0,1,1,0,15554,16000,48000,3.0,6a121cad4e11c82721c58add3ddb249d31b211bdd11d0ad7fda86ebc1c6adb06,6a121cad4e11c82721c58add3ddb249d31b211bdd11d0ad7fda86ebc1c6adb06,1400
0,1,0,1,0,0,0,0,0,1,1,0,15562,16000,48000,3.0,5f545bf0362eb1d497e5ffec314b04ed7ceba741f5f4624e9a2e54c4aa4c0dee,5f545bf0362eb1d497e5ffec314b04ed7ceba741f5f4624e9a2e54c4aa4c0dee,1401
1,0,0,0,0,0,0,0,0,3,0,0,15567,16000,48000,3.0,238d7d5ba078806a3cddeeb08ebce72e0b5de2f345bdc46dfbb2b8775727f157,238d7d5ba078806a3cddeeb08ebce72e0b5de2f345bdc46dfbb2b8775727f157,1402
0,0,0,0,0,0,0,0,0,3,0,0,15570,16000,48000,3.0,f7f75f0861f45580b6baeca619c5c56f42a0b8ad446a6a8b132c61946857bdcd,f7f75f0861f45580b6baeca619c5c56f42a0b8ad446a6a8b132c61946857bdcd,1403
0,0,0,0,0,0,0,0,0,3,0,0,15572,16000,48000,3.0,5d4f9d9167cefcc4aae4e4ca48aaf677d3b52e224727d6d47154eb5a1d46410e,5d4f9d9167cefcc4aae4e4ca48aaf677d3b52e224727d6d47154eb5a1d46410e,1404
0,0,0,0,3,0,0,0,0,3,0,0,15584,16000,48000,3.0,d2c33bad7518e818953b1adf85fc6f4b9476a1a9bc3fc4457021e4e8a542044a,d2c33bad7518e818953b1adf85fc6f4b9476a1a9bc3fc4457021e4e8a542044a,1405
0,0,1,0,2,0,0,0,1,2,0,0,15596,16000,48000,3.0,e77b7ea14324101a11efbf599a9df82b15d326ec4d817d129b713a6de8183fe4,e77b7ea14324101a11efbf599a9df82b15d326ec4d817d129b713a6de8183fe4,1406
0,1,0,0,3,0,0,0,0,2,0,0,15608,16000,48000,3.0,dba00aefc70f668899bd8957a07e642080ecc5fe7f07c35e470f4401e8fb6f18,dba00aefc70f668899bd8957a07e642080ecc5fe7f07c35e470f4401e8fb6f18,1407
0,0,0,0,2,0,0,0,0,3,0,0,15637,16000,48000,3.0,16815921b578711499084afe1993980a4d891e1e5b43bfab2478c37d59a6f891,16815921b578711499084afe1993980a4d891e1e5b43bfab2478c37d59a6f891,1408
0,0,0,0,3,0,0,0,0,3,2,0,15658,16000,48000,3.0,412c439031973bf8969525125bf95b884907adf96bc8b0cc98cf31c737b508c0,412c439031973bf8969525125bf95b884907adf96bc8b0cc98cf31c737b508c0,1409
0,0,0,0,0,0,0,0,0,3,0,0,15673,16000,48000,3.0,d3d921ff03a3c78ae679953a3f095a214882263d812f9b1d3c30e88a3c2ac8a6,d3d921ff03a3c78ae679953a3f095a214882263d812f9b1d3c30e88a3c2ac8a6,1410
0,0,0,0,0,0,0,0,0,3,1,0,15684,16000,48000,3.0,6f816cbd3b042e343c5b21a8a656235e4638a11f50539ced1b4019c6e627d489,6f816cbd3b042e343c5b21a8a656235e4638a11f50539ced1b4019c6e627d489,1411
0,1,0,0,3,0,0,0,0,2,0,0,15691,16000,48000,3.0,3e729b8fd1e9311d5df4b051cb681900d3ee03d167ceb41a5c1bc3816880f86a,3e729b8fd1e9311d5df4b051cb681900d3ee03d167ceb41a5c1bc3816880f86a,1412
0,0,0,3,0,0,0,0,0,0,0,0,15694,16000,48000,3.0,27430febe6e570b0791947d1f7c907c7b50ea11a3b3d12b1b6830eb9c5489bd4,27430febe6e570b0791947d1f7c907c7b50ea11a3b3d12b1b6830eb9c5489bd4,1413
0,0,0,0,2,0,0,0,0,3,0,0,15710,16000,48000,3.0,4843a615bc2b7d6d2b4f77568e4ff4d8320a1fbae288f80369a201bbcf79f9ae,4843a615bc2b7d6d2b4f77568e4ff4d8320a1fbae288f80369a201bbcf79f9ae,1414
2,1,0,0,0,0,0,0,1,0,0,0,15719,16000,48000,3.0,d449f1f86f55f985d0c6ab813dc7fb3aa3085db77a854fd5e59232120e2316c6,d449f1f86f55f985d0c6ab813dc7fb3aa3085db77a854fd5e59232120e2316c6,1415
0,2,1,0,3,0,0,0,0,0,0,0,15725,16000,48000,3.0,fa6005716abb1880a2dcb831b2fcd062a0a423019698e59d442adbde3921c28b,fa6005716abb1880a2dcb831b2fcd062a0a423019698e59d442adbde3921c28b,1416
2,0,0,0,0,0,0,0,0,1,0,0,15726,16000,48000,3.0,7d0943ef77e6b259f70d7ca3047abe0ea29e585b2703dd4e2fc03fc0f33d5969,7d0943ef77e6b259f70d7ca3047abe0ea29e585b2703dd4e2fc03fc0f33d5969,1417
0,0,0,0,0,0,0,0,0,3,0,0,15735,16000,48000,3.0,e3aa921a4c78592c1fadc8e7f754215f8c870dfe1b1c74916128bfdccfb3a0ff,e3aa921a4c78592c1fadc8e7f754215f8c870dfe1b1c74916128bfdccfb3a0ff,1418
3,0,0,0,0,0,0,0,0,0,0,0,15759,16000,48000,3.0,6abd45d2ae94069dd08df7f96de3d1e2be8fa44108399b415234f889b55c0406,6abd45d2ae94069dd08df7f96de3d1e2be8fa44108399b415234f889b55c0406,1419
0,1,0,0,2,0,0,0,0,2,1,0,15761,16000,48000,3.0,d1086a041b0a24fa4935efba8d8919f83573a251c74a5f12070b12cbe07abe23,d1086a041b0a24fa4935efba8d8919f83573a251c74a5f12070b12cbe07abe23,1420
0,0,0,0,0,0,0,0,0,3,0,0,15766,16000,48000,3.0,fb5f8692bac1872c1562ba2a4f2fbc25f8e9b29f5083a4b7ccf2150f915d0c2b,fb5f8692bac1872c1562ba2a4f2fbc25f8e9b29f5083a4b7ccf2150f915d0c2b,1421
0,1,1,2,1,0,0,0,0,0,0,0,15785,16000,48000,3.0,1a3182d1ab45c53db76e47a6717ddb88e4fd107a9fa7e9c6b97282db74786e18,1a3182d1ab45c53db76e47a6717ddb88e4fd107a9fa7e9c6b97282db74786e18,1422
0,0,0,0,0,0,0,0,0,3,1,0,15790,16000,48000,3.0,d4f9fce7749515fbf99da0f1a5e378ab4a58d3284e71b22d5f9b0b66df2e99f3,d4f9fce7749515fbf99da0f1a5e378ab4a58d3284e71b22d5f9b0b66df2e99f3,1423
1,0,0,0,1,0,1,0,0,3,1,0,15791,16000,48000,3.0,e9c1206530efc95dfe3209a652f590b8758339d120346eb149d2b800403c35cd,e9c1206530efc95dfe3209a652f590b8758339d120346eb149d2b800403c35cd,1424
0,0,0,0,0,0,0,0,0,3,0,0,15795,16000,48000,3.0,a2bf80b73d0b42a8d3bc1f02b7f0508dab0f74da81b3d655a1e4769166ebec94,a2bf80b73d0b42a8d3bc1f02b7f0508dab0f74da81b3d655a1e4769166ebec94,1425
0,1,0,0,0,0,0,0,0,2,0,0,15808,16000,48000,3.0,12e0c7295ea8655b81f6a72b5e4d1caf623a63e78e2b24831c7f76f34374b5a1,12e0c7295ea8655b81f6a72b5e4d1caf623a63e78e2b24831c7f76f34374b5a1,1426
0,0,0,0,0,0,0,0,0,3,0,0,15828,16000,48000,3.0,909fad390d0c44f724385951fec9f0cce454ea2fb66fe7dca053b4559f265423,909fad390d0c44f724385951fec9f0cce454ea2fb66fe7dca053b4559f265423,1427
0,1,0,0,0,0,0,0,1,2,0,0,15834,16000,48000,3.0,589b1d86603c53e33b05ea0d4795888827da0d5d2a44580ca3969f5c59d328cf,589b1d86603c53e33b05ea0d4795888827da0d5d2a44580ca3969f5c59d328cf,1428
0,1,0,0,0,0,0,0,0,2,0,0,15836,16000,48000,3.0,8c6fedffa04302955f576b8f737700533559a6d8df86560c4095366c943bc39d,8c6fedffa04302955f576b8f737700533559a6d8df86560c4095366c943bc39d,1429
1,0,0,1,1,0,0,0,2,1,0,0,15856,16000,48000,3.0,7fd744e40a1a38524ee20f945bf971574fe8b6d010c8228f2f6591b71b4c5b4b,7fd744e40a1a38524ee20f945bf971574fe8b6d010c8228f2f6591b71b4c5b4b,1430
2,0,0,1,2,0,0,0,0,0,0,0,15858,16000,48000,3.0,9b5c526cf7935e8beccbfe276e5679062266fd78d0bece281add9d25d03367c8,9b5c526cf7935e8beccbfe276e5679062266fd78d0bece281add9d25d03367c8,1431
0,0,0,0,0,0,0,0,0,3,0,0,15877,16000,48000,3.0,1226addee6cfc5c9e173bc144b262a26beb4e9f8c1c253f8b14f1d8a8956ec92,1226addee6cfc5c9e173bc144b262a26beb4e9f8c1c253f8b14f1d8a8956ec92,1432
1,0,0,0,3,0,2,0,0,2,0,0,15905,16000,48000,3.0,73d2a6feebdc0ceb18e34db239cf39f10031d1622f3914172a26ad75ec24a715,73d2a6feebdc0ceb18e34db239cf39f10031d1622f3914172a26ad75ec24a715,1433
0,0,1,3,0,0,0,0,0,0,0,0,15929,16000,48000,3.0,9aa66e2b199e6a92894f9d6c54ba507ced363a6450f4e172db40c95eeb109f5a,9aa66e2b199e6a92894f9d6c54ba507ced363a6450f4e172db40c95eeb109f5a,1434
3,1,0,0,0,0,0,0,0,0,0,0,15958,16000,48000,3.0,90f5bab690356512d0e4bbcf672fa3f331572b00ff74aeb216848678cff1d637,90f5bab690356512d0e4bbcf672fa3f331572b00ff74aeb216848678cff1d637,1435
0,0,0,0,2,0,0,0,0,3,1,0,15962,16000,48000,3.0,d06e3a23c1be819ec8f21c33b64113bdd5aa40fb3bc06e861812134d7de14e29,d06e3a23c1be819ec8f21c33b64113bdd5aa40fb3bc06e861812134d7de14e29,1436
0,0,0,0,0,0,0,0,0,3,0,0,15975,16000,48000,3.0,99e5642e83c3082f5909858f87a942c29220f44979e260a0b8a68b17b85d3cbc,99e5642e83c3082f5909858f87a942c29220f44979e260a0b8a68b17b85d3cbc,1437
2,0,0,0,3,0,0,0,0,1,0,0,15979,16000,48000,3.0,413df05a110b422619f80bf4a66ae9d2242ec9b67a93d5b7ca7bc85358ba21ae,413df05a110b422619f80bf4a66ae9d2242ec9b67a93d5b7ca7bc85358ba21ae,1438
0,2,0,0,2,0,0,0,0,1,0,0,15982,16000,48000,3.0,71f17ff769c6989825c43cbb1288d8f14b6778db05760d45f7d1b3eb396bd138,71f17ff769c6989825c43cbb1288d8f14b6778db05760d45f7d1b3eb396bd138,1439
0,0,0,0,0,0,0,0,0,3,0,0,16002,16000,48000,3.0,aeaa68b15d1a2871db64042ed4e38b7f11adf1941ab07b7c349844831162856f,aeaa68b15d1a2871db64042ed4e38b7f11adf1941ab07b7c349844831162856f,1440
1,0,0,0,3,0,0,0,0,2,1,0,16008,16000,48000,3.0,79a276a3a8b0a03843ce452e3db1b261773ee9f956075fc03cfcf7e962b0171f,79a276a3a8b0a03843ce452e3db1b261773ee9f956075fc03cfcf7e962b0171f,1441
1,0,0,0,0,0,0,0,0,2,2,0,16014,16000,48000,3.0,30344303b0b99c64c5f4c52a5b107f7b9bf9641f7011441f7a0c68adb2666124,30344303b0b99c64c5f4c52a5b107f7b9bf9641f7011441f7a0c68adb2666124,1442
1,0,1,0,0,0,1,0,0,2,1,0,16015,16000,48000,3.0,16801730612134cf8cbd9285ada4711795793106d9d69699c14f2134d1d17265,16801730612134cf8cbd9285ada4711795793106d9d69699c14f2134d1d17265,1443
0,2,1,1,0,0,1,0,0,0,0,0,16017,16000,48000,3.0,bbd7c74fa5a25350a8115ffdc494a0bd169d5c13b1b1dbeef871c3124baf41da,bbd7c74fa5a25350a8115ffdc494a0bd169d5c13b1b1dbeef871c3124baf41da,1444
3,1,0,0,3,0,0,0,0,0,1,0,16021,16000,48000,3.0,b1febc72ab1987fc4257a96dfc1d3bd10ae6c5faf2ce3532c192520bfe613849,b1febc72ab1987fc4257a96dfc1d3bd10ae6c5faf2ce3532c192520bfe613849,1445
0,0,0,0,0,0,0,0,0,3,0,0,16025,16000,48000,3.0,727d42948c556dc0cba97c05f1cb10995365cceec1118e8512cd1c651ac699f4,727d42948c556dc0cba97c05f1cb10995365cceec1118e8512cd1c651ac699f4,1446
2,0,0,0,0,0,0,0,1,1,0,0,16035,16000,48000,3.0,9c97b6a40b7d9f971830e6d16f202170f9e8515dbd4f3523e4e5bfaec059f322,9c97b6a40b7d9f971830e6d16f202170f9e8515dbd4f3523e4e5bfaec059f322,1447
1,2,0,0,0,0,0,0,1,1,0,0,16037,16000,48000,3.0,521462eefa2d365f11d6376ba649bc8a213e247629ab8d81669107a345af6ed8,521462eefa2d365f11d6376ba649bc8a213e247629ab8d81669107a345af6ed8,1448
0,0,1,3,2,0,0,0,0,0,0,0,16038,16000,48000,3.0,1cc2b607a3d0316865446fbcb30e22da6adfa9f899ac102cfc16e2243e31b228,1cc2b607a3d0316865446fbcb30e22da6adfa9f899ac102cfc16e2243e31b228,1449
0,0,1,2,0,0,1,0,1,1,0,0,16049,16000,48000,3.0,a958c63012d365ba29af0a6e1fe18ec2fcdccf001c357c868411ca5903829b98,a958c63012d365ba29af0a6e1fe18ec2fcdccf001c357c868411ca5903829b98,1450
1,0,0,0,1,0,0,0,1,2,1,0,16067,16000,48000,3.0,07adb0b4919f7f4f6aa099485ac6f0f6ad6ca0326b57c0197ac6e7ec2bcc3796,07adb0b4919f7f4f6aa099485ac6f0f6ad6ca0326b57c0197ac6e7ec2bcc3796,1451
2,2,1,1,0,0,0,0,0,0,0,0,16073,16000,48000,3.0,8bb560a31c433c5e914584df004ff82ab7e88ec733a9966355b5f7678be8ca37,8bb560a31c433c5e914584df004ff82ab7e88ec733a9966355b5f7678be8ca37,1452
2,1,0,0,0,0,0,2,0,1,0,0,16085,16000,48000,3.0,88284f41fb72a1e88329f45eef96ea9cce513520269228c408140a8152085823,88284f41fb72a1e88329f45eef96ea9cce513520269228c408140a8152085823,1453
0,0,0,0,2,0,0,0,0,3,0,0,16108,16000,48000,3.0,8a2c484d92d0fd34bdbf0d22fe60388b0772c32efc1766bd29847063eccad45c,8a2c484d92d0fd34bdbf0d22fe60388b0772c32efc1766bd29847063eccad45c,1454
0,0,0,0,3,0,0,0,0,3,0,0,16110,16000,48000,3.0,db966fd906e057234074441ed50fce8de89e7cf3b576b2ba0c38db4e67860ada,db966fd906e057234074441ed50fce8de89e7cf3b576b2ba0c38db4e67860ada,1455
0,0,0,0,3,0,0,0,0,3,0,0,16123,16000,48000,3.0,e7085d4948e28255e693adbc9ff478a5661eb212eb6fc1df7f4613f919dd26ef,e7085d4948e28255e693adbc9ff478a5661eb212eb6fc1df7f4613f919dd26ef,1456
1,0,0,0,0,0,0,0,1,2,0,0,16124,16000,48000,3.0,bdd0ae00fd6512d07d38d873c078c8b5108d00235b1fc97423d8362d45d67ceb,bdd0ae00fd6512d07d38d873c078c8b5108d00235b1fc97423d8362d45d67ceb,1457
1,0,0,0,2,0,0,0,0,3,0,0,16127,16000,48000,3.0,0d1059f38c473c447118f853e098e73ffbf6d7e6c58e9e445dd30740f792a7e8,0d1059f38c473c447118f853e098e73ffbf6d7e6c58e9e445dd30740f792a7e8,1458
0,1,0,3,3,0,0,0,0,0,0,0,16138,16000,48000,3.0,306c2156843ada985ad9300260acb37053de1e09500316bf8e7c976e1089a299,306c2156843ada985ad9300260acb37053de1e09500316bf8e7c976e1089a299,1459
2,0,0,1,1,0,0,0,0,0,0,0,16140,16000,48000,3.0,adf69e525ce3053904a5719a0d67c93cc142dcaaf9ccd551aa498c2471c240a0,adf69e525ce3053904a5719a0d67c93cc142dcaaf9ccd551aa498c2471c240a0,1460
3,0,0,0,0,0,1,2,0,0,0,0,16190,16000,48000,3.0,11dfc0a2e8e78b145f0a6477758a25c17c9f5a8815c4d1632928b79b5eb191e5,11dfc0a2e8e78b145f0a6477758a25c17c9f5a8815c4d1632928b79b5eb191e5,1461
2,0,0,0,0,0,0,0,0,1,0,0,16196,16000,48000,3.0,8e651d2a8066f962a9a67bcbeca5d797a9934434c4b6012f01bc27cfc1bce862,8e651d2a8066f962a9a67bcbeca5d797a9934434c4b6012f01bc27cfc1bce862,1462
0,0,0,0,2,0,0,0,0,3,0,0,16207,16000,48000,3.0,2d66f2db305d87ef0a5037a8cff032319b8ac3e6eda5148cc6446550f5dcb484,2d66f2db305d87ef0a5037a8cff032319b8ac3e6eda5148cc6446550f5dcb484,1463
0,1,0,0,0,0,0,0,1,2,0,0,16226,16000,48000,3.0,5e33b934ae0a3d74649d386a79b38fe2b158e3c42a1c8fac744a9c8b88e6f8b4,5e33b934ae0a3d74649d386a79b38fe2b158e3c42a1c8fac744a9c8b88e6f8b4,1464
0,3,1,0,0,0,0,0,1,0,0,0,16243,16000,48000,3.0,b99051d5ed612fe427b7bf41e69f58f47910bfa2b1e13ac5dadc1d19a6814e3e,b99051d5ed612fe427b7bf41e69f58f47910bfa2b1e13ac5dadc1d19a6814e3e,1465
0,1,1,0,0,0,0,0,0,2,0,0,16287,16000,48000,3.0,e5d6c744761a84b880d6acfacb80be59325fdf4d2a169b7df72b8a8fc38bce1e,e5d6c744761a84b880d6acfacb80be59325fdf4d2a169b7df72b8a8fc38bce1e,1466
0,0,0,0,0,0,0,0,0,3,1,1,16328,16000,48000,3.0,86c429da28db9867b7176cf512beb207fd3da1db5cb593489a674e464123e89a,86c429da28db9867b7176cf512beb207fd3da1db5cb593489a674e464123e89a,1467
0,0,0,0,2,0,0,0,0,3,0,0,16339,16000,48000,3.0,2dc6ea0b815eec24aa21e3c3699bf43fcdcd4d74d03896cef34ff1d839b23bb9,2dc6ea0b815eec24aa21e3c3699bf43fcdcd4d74d03896cef34ff1d839b23bb9,1468
0,0,0,0,3,0,0,0,0,3,2,0,16351,16000,48000,3.0,39f97560034821ff8d3fc95dc0de36624277454d09dddc3509c4eb4b0cc458e3,39f97560034821ff8d3fc95dc0de36624277454d09dddc3509c4eb4b0cc458e3,1469
0,1,0,0,0,0,0,0,0,2,2,0,16353,16000,48000,3.0,96002303f4b88b692b3bb26ca4100a86ad7624b702b7338ab1b15f700b28800a,96002303f4b88b692b3bb26ca4100a86ad7624b702b7338ab1b15f700b28800a,1470
1,0,0,0,3,0,0,0,0,2,0,0,16369,16000,48000,3.0,2e35e4f460114109bc29cfcd0e07cde85ec17ee1b58555a2292e404fb6c73da3,2e35e4f460114109bc29cfcd0e07cde85ec17ee1b58555a2292e404fb6c73da3,1471
0,1,0,0,2,0,0,0,0,2,1,0,16386,16000,48000,3.0,30af4bb3449169e65b64e2eb5ff5d9e3334b1f394ef9eb3ca75d7495d83e426e,30af4bb3449169e65b64e2eb5ff5d9e3334b1f394ef9eb3ca75d7495d83e426e,1472
0,0,0,0,0,0,1,0,1,3,0,0,16400,16000,48000,3.0,a52819d92001f533b992a1f4515451588e5f77acf95d3101c2cea5ffa31d0fdf,a52819d92001f533b992a1f4515451588e5f77acf95d3101c2cea5ffa31d0fdf,1473
0,0,0,0,0,0,0,0,0,3,0,0,16405,16000,48000,3.0,dc05d86eda6105129db111e727eeae89dca503dadbb97309160e547b57ee862b,dc05d86eda6105129db111e727eeae89dca503dadbb97309160e547b57ee862b,1474
1,0,0,0,0,0,0,0,0,2,0,0,16414,16000,48000,3.0,e46e17eb8feb9a44e6a7b54706004c7a23c59b0e701000319a7706635895f8e9,e46e17eb8feb9a44e6a7b54706004c7a23c59b0e701000319a7706635895f8e9,1475
0,0,0,0,0,0,0,0,0,3,2,0,16415,16000,48000,3.0,cf733591ee3260e1a67670dd290c1f6038badc38d878a96b010efd53a0c81bb4,cf733591ee3260e1a67670dd290c1f6038badc38d878a96b010efd53a0c81bb4,1476
0,0,0,0,0,0,0,0,0,3,1,0,16431,16000,48000,3.0,d3d5c47486035374f96119ac0f98a418e05697e01188794aea6e6a6ad7fb41e2,d3d5c47486035374f96119ac0f98a418e05697e01188794aea6e6a6ad7fb41e2,1477
0,0,0,0,0,0,0,0,0,3,1,0,16451,16000,48000,3.0,b6d33ac75b52380c1e1e0d1ae050f58a46df4d16decce558bd2523b395be743b,b6d33ac75b52380c1e1e0d1ae050f58a46df4d16decce558bd2523b395be743b,1478
2,0,0,0,3,0,0,0,0,1,2,0,16462,16000,48000,3.0,a9f9ae3d21a0d9077bd8437442a9844eb525d809ad26c3e48d6c90ea7a44c9d6,a9f9ae3d21a0d9077bd8437442a9844eb525d809ad26c3e48d6c90ea7a44c9d6,1479
1,1,1,0,0,0,0,0,0,1,0,0,16482,16000,48000,3.0,f005b14d608675e8887f2ac7e38aaa695d1fdf40c5b170a7c040bca51f01b6d8,f005b14d608675e8887f2ac7e38aaa695d1fdf40c5b170a7c040bca51f01b6d8,1480
2,0,2,0,2,0,0,0,0,1,0,0,16488,16000,48000,3.0,82fb50a629fedd36b95e5171f1b01297588180619341c0ab7d2e403ab9c9bf31,82fb50a629fedd36b95e5171f1b01297588180619341c0ab7d2e403ab9c9bf31,1481
0,1,0,0,1,0,0,0,0,2,2,0,16494,16000,48000,3.0,fbef808b3c6b872855688a76dd31bae7b6d86c092db0f4bfabd06bfa225738c9,fbef808b3c6b872855688a76dd31bae7b6d86c092db0f4bfabd06bfa225738c9,1482
1,0,0,0,3,0,0,0,1,2,0,0,16519,16000,48000,3.0,44854449c2fe79d56809da08159a42b5c28d9f357ca880454534765aa88a882e,44854449c2fe79d56809da08159a42b5c28d9f357ca880454534765aa88a882e,1483
0,0,0,3,3,0,0,0,0,0,0,0,16527,16000,48000,3.0,6b53c48f5bbcb5060d92a0f832e0c0e8c45b0047c78f4673d5ef181d7f2ecf02,6b53c48f5bbcb5060d92a0f832e0c0e8c45b0047c78f4673d5ef181d7f2ecf02,1484
0,0,2,1,3,0,0,0,0,0,1,0,16531,16000,48000,3.0,5b1b4fe4dda0800d514d0b17ca7d9ed662050c2da68cc66443ddbf4b90672dc6,5b1b4fe4dda0800d514d0b17ca7d9ed662050c2da68cc66443ddbf4b90672dc6,1485
0,1,0,0,3,1,0,0,1,2,0,0,16545,16000,48000,3.0,b64ef35c658c2a1b607767ce36c81ea54e24498f6cf3bb6320df7472a94e3f5f,b64ef35c658c2a1b607767ce36c81ea54e24498f6cf3bb6320df7472a94e3f5f,1486
1,1,0,0,2,0,0,0,0,2,1,0,16562,16000,48000,3.0,e85cc0611c3ffc2adfc2ae228d1fcf2a149c88f3e7f5e7c7b09822b6f6af0ad2,e85cc0611c3ffc2adfc2ae228d1fcf2a149c88f3e7f5e7c7b09822b6f6af0ad2,1487
0,1,0,0,0,0,0,0,0,2,0,0,16563,16000,48000,3.0,e89a2bd856181e03eb1f6eefc51550b82a8f93bcb242bad8a8a8b9d25b5c55a1,e89a2bd856181e03eb1f6eefc51550b82a8f93bcb242bad8a8a8b9d25b5c55a1,1488
0,1,3,0,3,0,0,0,0,0,0,0,16575,16000,48000,3.0,74dbb3c716c5ae7238c59172a880e48e81b92904eb448f9e5b43abd01077038f,74dbb3c716c5ae7238c59172a880e48e81b92904eb448f9e5b43abd01077038f,1489
0,1,0,0,2,0,0,0,0,2,1,0,16594,16000,48000,3.0,64b106c555e9a875863fe15d8b497a5101e75d80af7fc9385a435f9d453a68aa,64b106c555e9a875863fe15d8b497a5101e75d80af7fc9385a435f9d453a68aa,1490
1,0,0,0,1,0,0,0,0,2,0,0,16595,16000,48000,3.0,ce85e15f906235bb5010706f8dc23850c8f5d26ad34f652606b536b4ad5047d8,ce85e15f906235bb5010706f8dc23850c8f5d26ad34f652606b536b4ad5047d8,1491
3,0,0,0,0,0,0,0,0,0,0,0,16604,16000,48000,3.0,b0d24aa0e1a778182dddfd54c6eddaa60de28722043d3f203050ea2431fc69ed,b0d24aa0e1a778182dddfd54c6eddaa60de28722043d3f203050ea2431fc69ed,1492
3,0,0,0,0,0,0,0,0,0,0,0,16612,16000,48000,3.0,27b34a4596f83ccd80ee295f9c82dbe508d5b0047268611b8f82f47dbe9a1c48,27b34a4596f83ccd80ee295f9c82dbe508d5b0047268611b8f82f47dbe9a1c48,1493
1,0,0,2,0,0,0,0,0,1,1,0,16613,16000,48000,3.0,ed2648332e852c148ef5cbb3139ce07e9f19a8d6ec630d07f7fb48cda770c143,ed2648332e852c148ef5cbb3139ce07e9f19a8d6ec630d07f7fb48cda770c143,1494
0,0,0,0,0,0,0,0,0,3,2,0,16634,16000,48000,3.0,078e17bab374fe9c18bb141d761a43712223ed8172e51e43455659eee93cd3bd,078e17bab374fe9c18bb141d761a43712223ed8172e51e43455659eee93cd3bd,1495
0,2,0,0,0,0,0,0,0,1,1,0,16636,16000,48000,3.0,b64af9825abe4bfcf55649fb9689be722713e25ddfc7afe10fdd286caa1838ae,b64af9825abe4bfcf55649fb9689be722713e25ddfc7afe10fdd286caa1838ae,1496
0,1,0,0,0,0,0,0,0,2,0,0,16641,16000,48000,3.0,0c47db5ddd4af9504e2de1cd08dc979f899b1930d520b1212f34d2ad6f1d7c93,0c47db5ddd4af9504e2de1cd08dc979f899b1930d520b1212f34d2ad6f1d7c93,1497
1,0,0,0,3,0,0,0,0,2,0,0,16643,16000,48000,3.0,db941b7b6bdfbcff77fa5509c0565b1fa245d07e81a185ae15d3c382510ed5be,db941b7b6bdfbcff77fa5509c0565b1fa245d07e81a185ae15d3c382510ed5be,1498
1,1,0,0,2,0,0,0,0,2,0,0,16662,16000,48000,3.0,1163d7a600324177e2e021dffd4e784d2d22e4eb1334d2fa4b51004091f18297,1163d7a600324177e2e021dffd4e784d2d22e4eb1334d2fa4b51004091f18297,1499
0,0,0,0,0,0,0,0,0,3,1,0,16692,16000,48000,3.0,434d7153bd316d07a1d6a64a36687a7795cb07d651236414285fccaf24e62581,434d7153bd316d07a1d6a64a36687a7795cb07d651236414285fccaf24e62581,1500
0,1,0,0,0,0,1,0,0,2,1,0,16700,16000,48000,3.0,794c7c9655b6f84b60d27434b33b5b15e83b4a5b2e0d18ecc607045245dff310,794c7c9655b6f84b60d27434b33b5b15e83b4a5b2e0d18ecc607045245dff310,1501
0,1,0,1,1,0,1,0,1,1,0,0,16708,16000,48000,3.0,26d8d7b1c234a91236db3306e19f367c6a9ad812dbb2cdd19fdfa6cf895e667c,26d8d7b1c234a91236db3306e19f367c6a9ad812dbb2cdd19fdfa6cf895e667c,1502
0,3,1,1,0,0,0,0,0,0,0,0,16716,16000,48000,3.0,c82856b7e5a2abb376a83820681d92580be1d0e94fdb5781bbc736b5e4bbb1b1,c82856b7e5a2abb376a83820681d92580be1d0e94fdb5781bbc736b5e4bbb1b1,1503
0,1,0,1,3,0,0,0,0,2,0,0,16731,16000,48000,3.0,c6d017c1a57bdc03618dd32e69ce3dd9293a0aab6dc62a969936ba2d90387e5a,c6d017c1a57bdc03618dd32e69ce3dd9293a0aab6dc62a969936ba2d90387e5a,1504
0,1,0,0,0,0,0,0,0,2,1,0,16746,16000,48000,3.0,ab682e8b9be0baea9ebc4fba5fd5ddf42a00423e08653678ae72a7922ccfb724,ab682e8b9be0baea9ebc4fba5fd5ddf42a00423e08653678ae72a7922ccfb724,1505
0,0,0,0,0,0,0,0,0,3,0,0,16753,16000,48000,3.0,aef0affd5acc3f3ba53a8e66b0dba147483a42160cd1319679a826b92643ce3f,aef0affd5acc3f3ba53a8e66b0dba147483a42160cd1319679a826b92643ce3f,1506
0,0,0,0,2,0,1,0,0,3,2,0,16767,16000,48000,3.0,ef443d9ee7fca7e6b39c421de39f5c956672d6d053bf9aed14a0dfe1455a5b96,ef443d9ee7fca7e6b39c421de39f5c956672d6d053bf9aed14a0dfe1455a5b96,1507
0,0,0,0,0,0,1,0,0,3,0,0,16769,16000,48000,3.0,e2be42e84940ea22b3dd94c44b7a05ac332d500b572f98f379c6566323247568,e2be42e84940ea22b3dd94c44b7a05ac332d500b572f98f379c6566323247568,1508
0,0,0,0,1,0,0,0,0,3,0,0,16777,16000,48000,3.0,f059fd11e8a02253944c5613bb42508bc94c896b94f24a84f2ad3686d0ff700d,f059fd11e8a02253944c5613bb42508bc94c896b94f24a84f2ad3686d0ff700d,1509
1,0,1,0,1,0,1,0,2,1,0,0,16811,16000,48000,3.0,581ec06477f8b0786272c692f4fac342f9ff21185956c14ddd8ecdd6385e245b,581ec06477f8b0786272c692f4fac342f9ff21185956c14ddd8ecdd6385e245b,1510
0,0,0,0,3,0,1,0,0,3,2,0,16812,16000,48000,3.0,b8d41fac57f4d1e1bfe1c0a73286cf30d12d22f44795d930d7ebf4dcfd91b53d,b8d41fac57f4d1e1bfe1c0a73286cf30d12d22f44795d930d7ebf4dcfd91b53d,1511
3,0,0,0,0,0,0,0,0,0,0,0,16825,16000,48000,3.0,4eed55f144c5db7a3a0434798239e9645db9ed19110e33df62483c3b66d81f9e,4eed55f144c5db7a3a0434798239e9645db9ed19110e33df62483c3b66d81f9e,1512
1,0,0,0,3,0,0,0,0,2,0,0,16834,16000,48000,3.0,f7bfd152f13bcfd1d1c85a6e32d1e8a20da7c1113d73ae316d9c6fe35b03a631,f7bfd152f13bcfd1d1c85a6e32d1e8a20da7c1113d73ae316d9c6fe35b03a631,1513
1,1,0,0,1,0,0,0,0,1,0,0,16841,16000,48000,3.0,964c8953ce7152e7b0e0eacd4c9fd6610b466f33cad3360c016833f93ccd2732,964c8953ce7152e7b0e0eacd4c9fd6610b466f33cad3360c016833f93ccd2732,1514
0,0,1,0,0,0,1,3,0,3,0,0,16873,16000,48000,3.0,3782444b4d4efdeccb5f576070bd352c6d7451a8ab4cf942fe6510ba04c14c19,3782444b4d4efdeccb5f576070bd352c6d7451a8ab4cf942fe6510ba04c14c19,1515
2,1,0,0,0,0,2,0,3,1,1,0,16876,16000,48000,3.0,00b6ce3e36447ccde67d026bab3e5fe23da7d7b931668d3711448d0f13241785,00b6ce3e36447ccde67d026bab3e5fe23da7d7b931668d3711448d0f13241785,1516
0,0,0,0,0,0,3,0,1,3,0,0,16889,16000,48000,3.0,ff196dbd800c1add90bf6810f191286d3d399d7fa2755d4673d0831c863dedce,ff196dbd800c1add90bf6810f191286d3d399d7fa2755d4673d0831c863dedce,1517
0,0,0,0,0,0,0,0,0,3,0,0,16917,16000,48000,3.0,93ec18adedfed2c6f2f802f4ff6817693eb9e34fd4da3bee6c4d00aba78854eb,93ec18adedfed2c6f2f802f4ff6817693eb9e34fd4da3bee6c4d00aba78854eb,1518
1,0,0,1,0,0,2,0,1,1,0,0,16925,16000,48000,3.0,d005c7381fedf93a4d233075c9fad43363e77182188865d6b310e479347b3f5a,d005c7381fedf93a4d233075c9fad43363e77182188865d6b310e479347b3f5a,1519
0,0,0,0,0,0,2,0,0,3,0,0,16931,16000,48000,3.0,6b08662ddecfd34afd177d57d3a7bf01cb7504ba9af18876f50692bf86c2c8a5,6b08662ddecfd34afd177d57d3a7bf01cb7504ba9af18876f50692bf86c2c8a5,1520
1,1,0,0,0,0,1,0,1,1,0,0,16934,16000,48000,3.0,b424dca43d287e610cf7e187fdfbd37e4b00175748233e53fa73f23bf1869f7b,b424dca43d287e610cf7e187fdfbd37e4b00175748233e53fa73f23bf1869f7b,1521
0,0,0,0,1,0,0,0,0,3,0,0,16952,16000,48000,3.0,17f0b83600c9e8026eb8b78b969b741db14faaf9e8422ea49c955c708dca1f5b,17f0b83600c9e8026eb8b78b969b741db14faaf9e8422ea49c955c708dca1f5b,1522
0,0,0,0,0,0,2,0,0,3,0,0,16964,16000,48000,3.0,a1a5ae1efa041943c4dd1c56762a6401b4bb899abcbbd921017632be6e419626,a1a5ae1efa041943c4dd1c56762a6401b4bb899abcbbd921017632be6e419626,1523
0,0,0,0,1,0,1,0,1,3,1,0,16970,16000,48000,3.0,4a5e51b5702d664c0d99e7c106fcb989e14dc71c7ad6881fd14291a749dcb977,4a5e51b5702d664c0d99e7c106fcb989e14dc71c7ad6881fd14291a749dcb977,1524
0,1,0,0,0,1,3,0,3,2,0,0,16975,16000,48000,3.0,4759fc8f367d6baa2897c8c54f0e952b5a972deb5a8b44a217860018e33ede03,4759fc8f367d6baa2897c8c54f0e952b5a972deb5a8b44a217860018e33ede03,1525
0,0,0,0,0,0,0,0,0,3,0,0,16986,16000,48000,3.0,57e0dffe9f2c9652d0259ddfca74a9327b95138f44c473ae27ea609d193a6445,57e0dffe9f2c9652d0259ddfca74a9327b95138f44c473ae27ea609d193a6445,1526
0,0,0,0,0,0,2,0,1,3,0,0,16999,16000,48000,3.0,33fcfd5eb184eba37aaaed23367f5337ddde82e1d5cb10dd24748a5ebe8fad25,33fcfd5eb184eba37aaaed23367f5337ddde82e1d5cb10dd24748a5ebe8fad25,1527
0,1,0,0,0,0,3,0,1,2,0,0,17000,16000,48000,3.0,4069e3dbcc11e0f3bf5faa77f7131411e28b873ee2c0f3f2292cd4d057918335,4069e3dbcc11e0f3bf5faa77f7131411e28b873ee2c0f3f2292cd4d057918335,1528
2,1,0,0,0,0,2,0,1,0,0,0,17018,16000,48000,3.0,af1e38b86be11bce88507009c9ace7dd51d652bd6a11c579321507f7273faad6,af1e38b86be11bce88507009c9ace7dd51d652bd6a11c579321507f7273faad6,1529
0,1,0,0,0,0,1,0,1,2,0,0,17025,16000,48000,3.0,748c4830e5d0a95cddd6223e9faf297a68151eeb8f284be93114ff90b7fbdc90,748c4830e5d0a95cddd6223e9faf297a68151eeb8f284be93114ff90b7fbdc90,1530
0,1,1,0,1,0,1,0,2,1,1,0,17032,16000,48000,3.0,a73d5650c2b69ab6e2bd78c64f54439b4b25d9e131d57e79ab2c35debd3491ac,a73d5650c2b69ab6e2bd78c64f54439b4b25d9e131d57e79ab2c35debd3491ac,1531
1,0,0,0,0,0,0,0,1,2,0,0,17039,16000,48000,3.0,c50707fa524ff2022c4e210fb6b3e607f92776d9c2becd4ff66e27fbd6bb3d63,c50707fa524ff2022c4e210fb6b3e607f92776d9c2becd4ff66e27fbd6bb3d63,1532
0,0,0,0,0,0,2,0,0,3,0,0,17041,16000,48000,3.0,e9891e84d942513638b4a491f2e7583262343da2ef2de2a748f149715548a6cb,e9891e84d942513638b4a491f2e7583262343da2ef2de2a748f149715548a6cb,1533
1,1,0,0,0,0,2,0,0,1,1,0,17061,16000,48000,3.0,e303f9498caa2b591754f6059a01295ef9429b3bdf2ab35719dc7cd0b9d00ada,e303f9498caa2b591754f6059a01295ef9429b3bdf2ab35719dc7cd0b9d00ada,1534
0,0,0,0,0,0,1,0,1,3,1,0,17063,16000,48000,3.0,86cf0f1f92002b860b39fd9ee5c2dfae30ba73ccd8f3bc973bca6c777b1912d8,86cf0f1f92002b860b39fd9ee5c2dfae30ba73ccd8f3bc973bca6c777b1912d8,1535
1,1,0,0,0,0,1,0,2,1,0,0,17076,16000,48000,3.0,7aedc1ab73fe8ee475ac8a58b68f38bbc35cd3f5cb56b3543a8ddacdeb6071c2,7aedc1ab73fe8ee475ac8a58b68f38bbc35cd3f5cb56b3543a8ddacdeb6071c2,1536
2,1,0,0,0,0,1,0,1,0,1,0,17095,16000,48000,3.0,d8af49199e820f9ccfa009390a6658d09ee7c33d9a05920a1a67b7858b5f4c09,d8af49199e820f9ccfa009390a6658d09ee7c33d9a05920a1a67b7858b5f4c09,1537
1,0,0,0,0,0,1,0,0,2,0,0,17097,16000,48000,3.0,6b6f494f594f4fba60a52ccecab0fff5604cc4990d770d2ddb2d725260b250d4,6b6f494f594f4fba60a52ccecab0fff5604cc4990d770d2ddb2d725260b250d4,1538
0,0,0,0,0,0,0,0,0,3,0,0,17099,16000,48000,3.0,602c1a5596d2c3b894b64b93e2f9f130199018abaefcaa30ee1b60e29342cc18,602c1a5596d2c3b894b64b93e2f9f130199018abaefcaa30ee1b60e29342cc18,1539
0,0,1,2,1,0,0,0,0,0,0,0,17112,16000,48000,3.0,695dde3eb9257e4bc99e5a33ac9ce326c839d7e5fe983e8fd200f1a829cb6d22,695dde3eb9257e4bc99e5a33ac9ce326c839d7e5fe983e8fd200f1a829cb6d22,1540
0,0,0,0,0,0,0,0,1,3,0,0,17128,16000,48000,3.0,89f59e3cb45b2211110a34131cb2e863d99979bc53401401f91529883f79c9ba,89f59e3cb45b2211110a34131cb2e863d99979bc53401401f91529883f79c9ba,1541
0,3,0,0,0,0,0,0,0,0,0,0,17133,16000,48000,3.0,ad273c00c659ff1cbd9783aad00a7583dbb12fa0b86e0fdc577f2d5f60d75fc1,ad273c00c659ff1cbd9783aad00a7583dbb12fa0b86e0fdc577f2d5f60d75fc1,1542
1,0,0,0,0,0,0,0,1,2,0,0,17145,16000,48000,3.0,512ba7846191e8b251ae8104a14d849b104dda051d2346305cc6184d0adc1b7e,512ba7846191e8b251ae8104a14d849b104dda051d2346305cc6184d0adc1b7e,1543
1,0,0,0,0,0,1,0,1,2,1,0,17148,16000,48000,3.0,78f83e88713fe31f2424b396fa4909fcb8a4a1ac75e9ec223a55a7b1694bdb77,78f83e88713fe31f2424b396fa4909fcb8a4a1ac75e9ec223a55a7b1694bdb77,1544
2,0,1,0,0,0,0,0,0,0,0,0,17149,16000,48000,3.0,1208db589f12ecfb56e29696a1ae3533c14954761683c06e4b065bb2690308a4,1208db589f12ecfb56e29696a1ae3533c14954761683c06e4b065bb2690308a4,1545
2,0,0,0,0,0,1,0,2,1,0,0,17172,16000,48000,3.0,911744616ccfab8266284bb459141d46903ab70650ec66d0885b8e26a9209d60,911744616ccfab8266284bb459141d46903ab70650ec66d0885b8e26a9209d60,1546
2,0,0,0,0,0,0,0,0,2,0,0,17180,16000,48000,3.0,919c2ead6820027d535e84d472a2ef43ad6c2a92c50ce81d8e78dd64fbfb92df,919c2ead6820027d535e84d472a2ef43ad6c2a92c50ce81d8e78dd64fbfb92df,1547
0,2,0,0,0,0,1,0,0,1,0,0,17186,16000,48000,3.0,70d7a8367a98eaeae8ae0739427c2d46d3ae37e029cea703f3ac5cb58a9b4682,70d7a8367a98eaeae8ae0739427c2d46d3ae37e029cea703f3ac5cb58a9b4682,1548
0,0,0,0,0,0,1,0,1,3,0,0,17200,16000,48000,3.0,db1768c952479cb45850061195f14384d3a132a1a43a89064a134f1d1cbc2b51,db1768c952479cb45850061195f14384d3a132a1a43a89064a134f1d1cbc2b51,1549
3,0,0,0,0,0,0,0,0,0,0,0,17202,16000,48000,3.0,ce2def6461b01083c8bfa4911fc276e8806a63a6f60c22011f070a6b7ad71b87,ce2def6461b01083c8bfa4911fc276e8806a63a6f60c22011f070a6b7ad71b87,1550
0,0,0,0,0,0,0,0,0,3,0,0,17204,16000,48000,3.0,34bd92fd2688022414a46a7d9e1fcd25239949badefe0ffe4fe4e25082df5dc1,34bd92fd2688022414a46a7d9e1fcd25239949badefe0ffe4fe4e25082df5dc1,1551
0,0,0,0,0,0,1,0,0,3,0,0,17210,16000,48000,3.0,86db49a1ea3e41b6f6ad7f1e69d011d20364a5084af0078d7ab22c22b53b1a40,86db49a1ea3e41b6f6ad7f1e69d011d20364a5084af0078d7ab22c22b53b1a40,1552
0,0,0,0,0,0,0,0,0,3,0,0,17215,16000,48000,3.0,f5201c344134b30db4299c8bb77f8fd53fdfb1c563490ba6d18338119448301b,f5201c344134b30db4299c8bb77f8fd53fdfb1c563490ba6d18338119448301b,1553
0,0,0,0,0,2,2,2,1,1,0,0,17224,16000,48000,3.0,51febb5a568374148b3a7b7b6c0f61e3e8808dbf1b64d34cbd3ca50bc981a08e,51febb5a568374148b3a7b7b6c0f61e3e8808dbf1b64d34cbd3ca50bc981a08e,1554
3,0,0,0,0,0,0,0,0,0,0,0,17245,16000,48000,3.0,e1f109efbad71e29ba3e9caa5aea2e81403bf786d62fc323f52a97413cd7b71e,e1f109efbad71e29ba3e9caa5aea2e81403bf786d62fc323f52a97413cd7b71e,1555
0,2,0,0,1,0,0,0,0,1,1,0,17251,16000,48000,3.0,f31cf029dc8266d2664790bdfec1cfe6165803edb517e1d8817ec44d2fd576a0,f31cf029dc8266d2664790bdfec1cfe6165803edb517e1d8817ec44d2fd576a0,1556
0,0,0,0,2,0,0,0,0,3,0,0,17257,16000,48000,3.0,3c673b282abedcdd9f1626d83e4fa6b8b5a4e560e01486047309c738979500aa,3c673b282abedcdd9f1626d83e4fa6b8b5a4e560e01486047309c738979500aa,1557
3,0,0,0,0,0,1,0,0,0,0,0,17280,16000,48000,3.0,b71fa33ea3b3907b0e8534ec38c7c31ebeee864984ce9e31bf41ca4a7f7cff58,b71fa33ea3b3907b0e8534ec38c7c31ebeee864984ce9e31bf41ca4a7f7cff58,1558
0,1,0,0,0,0,1,0,0,2,0,0,17281,16000,48000,3.0,2d8645da6151d02648b7f2024daa864561a22ba671a3fb0c3c0ef3364e382b8c,2d8645da6151d02648b7f2024daa864561a22ba671a3fb0c3c0ef3364e382b8c,1559
1,0,0,0,0,0,0,0,0,2,0,0,17284,16000,48000,3.0,372951bb63a5828ba5e4540b0e28a597bdebd4ba7fd3a0987bcdbf5fc667a692,372951bb63a5828ba5e4540b0e28a597bdebd4ba7fd3a0987bcdbf5fc667a692,1560
0,0,0,0,0,0,0,0,1,3,0,0,17290,16000,48000,3.0,e89698b9d845631983aaca683b76c601b17e22c66b95a0aaf82e0516817493c4,e89698b9d845631983aaca683b76c601b17e22c66b95a0aaf82e0516817493c4,1561
0,1,0,1,1,0,1,0,0,1,1,0,17293,16000,48000,3.0,425f792f95b8ac3f7f2ee3268e0a132e5f1f826a58db0794d6d5b182114da544,425f792f95b8ac3f7f2ee3268e0a132e5f1f826a58db0794d6d5b182114da544,1562
1,0,1,1,0,0,1,0,1,0,0,1,17307,16000,48000,3.0,154a1fc1fdda2af50e87dcc1fcfc3235e1c0f98a2dbdbf3ceda122728744628d,154a1fc1fdda2af50e87dcc1fcfc3235e1c0f98a2dbdbf3ceda122728744628d,1563
0,0,0,0,0,0,2,0,0,3,1,0,17350,16000,48000,3.0,a9e3e4f760810373c7fef99bab55b2063bc6b7d6810c637974d8ed1be7bc871c,a9e3e4f760810373c7fef99bab55b2063bc6b7d6810c637974d8ed1be7bc871c,1564
0,0,0,0,0,0,0,0,1,3,0,0,17369,16000,48000,3.0,91c402a87b0544c9ddf18c3a47103a7843661c3ad1548b10a53b3eed4ac8e319,91c402a87b0544c9ddf18c3a47103a7843661c3ad1548b10a53b3eed4ac8e319,1565
2,0,0,0,0,0,2,0,3,1,0,0,17380,16000,48000,3.0,6f85956e3ac0954e1d67f1022684dc7040403fff55d1c514a3b0e7a9d2ee2120,6f85956e3ac0954e1d67f1022684dc7040403fff55d1c514a3b0e7a9d2ee2120,1566
0,0,0,0,0,0,0,0,0,3,2,0,17381,16000,48000,3.0,d7152b0993a44bda0511a3bb122b9b1b637429f664f089d4ee8a0a90ac2aa466,d7152b0993a44bda0511a3bb122b9b1b637429f664f089d4ee8a0a90ac2aa466,1567
0,0,0,0,0,0,0,0,0,3,0,0,17382,16000,48000,3.0,52dafd2eae510451fd08ef623f1dc40b1989fe765b1c885d92a7f86810810810,52dafd2eae510451fd08ef623f1dc40b1989fe765b1c885d92a7f86810810810,1568
0,0,0,0,0,0,0,0,0,3,0,0,17397,16000,48000,3.0,0f3854828573ef41894cdf988e4ec88ca3373ff9d92492d150375eb7414221e2,0f3854828573ef41894cdf988e4ec88ca3373ff9d92492d150375eb7414221e2,1569
0,2,2,0,0,1,0,0,0,0,0,0,17408,16000,48000,3.0,40fcd16cdc3a95a6ba0d32ca8f72d871581bcbe819b43283b7268b4bf4aa1d76,40fcd16cdc3a95a6ba0d32ca8f72d871581bcbe819b43283b7268b4bf4aa1d76,1570
0,2,1,0,0,0,1,0,0,0,0,0,17420,16000,48000,3.0,a55b18310b24e46b78cd45edfbb540f035ab4a43a2c717479554948fd7becffb,a55b18310b24e46b78cd45edfbb540f035ab4a43a2c717479554948fd7becffb,1571
0,0,1,0,2,0,0,0,0,2,1,0,17431,16000,48000,3.0,808ddda3fb30a9ef49029f29e0881220bbbce31d9c68b5569beccec5c7bb5fe9,808ddda3fb30a9ef49029f29e0881220bbbce31d9c68b5569beccec5c7bb5fe9,1572
0,3,2,0,1,0,0,0,1,0,0,0,17432,16000,48000,3.0,8b83465e1c988ef4be102c285833aaae64af3b333522e6c6cb2360e0e2e5acec,8b83465e1c988ef4be102c285833aaae64af3b333522e6c6cb2360e0e2e5acec,1573
0,2,0,0,3,0,0,0,1,1,1,0,17445,16000,48000,3.0,9f5bffe517aed1711ea2c4a7fa37a5075395a908516bc65a761fbd701f7e92df,9f5bffe517aed1711ea2c4a7fa37a5075395a908516bc65a761fbd701f7e92df,1574
1,0,0,0,3,0,0,0,0,2,1,0,17474,16000,48000,3.0,60947cb2f162f70ec3b6cf0e5eae0155465284135abab122a12e31679fee5ed9,60947cb2f162f70ec3b6cf0e5eae0155465284135abab122a12e31679fee5ed9,1575
0,0,0,0,0,0,0,0,0,3,0,0,17478,16000,48000,3.0,d1e8f8e3609878a8eed2c1c4033c85b028cd4ef9da4abc66c9745a0bf6157294,d1e8f8e3609878a8eed2c1c4033c85b028cd4ef9da4abc66c9745a0bf6157294,1576
1,0,0,3,0,0,0,0,0,0,0,0,17492,16000,48000,3.0,75c692f1f8e566fa16c40cc79bdaaa6efa8c58118dcbaad27b801edde847c664,75c692f1f8e566fa16c40cc79bdaaa6efa8c58118dcbaad27b801edde847c664,1577
1,2,0,0,1,0,0,0,0,0,0,0,17496,16000,48000,3.0,b41a9413f57ca19ca98b638fb8cb252f4dcc1bb8dd9b0b4bd168df8891802d6f,b41a9413f57ca19ca98b638fb8cb252f4dcc1bb8dd9b0b4bd168df8891802d6f,1578
0,1,0,0,0,0,0,0,0,2,1,0,17510,16000,48000,3.0,2d7192f2f4149b94e06a30d395d12d4a0df2d274ab1b9df0119f3126e72e68ef,2d7192f2f4149b94e06a30d395d12d4a0df2d274ab1b9df0119f3126e72e68ef,1579
0,2,2,0,0,0,0,0,0,0,0,0,17515,16000,48000,3.0,12038ad7d26fea82c4e950158f135ebab34a9f2ea72cd7623845a85992183079,12038ad7d26fea82c4e950158f135ebab34a9f2ea72cd7623845a85992183079,1580
0,2,1,0,0,0,0,0,0,1,0,0,17531,16000,48000,3.0,3fe2a13c2586b66fcb6f29c852755a3fe9a7349914de55d851d8eab83ff24d9c,3fe2a13c2586b66fcb6f29c852755a3fe9a7349914de55d851d8eab83ff24d9c,1581
0,0,0,0,0,0,1,0,0,3,1,0,17541,16000,48000,3.0,fa8b4d1b97d59f321aec763ef545636ea3ca1cb72b810db8e9c4c778dd579e98,fa8b4d1b97d59f321aec763ef545636ea3ca1cb72b810db8e9c4c778dd579e98,1582
0,0,0,0,0,0,0,0,0,3,1,0,17543,16000,48000,3.0,1ca10b73f0d876741eddb56c23e8dcc5c107d3c5af26fee7c7e7afb60e4d19c8,1ca10b73f0d876741eddb56c23e8dcc5c107d3c5af26fee7c7e7afb60e4d19c8,1583
1,0,0,0,0,0,0,0,0,2,0,0,17560,16000,48000,3.0,bd464ec4686ea45f8e0006431ba91dff7f4c44f892a9a08a3ef3814a3732973b,bd464ec4686ea45f8e0006431ba91dff7f4c44f892a9a08a3ef3814a3732973b,1584
0,2,2,1,2,0,0,0,2,0,1,0,17582,16000,48000,3.0,fc420c21a67603ae307b6d6b86de45984849bfbe172699df76fd9e2bdf18cb10,fc420c21a67603ae307b6d6b86de45984849bfbe172699df76fd9e2bdf18cb10,1585
2,0,0,0,0,0,0,0,0,1,0,0,17592,16000,48000,3.0,1f0355aa5d2e3516853c58cacc96cfcbfb3105603cb2f31d6c26d116c6595193,1f0355aa5d2e3516853c58cacc96cfcbfb3105603cb2f31d6c26d116c6595193,1586
0,3,2,0,0,1,0,0,1,0,0,0,17598,16000,48000,3.0,59e383e2eb92eb32c39fb22b8ccdc1382f1ca44c80838a503ab43d1858b27ff6,59e383e2eb92eb32c39fb22b8ccdc1382f1ca44c80838a503ab43d1858b27ff6,1587
0,2,0,0,0,0,0,0,0,1,0,0,17608,16000,48000,3.0,56ab884bba5b05389bd010ddca7b4f0924f6bb78c46a737f21ff0b5fff82f597,56ab884bba5b05389bd010ddca7b4f0924f6bb78c46a737f21ff0b5fff82f597,1588
0,1,0,0,0,1,0,1,2,2,0,0,17619,16000,48000,3.0,4a224decac395a1a3edf7bf2ea4a1126f70359a231a89babf190c1984f828113,4a224decac395a1a3edf7bf2ea4a1126f70359a231a89babf190c1984f828113,1589
0,1,1,0,0,0,0,2,1,2,0,0,17685,16000,48000,3.0,dc6bfebd4a1b7d2ffabe676df0fc99a542865f42638f531bd040a7cbab96bee9,dc6bfebd4a1b7d2ffabe676df0fc99a542865f42638f531bd040a7cbab96bee9,1590
1,0,1,0,0,1,0,1,0,0,0,0,17689,16000,48000,3.0,5b89f25e1921dc88e82daceabf3b302d10cdfcfd8e68bc8447884e79975de9e6,5b89f25e1921dc88e82daceabf3b302d10cdfcfd8e68bc8447884e79975de9e6,1591
0,1,0,0,0,0,0,0,0,2,0,0,17690,16000,48000,3.0,ba39816fba4ec24330a3dba730b19e737b7df801e8d7fa1f95f3a51ce265eda9,ba39816fba4ec24330a3dba730b19e737b7df801e8d7fa1f95f3a51ce265eda9,1592
0,1,0,0,0,0,0,0,0,2,0,0,17698,16000,48000,3.0,181899e733c1464cdccc06f349ed36c0f2741d5a09c00611c0d2268cad45ceda,181899e733c1464cdccc06f349ed36c0f2741d5a09c00611c0d2268cad45ceda,1593
2,3,0,0,0,0,0,0,0,0,0,0,17708,16000,48000,3.0,ec8af93ed2c827f2922f360c54ebe488507b1c117cff4ecb9942772b9c335e53,ec8af93ed2c827f2922f360c54ebe488507b1c117cff4ecb9942772b9c335e53,1594
2,0,0,0,2,0,1,0,0,1,0,0,17723,16000,48000,3.0,1838395ad965f06710045e9b56a065b03311aa21e9e81c43c1fc1b1103ef6ff2,1838395ad965f06710045e9b56a065b03311aa21e9e81c43c1fc1b1103ef6ff2,1595
0,2,0,0,1,0,0,0,1,1,0,0,17728,16000,48000,3.0,a9512fc1d9a1827e5835ee8e0a907816d12e3ea0f68de18ba7ee81f8e91700c0,a9512fc1d9a1827e5835ee8e0a907816d12e3ea0f68de18ba7ee81f8e91700c0,1596
2,1,0,0,1,0,0,0,0,0,1,0,17733,16000,48000,3.0,ca6aef8a6d47748bd5999f6ca3deba1265b7ef0bd6f9698c1bbfabd5d04bac62,ca6aef8a6d47748bd5999f6ca3deba1265b7ef0bd6f9698c1bbfabd5d04bac62,1597
0,2,0,0,0,0,0,1,0,1,0,0,17747,16000,48000,3.0,f898d529ee77a257f6b8490e898a17e40c2ef35705d09c10dd68e4f1266e67f7,f898d529ee77a257f6b8490e898a17e40c2ef35705d09c10dd68e4f1266e67f7,1598
0,1,0,0,0,0,0,0,0,2,1,0,17752,16000,48000,3.0,c186994fcfa08c9aa98d638100a8caf6b675b17673df19c0dc834914d5d6a8f6,c186994fcfa08c9aa98d638100a8caf6b675b17673df19c0dc834914d5d6a8f6,1599
0,0,0,0,3,0,0,0,0,3,1,0,17754,16000,48000,3.0,c8d960280485075e4451b4814fc5acd2d2944e8855d3e0b0390781aaf36aede2,c8d960280485075e4451b4814fc5acd2d2944e8855d3e0b0390781aaf36aede2,1600
1,2,1,0,0,0,0,0,0,0,1,0,17756,16000,48000,3.0,a7c99020e16c622c02b7bacd9b13f5a25954f79c6cd3cec0f0d6fac063ec080d,a7c99020e16c622c02b7bacd9b13f5a25954f79c6cd3cec0f0d6fac063ec080d,1601
0,0,0,0,1,0,0,0,0,3,0,0,17763,16000,48000,3.0,e613da6e3df9518054b4277b9f5f6da21c0ef4cc12b0866d583e53547be6bc12,e613da6e3df9518054b4277b9f5f6da21c0ef4cc12b0866d583e53547be6bc12,1602
0,0,0,0,0,0,0,0,0,3,0,0,17764,16000,48000,3.0,d6878da2497c0534816475da70151c5a7b4a3699a7b6459b7c0af077dae8f499,d6878da2497c0534816475da70151c5a7b4a3699a7b6459b7c0af077dae8f499,1603
0,1,2,0,0,0,0,0,2,0,0,0,17768,16000,48000,3.0,2a527c672a8c0013ce7610b47d21133829843e9e0b03c6ef62788c66ea221f17,2a527c672a8c0013ce7610b47d21133829843e9e0b03c6ef62788c66ea221f17,1604
1,2,0,3,0,0,0,0,0,0,0,0,17780,16000,48000,3.0,cec866abaa9bc992479839b79f9700c39e0f22d8b0be37bf156a5bfd9c0338cc,cec866abaa9bc992479839b79f9700c39e0f22d8b0be37bf156a5bfd9c0338cc,1605
1,0,0,0,1,0,0,0,0,2,1,0,17785,16000,48000,3.0,5fd936d860844808312564cb6fd851a470f83a89bb7f04d7d5eb9d97868287f3,5fd936d860844808312564cb6fd851a470f83a89bb7f04d7d5eb9d97868287f3,1606
1,1,1,2,0,0,0,0,2,0,0,0,17795,16000,48000,3.0,a651b3a1680ed0899395ca896d14893d9891b63a482cee4e224ed8eaa1802a96,a651b3a1680ed0899395ca896d14893d9891b63a482cee4e224ed8eaa1802a96,1607
0,0,0,0,0,0,0,0,0,3,1,0,17816,16000,48000,3.0,12024bba9314fdbfed49615b02934fdcdff7a0a1bc0fe27f03828717e2df8976,12024bba9314fdbfed49615b02934fdcdff7a0a1bc0fe27f03828717e2df8976,1608
0,0,2,1,0,0,0,0,1,0,0,0,17835,16000,48000,3.0,1d2858efdb8749e5305db20f651e9eb90e43e05e99681c394ba3826de839e617,1d2858efdb8749e5305db20f651e9eb90e43e05e99681c394ba3826de839e617,1609
0,0,2,0,0,0,0,1,0,1,0,0,17848,16000,48000,3.0,ae2bba5944ca85627636fa83eec254195e3001d4530ad36373104d754033b266,ae2bba5944ca85627636fa83eec254195e3001d4530ad36373104d754033b266,1610
2,0,1,0,0,0,0,0,0,0,0,0,17850,16000,48000,3.0,d1e45668db77316cc26ae8ff0b2a79e4b13f62df145891d4a658ab0ca3f31f5c,d1e45668db77316cc26ae8ff0b2a79e4b13f62df145891d4a658ab0ca3f31f5c,1611
0,1,0,0,0,0,0,0,0,2,1,0,17857,16000,48000,3.0,621229f4d9201b4ceb99865e589d4d5cee57b0948a456924da090ee434507e6c,621229f4d9201b4ceb99865e589d4d5cee57b0948a456924da090ee434507e6c,1612
0,2,0,0,0,0,0,0,1,1,0,0,17862,16000,48000,3.0,8e56ab56238d193816d8623aa418074bbced53b1f4b1fd0a2727353d41ee0a03,8e56ab56238d193816d8623aa418074bbced53b1f4b1fd0a2727353d41ee0a03,1613
0,2,2,2,2,0,0,0,0,0,0,0,17865,16000,48000,3.0,6e1bf2377022002a6851b9b8458ae25af84b2a8527e4dac88e2d285cf0a04b18,6e1bf2377022002a6851b9b8458ae25af84b2a8527e4dac88e2d285cf0a04b18,1614
1,2,1,0,0,0,0,0,1,0,0,0,17870,16000,48000,3.0,85437a203ec5d1ef111e22791e2d2f88fc712939f15ba0ff2434d0b90be2795e,85437a203ec5d1ef111e22791e2d2f88fc712939f15ba0ff2434d0b90be2795e,1615
1,2,0,0,3,0,0,0,0,1,1,0,17876,16000,48000,3.0,039607512a096fd028e51414fd396606d199a710af09c2b54a12c34d2006869d,039607512a096fd028e51414fd396606d199a710af09c2b54a12c34d2006869d,1616
0,0,0,3,0,0,0,0,1,0,0,0,17878,16000,48000,3.0,44ca56435c875414a8c2e3c475bb3d81028bc6653403a3f17e631ec5b759ed36,44ca56435c875414a8c2e3c475bb3d81028bc6653403a3f17e631ec5b759ed36,1617
0,0,3,0,1,0,0,0,0,0,0,0,17884,16000,48000,3.0,7a4f8b23d35c17eb2e41a331b7e699d824503d38b66653cbbb9c9d6d3a6a36ff,7a4f8b23d35c17eb2e41a331b7e699d824503d38b66653cbbb9c9d6d3a6a36ff,1618
0,3,1,0,0,0,0,0,1,0,0,0,17894,16000,48000,3.0,b0817ff3c86b3a237b143b950d220692299aa2aa8a265e788cfa502208e47c68,b0817ff3c86b3a237b143b950d220692299aa2aa8a265e788cfa502208e47c68,1619
0,1,0,0,0,0,0,0,0,2,1,0,17906,16000,48000,3.0,e1626761da8c2a9ddf1d7727692721f6b0d308d73909f1c4c110ca33ec6d06c1,e1626761da8c2a9ddf1d7727692721f6b0d308d73909f1c4c110ca33ec6d06c1,1620
0,0,0,0,3,0,0,0,0,3,0,0,17907,16000,48000,3.0,5013556f1a2afd46157f5aa35cbb977bfdcab243d8e24251dcf4366b7bcc833c,5013556f1a2afd46157f5aa35cbb977bfdcab243d8e24251dcf4366b7bcc833c,1621
0,0,0,0,1,0,0,0,0,3,1,0,17937,16000,48000,3.0,4915993332ece7ee078527c84117678531982906998d81f4a3ec08e02c3251da,4915993332ece7ee078527c84117678531982906998d81f4a3ec08e02c3251da,1622
0,0,0,0,0,0,0,0,0,3,1,0,17939,16000,48000,3.0,576561ca2cb011fad48293e2d6676aaa262a8eeba26c155337b4cf625e0b23fe,576561ca2cb011fad48293e2d6676aaa262a8eeba26c155337b4cf625e0b23fe,1623
1,0,0,0,3,0,0,0,0,2,0,0,17947,16000,48000,3.0,c0cab5916cce660965dd2fc0f768a08e38deb14a6992e3473bfb157f957e51ef,c0cab5916cce660965dd2fc0f768a08e38deb14a6992e3473bfb157f957e51ef,1624
1,0,1,1,2,0,0,0,1,1,0,0,17985,16000,48000,3.0,b7ba9d52f3fa6e586873c264258026511d345c7bbd9a92f2be7b165cbb6758ea,b7ba9d52f3fa6e586873c264258026511d345c7bbd9a92f2be7b165cbb6758ea,1625
2,0,0,0,0,0,0,0,0,1,2,0,18002,16000,48000,3.0,81cd449a1f58b050767ef5844ed9c412206faf954ce8a7527306cfcecc548f76,81cd449a1f58b050767ef5844ed9c412206faf954ce8a7527306cfcecc548f76,1626
2,0,0,0,0,0,0,0,0,1,1,0,18007,16000,48000,3.0,d24f62a0c08a4422753fabd049c607adcf3fb1813e994f5efcd0c55bc99c2ffe,d24f62a0c08a4422753fabd049c607adcf3fb1813e994f5efcd0c55bc99c2ffe,1627
0,0,0,0,0,0,0,0,0,3,1,0,18010,16000,48000,3.0,5e6b078a6c30e040a8568fa5d3cafce708a51f400259a2add44a203a6b5a634c,5e6b078a6c30e040a8568fa5d3cafce708a51f400259a2add44a203a6b5a634c,1628
0,0,0,0,1,0,1,0,0,3,1,0,18024,16000,48000,3.0,ff881e1d6c1c7e3f980a800646a1728a94cb67bf617b4f11f6d6a12e9051cee9,ff881e1d6c1c7e3f980a800646a1728a94cb67bf617b4f11f6d6a12e9051cee9,1629
1,0,0,1,3,0,0,0,0,1,1,0,18026,16000,48000,3.0,2fcdc58cf2b1b62852234555bc124d17792b9df5968c1d41f0a5bdfd0192ff99,2fcdc58cf2b1b62852234555bc124d17792b9df5968c1d41f0a5bdfd0192ff99,1630
0,0,0,0,0,0,0,0,0,3,1,0,18029,16000,48000,3.0,40c56f1ba122937534ef8eae624ac42953bfc124442b66475f688dac66ff985b,40c56f1ba122937534ef8eae624ac42953bfc124442b66475f688dac66ff985b,1631
0,0,0,1,0,1,0,0,1,1,0,0,18046,16000,48000,3.0,1ad452f911eef324d829d00a7ed4a7178dbad586f0c9bcb9215dd90507576911,1ad452f911eef324d829d00a7ed4a7178dbad586f0c9bcb9215dd90507576911,1632
0,0,0,3,0,0,0,0,0,0,0,0,18060,16000,48000,3.0,a93cd77efbcab19c489687255adafaf68746b0dbbc846888b9e1d5b7b51adfa7,a93cd77efbcab19c489687255adafaf68746b0dbbc846888b9e1d5b7b51adfa7,1633
0,0,0,0,2,0,0,0,0,3,0,0,18069,16000,48000,3.0,3ec0d29e7d99ccd89b4bbb2420b461f95ae4433c2e7f1966ed9d41c76c2e0848,3ec0d29e7d99ccd89b4bbb2420b461f95ae4433c2e7f1966ed9d41c76c2e0848,1634
1,1,0,0,0,0,0,0,0,1,0,0,18074,16000,48000,3.0,c65de7f141a5ad239bf9a06ca6370624b58e70536a5366f0fbd6b9d0631b378a,c65de7f141a5ad239bf9a06ca6370624b58e70536a5366f0fbd6b9d0631b378a,1635
0,0,0,3,0,0,0,0,0,0,0,0,18077,16000,48000,3.0,ce111c5b666f4cb82bf4cdf3727708421f159797aa13056c8add519519c10c47,ce111c5b666f4cb82bf4cdf3727708421f159797aa13056c8add519519c10c47,1636
1,0,0,0,1,0,0,0,2,2,0,0,18110,16000,48000,3.0,1db934d1a0a2da2fc1e340fea8848b7db77b23eea15312a56b8ed59493e213b1,1db934d1a0a2da2fc1e340fea8848b7db77b23eea15312a56b8ed59493e213b1,1637
0,0,0,0,0,0,0,0,0,3,0,0,18112,16000,48000,3.0,9952ee1ad6c493c755da3ac5c630c937281ebf25c9969675fa4a149f0952cbb5,9952ee1ad6c493c755da3ac5c630c937281ebf25c9969675fa4a149f0952cbb5,1638
0,0,2,0,1,0,0,0,1,1,1,0,18120,16000,48000,3.0,d4b7633a0a2993aa6d861313afebfb3be52cc0674fdfb3c5438931c0709c6224,d4b7633a0a2993aa6d861313afebfb3be52cc0674fdfb3c5438931c0709c6224,1639
1,0,0,0,0,0,0,0,0,2,0,0,18150,16000,48000,3.0,fdc2c33770e34ac0519936985127601a44d75393ea9819ea2d6f96046a45c2d1,fdc2c33770e34ac0519936985127601a44d75393ea9819ea2d6f96046a45c2d1,1640
1,0,0,0,1,0,0,0,0,2,0,0,18153,16000,48000,3.0,cc41ee8bf629656be61439b306f9eb1750a951236dd8032a806c2494cd258c1a,cc41ee8bf629656be61439b306f9eb1750a951236dd8032a806c2494cd258c1a,1641
2,0,0,0,0,0,0,0,0,1,0,0,18165,16000,48000,3.0,dbad3ad7fe94b8acbd7a35c122381be4a990c3e1aca60a6ba2368aa6fe5dc409,dbad3ad7fe94b8acbd7a35c122381be4a990c3e1aca60a6ba2368aa6fe5dc409,1642
0,0,0,0,3,0,0,0,0,3,2,0,18179,16000,48000,3.0,f702b3616f424c68d1be7c81e5c635e79b59919d5ace05d573c92fa91f47503d,f702b3616f424c68d1be7c81e5c635e79b59919d5ace05d573c92fa91f47503d,1643
0,0,0,0,3,0,0,0,0,3,1,0,18183,16000,48000,3.0,7d49bef68a33c49f58b8e408bf9c45a6bcc72c526ab3603e15a1cfe744311203,7d49bef68a33c49f58b8e408bf9c45a6bcc72c526ab3603e15a1cfe744311203,1644
0,0,0,0,3,0,0,0,0,3,3,0,18184,16000,48000,3.0,e7f1cdaad539a45a84ae2ff29cd3d27a93a67936bd78f14a1d281883ed0534c7,e7f1cdaad539a45a84ae2ff29cd3d27a93a67936bd78f14a1d281883ed0534c7,1645
1,1,0,0,0,0,0,0,0,1,0,0,18190,16000,48000,3.0,3a950e113febefb9420bd5235883085ca54d54a02b2c28b2194e6210f57be59d,3a950e113febefb9420bd5235883085ca54d54a02b2c28b2194e6210f57be59d,1646
1,1,0,0,0,0,0,1,0,1,0,0,18193,16000,48000,3.0,d74bc83102671ef0a59d499fdb5f1dbcab4c41ed439d363086e0b6c658022f45,d74bc83102671ef0a59d499fdb5f1dbcab4c41ed439d363086e0b6c658022f45,1647
0,0,0,0,0,0,0,0,0,3,0,0,18206,16000,48000,3.0,cc2e99729d703eaa80a721d0087d9fcd3322d580ed416d9335cefe1c1eb528df,cc2e99729d703eaa80a721d0087d9fcd3322d580ed416d9335cefe1c1eb528df,1648
0,1,0,0,3,0,0,0,0,2,2,0,18211,16000,48000,3.0,8587e53906cd2830facdff5831f7b69adc85c67ae80748bb1786147966c54198,8587e53906cd2830facdff5831f7b69adc85c67ae80748bb1786147966c54198,1649
1,0,0,0,0,0,0,0,0,2,1,0,18250,16000,48000,3.0,8707820eb8a7dbd3b918b773ba388b6caacfcdb18f44da8284e4fc375e5732dd,8707820eb8a7dbd3b918b773ba388b6caacfcdb18f44da8284e4fc375e5732dd,1650
0,0,0,0,1,0,0,0,0,3,0,0,18264,16000,48000,3.0,b304515d80cf7733aea287af48a10e21b78c9e0d690d064f39790d00c8cdeb81,b304515d80cf7733aea287af48a10e21b78c9e0d690d064f39790d00c8cdeb81,1651
0,2,0,0,0,0,0,0,0,1,0,0,18270,16000,48000,3.0,e56704f4e993a739e3493ae9542f9afd8c44e149093e163b113c1d377520cbc8,e56704f4e993a739e3493ae9542f9afd8c44e149093e163b113c1d377520cbc8,1652
2,0,0,0,0,0,0,0,0,2,1,0,18275,16000,48000,3.0,e2cf0ab4cd48918910a036c5da47093f19cb3c09750bc69a60b033562930f1f1,e2cf0ab4cd48918910a036c5da47093f19cb3c09750bc69a60b033562930f1f1,1653
1,0,0,0,2,0,0,0,0,2,1,0,18299,16000,48000,3.0,bcc7808f862ae5c3ba0ad88f9eac6654439be88efd2545d270921c41b667d9ee,bcc7808f862ae5c3ba0ad88f9eac6654439be88efd2545d270921c41b667d9ee,1654
1,0,0,0,0,0,0,0,0,2,0,0,18349,16000,48000,3.0,c80a48c084372a213bd245837bb63ba50065694b181ed0583220e07595ddb79e,c80a48c084372a213bd245837bb63ba50065694b181ed0583220e07595ddb79e,1655
0,1,0,0,0,0,0,0,0,2,0,0,18384,16000,48000,3.0,ef155443fba2e43bee353a97f5619fd233d1cc95cb41eab528ec33d1de809e02,ef155443fba2e43bee353a97f5619fd233d1cc95cb41eab528ec33d1de809e02,1656
2,1,0,0,0,0,0,0,0,0,0,0,18401,16000,48000,3.0,7db716b4004d6c5905d86be2de3b728dfd02193c66023cece72baf819bd4c537,7db716b4004d6c5905d86be2de3b728dfd02193c66023cece72baf819bd4c537,1657
1,0,0,0,0,0,0,0,0,2,0,0,18430,16000,48000,3.0,74dab15714d9abd79bbc81b300283c5db309f20a17a08788c7d4539bf82a96a9,74dab15714d9abd79bbc81b300283c5db309f20a17a08788c7d4539bf82a96a9,1658
1,0,0,0,1,0,0,0,0,2,0,0,18431,16000,48000,3.0,d87db7bcd8ba6e62290adb5a6acef3b9a5246b5f291f2dad7481e8c612b37773,d87db7bcd8ba6e62290adb5a6acef3b9a5246b5f291f2dad7481e8c612b37773,1659
1,1,0,0,0,0,0,0,0,1,0,0,18446,16000,48000,3.0,122e838c50f6af213b052c5411117c02f26a074fee6d1da4d6e72e745a3bddb5,122e838c50f6af213b052c5411117c02f26a074fee6d1da4d6e72e745a3bddb5,1660
1,1,0,0,3,0,0,0,0,2,0,0,18481,16000,48000,3.0,a0375397aa3883df621948137da1bfa27bb9656b02f10622f3590db720035a2a,a0375397aa3883df621948137da1bfa27bb9656b02f10622f3590db720035a2a,1661
0,2,0,0,0,0,0,0,0,1,0,0,18482,16000,48000,3.0,b72c5a557142d02516e62556a920eda62345773529811423fc54f61103676240,b72c5a557142d02516e62556a920eda62345773529811423fc54f61103676240,1662
1,0,0,0,1,0,0,0,0,2,1,0,18488,16000,48000,3.0,b7b0111027b7eea4ac44d2f5badd3f5996f859a08ca3c1b8c5d50902b4ad0b4e,b7b0111027b7eea4ac44d2f5badd3f5996f859a08ca3c1b8c5d50902b4ad0b4e,1663
1,1,0,1,1,0,0,0,0,0,0,0,18495,16000,48000,3.0,e67a897bf6085eb82662ddaccead76abb1aeb94647d04c11009b2546bc492a14,e67a897bf6085eb82662ddaccead76abb1aeb94647d04c11009b2546bc492a14,1664
0,1,1,2,1,0,0,0,1,0,0,0,18499,16000,48000,3.0,ca11033d7afbe8ab4ef4e13a36e40ede73656261b1347dc34f659fdcd10bf45f,ca11033d7afbe8ab4ef4e13a36e40ede73656261b1347dc34f659fdcd10bf45f,1665
1,0,0,0,0,0,1,0,0,3,0,0,18508,16000,48000,3.0,41a961f02899a571c2833f53977edf164fbd87d5f2c70f3485823c34c6aa9cea,41a961f02899a571c2833f53977edf164fbd87d5f2c70f3485823c34c6aa9cea,1666
0,1,0,1,2,1,1,0,0,2,0,0,18518,16000,48000,3.0,b77584041ce81aba651ad57fa68d417e465f361122286bb667a55dae42da8758,b77584041ce81aba651ad57fa68d417e465f361122286bb667a55dae42da8758,1667
0,0,0,0,3,0,2,0,0,3,1,0,18522,16000,48000,3.0,213a48dc734506c650d82166b89960fb76c6433921c99215dd804241874912b8,213a48dc734506c650d82166b89960fb76c6433921c99215dd804241874912b8,1668
0,0,0,0,0,0,0,0,0,3,0,0,18523,16000,48000,3.0,d37500a3b12ac2f36ab521e84c90f845aadde7af16e05df8909292f159f50252,d37500a3b12ac2f36ab521e84c90f845aadde7af16e05df8909292f159f50252,1669
0,0,0,0,0,0,0,0,0,3,0,0,18562,16000,48000,3.0,5d0edc810f923e12464e28d72e6c14e9499d8a3dba01288fe8a353736ebdc0d4,5d0edc810f923e12464e28d72e6c14e9499d8a3dba01288fe8a353736ebdc0d4,1670
0,0,0,0,2,0,0,0,1,3,0,0,18569,16000,48000,3.0,2be31c715b8534f9f8402be607f7ef931584c5c2bd37209d3aa02f1939dcb0aa,2be31c715b8534f9f8402be607f7ef931584c5c2bd37209d3aa02f1939dcb0aa,1671
0,2,0,0,0,0,0,0,0,1,0,0,18576,16000,48000,3.0,51b910f6024390e79768979fcfd4a4a08d7926a56b5ae0e8433ac996a255947b,51b910f6024390e79768979fcfd4a4a08d7926a56b5ae0e8433ac996a255947b,1672
0,0,0,3,0,0,0,0,0,0,0,0,18587,16000,48000,3.0,52fc54ff8d501b493cbe8164287ec66464c01a430b31dafd438b54db175f2d86,52fc54ff8d501b493cbe8164287ec66464c01a430b31dafd438b54db175f2d86,1673
0,0,0,0,3,0,0,0,0,3,0,0,18594,16000,48000,3.0,9230ade6e28f2d6509d544128f06a627148d7a6049f135d22b9aa861673dfc0d,9230ade6e28f2d6509d544128f06a627148d7a6049f135d22b9aa861673dfc0d,1674
0,0,3,1,0,0,0,0,0,0,0,0,18597,16000,48000,3.0,0b136eb373f98263d6ab8dd0fe5d159c63fcb2bcd879d0947ff27dcaa0e43da9,0b136eb373f98263d6ab8dd0fe5d159c63fcb2bcd879d0947ff27dcaa0e43da9,1675
1,0,1,0,0,0,0,0,0,1,0,0,18618,16000,48000,3.0,9eb6cd563bc3880f6e19496523e3b353a6ad86fe490de522685d16fbc1bfeb27,9eb6cd563bc3880f6e19496523e3b353a6ad86fe490de522685d16fbc1bfeb27,1676
0,1,0,0,0,0,0,0,0,2,2,0,18625,16000,48000,3.0,c9302158998fa219ebd7fb8308dc0a61ce8caa13fcb0f7d337f9b4acdd3bb1f3,c9302158998fa219ebd7fb8308dc0a61ce8caa13fcb0f7d337f9b4acdd3bb1f3,1677
0,0,0,0,3,0,0,0,1,3,1,0,18634,16000,48000,3.0,b2721e62b7c4f959b475fa5dcecde4f20b9653865b6246d8459c4937e892a662,b2721e62b7c4f959b475fa5dcecde4f20b9653865b6246d8459c4937e892a662,1678
0,1,0,0,0,0,0,0,0,2,1,0,18641,16000,48000,3.0,cd9c04729b4651ccbaa47aa5fb5610ddd46aaa2a5335f0d828f6eee4635316d5,cd9c04729b4651ccbaa47aa5fb5610ddd46aaa2a5335f0d828f6eee4635316d5,1679
0,0,0,0,0,0,0,0,0,3,1,0,18642,16000,48000,3.0,d309a934ed21d983629f3d1e9eb4de1fa0df7d0ce07eed7f9154d8fd1e50718f,d309a934ed21d983629f3d1e9eb4de1fa0df7d0ce07eed7f9154d8fd1e50718f,1680
0,0,0,0,0,0,0,0,0,3,0,0,18645,16000,48000,3.0,749affca91dbfdd24f6f5e81d8eaf15e68727d4a8a2d53d37c31ef2e7b778cdf,749affca91dbfdd24f6f5e81d8eaf15e68727d4a8a2d53d37c31ef2e7b778cdf,1681
0,0,0,0,3,0,0,0,0,3,1,0,18654,16000,48000,3.0,941bddf1767302ec7a688e20510412fccf41e9dff846634ae4e44df89ea4b03f,941bddf1767302ec7a688e20510412fccf41e9dff846634ae4e44df89ea4b03f,1682
0,0,0,0,0,0,0,0,0,3,0,0,18665,16000,48000,3.0,9cc132ef64381a5366e6c392f67a76d3db56b1b1cee4564d58c12ad65693ac7a,9cc132ef64381a5366e6c392f67a76d3db56b1b1cee4564d58c12ad65693ac7a,1683
0,0,0,3,1,0,0,0,0,0,0,0,18676,16000,48000,3.0,c843fade6ae1b660c1c62b104669b97a1bad1603b5154b2dd0d9f82925cfc4a4,c843fade6ae1b660c1c62b104669b97a1bad1603b5154b2dd0d9f82925cfc4a4,1684
0,1,0,0,0,0,1,0,0,2,0,0,18698,16000,48000,3.0,28075ba5ee628a4a17956b67498f1db27ed380017213558a0e5bc32894d357ef,28075ba5ee628a4a17956b67498f1db27ed380017213558a0e5bc32894d357ef,1685
0,1,0,0,2,0,0,0,0,2,1,0,18718,16000,48000,3.0,3243b3c3e7e5df5f6a4b4cd9cbaa8475e66b2b7c90b3b46f7d53e7d74494c4b7,3243b3c3e7e5df5f6a4b4cd9cbaa8475e66b2b7c90b3b46f7d53e7d74494c4b7,1686
0,1,0,0,1,0,0,0,0,2,0,0,18780,16000,48000,3.0,55f9859c00b42677e5e1c62fe2b74c2930dcc9045753af9c765d86d617b5e2e0,55f9859c00b42677e5e1c62fe2b74c2930dcc9045753af9c765d86d617b5e2e0,1687
0,0,0,1,0,0,0,0,0,2,1,0,18786,16000,48000,3.0,412a4eb590241030f38e7067c43e79fdc1f7f09d146378eda8474c6d3edffcf1,412a4eb590241030f38e7067c43e79fdc1f7f09d146378eda8474c6d3edffcf1,1688
2,1,0,0,0,0,0,0,0,1,0,0,18789,16000,48000,3.0,7eae6b8f4a884abef5afd011f8339af18e0f585f613ad94258ecf3112c45d889,7eae6b8f4a884abef5afd011f8339af18e0f585f613ad94258ecf3112c45d889,1689
0,3,0,0,0,0,0,0,0,0,0,0,18790,16000,48000,3.0,10c12c3d2b62997d3f0bcc81ca64a1eda4ab431fee119f2ac4b9c82969bbd645,10c12c3d2b62997d3f0bcc81ca64a1eda4ab431fee119f2ac4b9c82969bbd645,1690
0,0,0,0,0,0,0,0,0,3,1,0,18829,16000,48000,3.0,0dda57871a16bb743f9b9f98d7a1b65b6814b6fa23c8c32aae31e14eefcc258f,0dda57871a16bb743f9b9f98d7a1b65b6814b6fa23c8c32aae31e14eefcc258f,1691
1,1,0,0,0,0,0,0,0,1,2,0,18838,16000,48000,3.0,75c7cff4b9b336693c8725a8e593ced13ade9e89cc7773f6711d11f933690d69,75c7cff4b9b336693c8725a8e593ced13ade9e89cc7773f6711d11f933690d69,1692
1,0,0,1,2,0,0,0,0,1,0,0,18839,16000,48000,3.0,08929f15c5ebeb0a3d9bdec84d0ed75830a5d885b3d25f6fd4e09e04085d22b6,08929f15c5ebeb0a3d9bdec84d0ed75830a5d885b3d25f6fd4e09e04085d22b6,1693
0,1,0,0,1,0,0,0,0,2,0,0,18842,16000,48000,3.0,e959d4c52be9d3c288730a2ae3b421f275398aa4ae85531398640dfba103304e,e959d4c52be9d3c288730a2ae3b421f275398aa4ae85531398640dfba103304e,1694
0,0,0,0,2,0,0,0,0,3,1,0,18861,16000,48000,3.0,d4cbcede445eb76275bda4ffb65eda5a492d2f1faadbd47851c7448e78addf14,d4cbcede445eb76275bda4ffb65eda5a492d2f1faadbd47851c7448e78addf14,1695
0,1,1,0,1,0,0,0,0,1,1,0,18863,16000,48000,3.0,42b2f285525f5b3d27b4d55e404b39606d1a85ab54d6b1b9748142cb5cf08cf3,42b2f285525f5b3d27b4d55e404b39606d1a85ab54d6b1b9748142cb5cf08cf3,1696
0,0,1,3,0,0,0,0,0,0,0,0,18884,16000,48000,3.0,80440bc1e43e0c081a268e60b07fa4302b80121294f480dd35f9d6c95718cc1d,80440bc1e43e0c081a268e60b07fa4302b80121294f480dd35f9d6c95718cc1d,1697
0,0,0,0,2,0,0,0,0,3,0,0,18891,16000,48000,3.0,b50a951d9254dfea8f29bd769d5faec7756abb62f5fc9453a34e6b24955b39fa,b50a951d9254dfea8f29bd769d5faec7756abb62f5fc9453a34e6b24955b39fa,1698
0,0,0,0,2,0,1,0,0,3,1,0,18911,16000,48000,3.0,959bd052a540c9ca42142202da6c2a3b7dd8e23f38cd1984a1d962cf0c66c91c,959bd052a540c9ca42142202da6c2a3b7dd8e23f38cd1984a1d962cf0c66c91c,1699
0,0,0,3,0,0,0,0,0,0,0,0,18920,16000,48000,3.0,4b8e6518c09c23a89e8ce26f528afaac812878d3794898871b228cff24d9e18f,4b8e6518c09c23a89e8ce26f528afaac812878d3794898871b228cff24d9e18f,1700
0,2,0,0,0,0,1,0,1,1,0,0,18932,16000,48000,3.0,905ca0bc4ac70ee694be2afd5f582498dabe306305637b4411e864f8ef733559,905ca0bc4ac70ee694be2afd5f582498dabe306305637b4411e864f8ef733559,1701
0,2,0,0,3,0,0,0,0,1,0,0,18934,16000,48000,3.0,e68240001323f04fa80b15914c3a145215cd43775c440fbd1b31c68bcc862ba2,e68240001323f04fa80b15914c3a145215cd43775c440fbd1b31c68bcc862ba2,1702
0,1,0,0,3,0,1,0,0,2,0,0,18947,16000,48000,3.0,317771d2ba9ffc37177480773c318202a7bcd8f0f3bf81f155d2d38a86489387,317771d2ba9ffc37177480773c318202a7bcd8f0f3bf81f155d2d38a86489387,1703
0,1,0,0,0,0,0,0,1,2,0,0,18956,16000,48000,3.0,4f40dab1ca641d3baf2939dd90c379dcbdf6c2624dc65593747a7b51a9bf55cc,4f40dab1ca641d3baf2939dd90c379dcbdf6c2624dc65593747a7b51a9bf55cc,1704
0,0,0,0,0,0,0,0,0,3,2,0,18960,16000,48000,3.0,652d95c8f80cb21eaf570dba3d24738ba7054539018f05702a4684fcd4393159,652d95c8f80cb21eaf570dba3d24738ba7054539018f05702a4684fcd4393159,1705
0,0,0,3,3,0,0,0,1,0,0,0,18961,16000,48000,3.0,9828dcd9a3315d4de2e8c7e913286786d7fd9ba4d5ec88e37d53d744910c3478,9828dcd9a3315d4de2e8c7e913286786d7fd9ba4d5ec88e37d53d744910c3478,1706
1,1,0,0,0,0,0,0,1,3,0,0,18975,16000,48000,3.0,7a0e7f391fbd549a5c5f3c6493669ece5b1cb928d2cc896431b5a663cb2c033b,7a0e7f391fbd549a5c5f3c6493669ece5b1cb928d2cc896431b5a663cb2c033b,1707
0,1,0,0,3,0,1,0,0,2,0,0,18986,16000,48000,3.0,8611edc0174e15ee28b47c71594b75e95fa8e6bb78df103902041ce2f5e88ecb,8611edc0174e15ee28b47c71594b75e95fa8e6bb78df103902041ce2f5e88ecb,1708
0,0,0,0,3,0,0,0,0,3,1,0,18992,16000,48000,3.0,48a381b0630b60b6fbe415425c646d10b3f60400893a300e42f442f8de3760ea,48a381b0630b60b6fbe415425c646d10b3f60400893a300e42f442f8de3760ea,1709
0,0,0,0,0,0,0,0,0,3,1,0,19001,16000,48000,3.0,df66c71eeeaab1b50c53e530f0a6e31e9818612b467c9561536f82d6726cf4e8,df66c71eeeaab1b50c53e530f0a6e31e9818612b467c9561536f82d6726cf4e8,1710
1,0,0,0,3,0,0,0,0,2,0,0,19030,16000,48000,3.0,1bb726e02ac7d13d308f98be6abfb31e6495871c99c173cfec9f19be3e2d0cf6,1bb726e02ac7d13d308f98be6abfb31e6495871c99c173cfec9f19be3e2d0cf6,1711
0,0,1,0,3,0,0,0,1,2,1,0,19038,16000,48000,3.0,492ffa90c8e9ba1bce461763d47d564a9634c9539f61b9ab3b1326753484e3d5,492ffa90c8e9ba1bce461763d47d564a9634c9539f61b9ab3b1326753484e3d5,1712
0,0,0,0,2,0,0,0,0,3,0,0,19052,16000,48000,3.0,35371496cb511154095d13d2b71471170474a164c11e0c15e3613b12091fb5bd,35371496cb511154095d13d2b71471170474a164c11e0c15e3613b12091fb5bd,1713
0,0,0,0,0,0,0,0,0,3,0,0,19063,16000,48000,3.0,abc31f9b227198814fcafde8ae3e9645c5de55417984195a6b93a2b97aa80b9d,abc31f9b227198814fcafde8ae3e9645c5de55417984195a6b93a2b97aa80b9d,1714
0,0,0,0,3,0,0,0,1,3,1,0,19068,16000,48000,3.0,758733163363be3fe7e1bed910fe7c7c1186bc5866206ea1aefbd96a06786dd1,758733163363be3fe7e1bed910fe7c7c1186bc5866206ea1aefbd96a06786dd1,1715
0,0,0,0,0,0,0,0,0,3,0,0,19080,16000,48000,3.0,11f543a74503d4ceb6fc8a6a3116da738762a38667aeac93b50d50d61c1346ee,11f543a74503d4ceb6fc8a6a3116da738762a38667aeac93b50d50d61c1346ee,1716
0,0,0,1,0,0,0,0,1,2,0,0,19083,16000,48000,3.0,ff3ccc9fd8ec54873c7ab0515a11a13a27ce10965caf73201d09a5ec70005fc3,ff3ccc9fd8ec54873c7ab0515a11a13a27ce10965caf73201d09a5ec70005fc3,1717
0,0,2,3,1,0,0,0,0,0,0,0,19153,16000,48000,3.0,00bf05e49df58cca3efb44c866ba44aa6e4af5b9fa91e409f5a12adcda04d3bb,00bf05e49df58cca3efb44c866ba44aa6e4af5b9fa91e409f5a12adcda04d3bb,1718
0,1,0,0,3,0,0,0,0,2,1,0,19167,16000,48000,3.0,ea55d162ad91f56169ab39a567bf709168c76dd4fdc459ab49d241b0fde7f111,ea55d162ad91f56169ab39a567bf709168c76dd4fdc459ab49d241b0fde7f111,1719
1,0,0,0,2,0,0,0,0,2,0,0,19180,16000,48000,3.0,3999455dd8ea04855c084156521e1ae6c47d669932a8c58853fbf816856e2a5e,3999455dd8ea04855c084156521e1ae6c47d669932a8c58853fbf816856e2a5e,1720
0,2,0,0,0,0,0,0,1,1,1,0,19183,16000,48000,3.0,03fb4b5479968e3ab72fbe8416f6710e7bed833d03d30286059ee6c96564e63b,03fb4b5479968e3ab72fbe8416f6710e7bed833d03d30286059ee6c96564e63b,1721
0,0,0,0,0,0,0,0,0,3,1,0,19189,16000,48000,3.0,accfa2843f57c83fe43b04c86d7c52bd6895d06362c3cfc162192b81e4b3d948,accfa2843f57c83fe43b04c86d7c52bd6895d06362c3cfc162192b81e4b3d948,1722
1,1,0,0,1,0,0,0,0,2,0,0,19198,16000,48000,3.0,3d9f27b5662263cb6848c07e085e1a2a05ddd8a8f0f09051b51482f02a519a26,3d9f27b5662263cb6848c07e085e1a2a05ddd8a8f0f09051b51482f02a519a26,1723
0,1,0,0,3,0,0,0,0,2,0,0,19203,16000,48000,3.0,5d24ee1af20fbea539b9fbb6827e7417af53d332366fd6884fbbae59b4cc7a67,5d24ee1af20fbea539b9fbb6827e7417af53d332366fd6884fbbae59b4cc7a67,1724
0,0,1,3,1,0,0,0,0,0,0,0,19214,16000,48000,3.0,0f613ecf4286fb27791f3b4a84eab75d7bed1e419360a613041d55f31bdc6337,0f613ecf4286fb27791f3b4a84eab75d7bed1e419360a613041d55f31bdc6337,1725
2,0,0,0,2,0,0,0,0,1,0,0,19227,16000,48000,3.0,96a7e17dc429ed07a339e7840e30104fbce024b4848bce0095999dc20392a0a7,96a7e17dc429ed07a339e7840e30104fbce024b4848bce0095999dc20392a0a7,1726
0,0,0,0,0,0,0,0,0,3,1,0,19240,16000,48000,3.0,fba89c8274e2afa9295629de20d302b36d2dbd169cd77c9af10f3ddcb83b55d9,fba89c8274e2afa9295629de20d302b36d2dbd169cd77c9af10f3ddcb83b55d9,1727
0,0,0,2,1,0,0,0,0,1,0,0,19251,16000,48000,3.0,1c1f297cdfb2d8c72b4d2bf7303da5ed59858fcc96d5f1203c3dfe48985f2606,1c1f297cdfb2d8c72b4d2bf7303da5ed59858fcc96d5f1203c3dfe48985f2606,1728
0,1,0,0,3,0,0,0,0,2,0,0,19265,16000,48000,3.0,2751801f40c92d2eab27427f169f1eeabeec679b6b020f3555d7064758d3c4ac,2751801f40c92d2eab27427f169f1eeabeec679b6b020f3555d7064758d3c4ac,1729
0,1,0,0,3,0,0,0,0,2,1,0,19270,16000,48000,3.0,b078c357acf78901f0537ad8acf0a46a8f845f518efebe5aedbac05968e3845c,b078c357acf78901f0537ad8acf0a46a8f845f518efebe5aedbac05968e3845c,1730
0,0,0,2,3,0,0,0,0,1,0,0,19276,16000,48000,3.0,103f917ef5a50d652fa3b440353a5bd1e9f6bc17b819bf0177a8129fa665743f,103f917ef5a50d652fa3b440353a5bd1e9f6bc17b819bf0177a8129fa665743f,1731
0,0,0,0,3,0,1,0,1,3,0,0,19279,16000,48000,3.0,031708924e8f49528fd7feceeb600fa59310de54fdb602614b1a98db044e0851,031708924e8f49528fd7feceeb600fa59310de54fdb602614b1a98db044e0851,1732
1,1,0,0,0,0,0,0,0,1,0,0,19285,16000,48000,3.0,1e694305a4c60f7c3b4fccc5bd367589d7dfc2303481319971ff75a0e6b4c978,1e694305a4c60f7c3b4fccc5bd367589d7dfc2303481319971ff75a0e6b4c978,1733
0,0,0,2,0,0,0,0,1,1,1,0,19298,16000,48000,3.0,64b771c18eeb6403304e2a36cf03bf7dd0b7c794e2bf7921a2ad5d44541c95d0,64b771c18eeb6403304e2a36cf03bf7dd0b7c794e2bf7921a2ad5d44541c95d0,1734
1,2,0,0,2,0,0,0,0,1,0,0,19316,16000,48000,3.0,4cf6b15053bfd9770dd75e6b40c426c3b71e75cbc1703326e80c0d9183ac105c,4cf6b15053bfd9770dd75e6b40c426c3b71e75cbc1703326e80c0d9183ac105c,1735
0,1,3,0,3,0,0,0,0,0,1,0,19329,16000,48000,3.0,86a3b2056aca7fe466325572a441fbf23687c59432bddf93d66bda9add1077e9,86a3b2056aca7fe466325572a441fbf23687c59432bddf93d66bda9add1077e9,1736
0,0,0,0,1,0,0,0,0,3,0,0,19340,16000,48000,3.0,5d689c80ab5f57d64b7c3ad08e55389f8b135008d060d810ccd041427a943c15,5d689c80ab5f57d64b7c3ad08e55389f8b135008d060d810ccd041427a943c15,1737
0,2,0,0,0,0,2,0,3,1,0,0,19341,16000,48000,3.0,de80247eaf8953d34df8a05489690f140334cdab2950415ef1b08ca276b22e91,de80247eaf8953d34df8a05489690f140334cdab2950415ef1b08ca276b22e91,1738
0,1,1,1,0,0,0,0,0,1,0,0,19352,16000,48000,3.0,c0ee1d69507f7aeda2833b89c7c1b6e64cbbda14a20ce524e0c183283b8cadcd,c0ee1d69507f7aeda2833b89c7c1b6e64cbbda14a20ce524e0c183283b8cadcd,1739
0,0,0,0,0,0,0,0,0,3,0,0,19378,16000,48000,3.0,e86b7564fb95c4c77c45b9b14dd47ef448bc41d5a89a082ef99de4d4233046bc,e86b7564fb95c4c77c45b9b14dd47ef448bc41d5a89a082ef99de4d4233046bc,1740
0,2,0,0,0,0,1,0,0,1,2,0,19387,16000,48000,3.0,e9915e069c7585607fed206784e37fcd094578e2e22a1c1982f20cc439df6356,e9915e069c7585607fed206784e37fcd094578e2e22a1c1982f20cc439df6356,1741
1,2,0,0,3,0,0,0,0,0,2,0,19415,16000,48000,3.0,ead43120bbf7e7320e488d9e1921a305e95f83f265e6e782f602c759362618d7,ead43120bbf7e7320e488d9e1921a305e95f83f265e6e782f602c759362618d7,1742
1,1,1,0,0,0,0,0,0,0,1,0,19417,16000,48000,3.0,7b62df8d3af52ac175074bffab3e6692e11039e5574eff29b00afb1a90126edf,7b62df8d3af52ac175074bffab3e6692e11039e5574eff29b00afb1a90126edf,1743
1,1,0,0,0,0,0,0,0,1,0,0,19426,16000,48000,3.0,7307d26c9e6449c11fd789ee358d78a27acfedeb33a2477fea420401a8086c24,7307d26c9e6449c11fd789ee358d78a27acfedeb33a2477fea420401a8086c24,1744
0,0,0,0,3,0,0,0,0,3,0,0,19429,16000,48000,3.0,f1907a9760768b2076407010c08d8e8cd28d1461a4b01af4eb154e3234ad2b40,f1907a9760768b2076407010c08d8e8cd28d1461a4b01af4eb154e3234ad2b40,1745
0,0,0,0,0,0,1,0,0,3,0,0,19431,16000,48000,3.0,762a4190daa4214a3d0bc4cedb8c4ba93056a82bab6b07c32f9e10cf6f766696,762a4190daa4214a3d0bc4cedb8c4ba93056a82bab6b07c32f9e10cf6f766696,1746
0,0,0,0,1,0,0,0,0,3,1,0,19435,16000,48000,3.0,c4f44372229769daf9f15da0cfdb2f61dfe0902991be9ebca94e896f22faa051,c4f44372229769daf9f15da0cfdb2f61dfe0902991be9ebca94e896f22faa051,1747
0,0,0,0,0,0,0,0,0,3,0,0,19436,16000,48000,3.0,272a033b123b2f295384ca0902ebdb0ca669c6405fda3948fedefbb7972cb441,272a033b123b2f295384ca0902ebdb0ca669c6405fda3948fedefbb7972cb441,1748
2,0,0,0,0,0,0,0,0,1,0,0,19462,16000,48000,3.0,3c1e8743da72230b2a6cce890cca1ca99c533be70f20f60efc571f8997414118,3c1e8743da72230b2a6cce890cca1ca99c533be70f20f60efc571f8997414118,1749
0,0,0,0,2,0,0,0,0,3,0,0,19470,16000,48000,3.0,0b3b824897a7af8c57bd487bf3321b1e8319105e5648f12b0e329c7729e2259c,0b3b824897a7af8c57bd487bf3321b1e8319105e5648f12b0e329c7729e2259c,1750
2,0,0,0,3,0,0,0,0,1,0,0,19476,16000,48000,3.0,90ee32c59e8b1d2dd78162a3c93745b922befd1bc710bc4895e8f4cce9afa174,90ee32c59e8b1d2dd78162a3c93745b922befd1bc710bc4895e8f4cce9afa174,1751
0,0,0,0,3,0,0,0,0,3,1,0,19481,16000,48000,3.0,2ea22ef1fde1785dc10a91ba0fd8514b3d5b424405c330c6d64c34bb8a112818,2ea22ef1fde1785dc10a91ba0fd8514b3d5b424405c330c6d64c34bb8a112818,1752
0,0,0,0,3,0,0,0,0,3,2,0,19496,16000,48000,3.0,80c7b37603a70f3858a8beb06bd1ffcbeca7576ecab7cd545e0e49109c724129,80c7b37603a70f3858a8beb06bd1ffcbeca7576ecab7cd545e0e49109c724129,1753
2,1,1,0,0,0,0,1,0,1,0,0,19523,16000,48000,3.0,28ec66cb12d7694d2c73dced049de03ae67ad1efcc74d68eff3ca9c23ab1b88e,28ec66cb12d7694d2c73dced049de03ae67ad1efcc74d68eff3ca9c23ab1b88e,1754
0,1,0,1,1,0,0,0,1,1,1,0,19536,16000,48000,3.0,26d355b6e9d0e548be7cb91549a8d2b2de02f33ecce3b0a116342988958645d7,26d355b6e9d0e548be7cb91549a8d2b2de02f33ecce3b0a116342988958645d7,1755
0,1,1,0,0,0,0,0,1,1,0,0,19539,16000,48000,3.0,71cea6850c2813188e12d1c48e7b4aa8d9edcc5b40147e1b80d0c8c17c75aae1,71cea6850c2813188e12d1c48e7b4aa8d9edcc5b40147e1b80d0c8c17c75aae1,1756
0,0,0,0,0,0,0,0,0,3,0,2,19548,16000,40800,2.55,b24d64c8489284891946699bec3ebffe350860e671ee9de063acfa2c4167bac2,b24d64c8489284891946699bec3ebffe350860e671ee9de063acfa2c4167bac2,1757
0,2,1,2,2,0,0,0,1,0,1,0,19558,16000,48000,3.0,a0d60a4e9a45a11377471348e972e6e806fda831eaaf0d8a3d8c111aa3644706,a0d60a4e9a45a11377471348e972e6e806fda831eaaf0d8a3d8c111aa3644706,1758
0,1,0,0,0,0,0,0,0,2,1,0,19613,16000,48000,3.0,a82a117b9c859a7f0ed4bd0c95ba5f819c560c27d82b0f9e0cc1ae70aae8eff9,a82a117b9c859a7f0ed4bd0c95ba5f819c560c27d82b0f9e0cc1ae70aae8eff9,1759
1,1,0,0,2,0,0,0,0,1,0,0,19614,16000,48000,3.0,f3a6e46bf21703266d69297c1c07634481451c64bfcdb6bc92fce0f3d5441cd4,f3a6e46bf21703266d69297c1c07634481451c64bfcdb6bc92fce0f3d5441cd4,1760
1,0,0,0,0,0,0,0,0,2,1,0,19626,16000,48000,3.0,b138b38569d4522613ca8ace531d0c317531c0840202fa9e4252011431ea7043,b138b38569d4522613ca8ace531d0c317531c0840202fa9e4252011431ea7043,1761
0,0,0,3,0,0,0,0,0,0,1,0,19640,16000,48000,3.0,2375877be0ff2fb2e25892fe4b1f3d9ac85b97c99ce68dce5da6c0e2ad43a65c,2375877be0ff2fb2e25892fe4b1f3d9ac85b97c99ce68dce5da6c0e2ad43a65c,1762
1,0,0,1,2,0,0,0,1,2,0,0,19642,16000,48000,3.0,55d420db13fe046a72f1b9832721f068b6ad089714815866f7e7784ea3afd0f3,55d420db13fe046a72f1b9832721f068b6ad089714815866f7e7784ea3afd0f3,1763
0,1,2,0,0,0,0,0,0,0,0,0,19652,16000,48000,3.0,c9777c553aea8516a3f184d2a0c9dc6f476e56acdd1189421712bfd6a71fdd87,c9777c553aea8516a3f184d2a0c9dc6f476e56acdd1189421712bfd6a71fdd87,1764
0,3,0,0,3,0,0,0,0,0,0,0,19660,16000,48000,3.0,1107d96b1d75dbb0b271196ee15a84d57618dc17b6526248470946c52374d784,1107d96b1d75dbb0b271196ee15a84d57618dc17b6526248470946c52374d784,1765
1,0,0,0,3,0,0,0,0,2,0,0,19661,16000,48000,3.0,7a29c26d0a7f93aef47ff93f3f545028c07c0c7d529bf50827593032caf6978b,7a29c26d0a7f93aef47ff93f3f545028c07c0c7d529bf50827593032caf6978b,1766
1,0,0,0,0,0,0,0,0,2,0,0,19665,16000,48000,3.0,3ca7202a8e6227bbe65c05c1a1bf4499b47e55ad9031342739072211f014f17b,3ca7202a8e6227bbe65c05c1a1bf4499b47e55ad9031342739072211f014f17b,1767
0,0,0,3,0,0,0,0,0,0,0,0,19671,16000,48000,3.0,ee03da588dee7ac2cb2f923e454420cc8687cdc925d2638c32160120567d86e2,ee03da588dee7ac2cb2f923e454420cc8687cdc925d2638c32160120567d86e2,1768
0,1,0,0,0,0,0,0,0,2,2,0,19680,16000,48000,3.0,ed059af92371cafc8a7572359b5e09b876426053a9d43ccb15f4be9dcd385925,ed059af92371cafc8a7572359b5e09b876426053a9d43ccb15f4be9dcd385925,1769
0,1,0,0,0,0,0,0,0,2,1,0,19690,16000,48000,3.0,86eded422c717d8ca7e4e7ebe1513e1a4a01da491372bdcc03f6d50b77dc90b8,86eded422c717d8ca7e4e7ebe1513e1a4a01da491372bdcc03f6d50b77dc90b8,1770
1,0,0,3,3,0,0,0,0,1,0,0,19714,16000,48000,3.0,104c7971ed5047f71bbd7ef8965f3c83daad64364d1c09cff76e13bbeb254f31,104c7971ed5047f71bbd7ef8965f3c83daad64364d1c09cff76e13bbeb254f31,1771
0,1,0,3,0,0,0,0,0,0,2,0,19728,16000,48000,3.0,d1605d759e6d7205278d60daca61274e4782a79ee55093204047158fe73ba095,d1605d759e6d7205278d60daca61274e4782a79ee55093204047158fe73ba095,1772
0,1,0,2,0,0,0,0,0,1,0,0,19729,16000,48000,3.0,c53d14156f82dccafa2d317043b8061d6e8c644d4f2841ad8d8a433baf803054,c53d14156f82dccafa2d317043b8061d6e8c644d4f2841ad8d8a433baf803054,1773
0,2,1,0,0,0,0,0,0,0,0,0,19733,16000,48000,3.0,f6351d265de3847605b5beac85b1d7ecf36e5a247a5ce7d396f5d79ed829b022,f6351d265de3847605b5beac85b1d7ecf36e5a247a5ce7d396f5d79ed829b022,1774
0,1,1,1,1,0,0,0,0,0,0,0,19745,16000,48000,3.0,5b9e768aae093c5581d972640086af01a940bd184fdf2d85078669e9a631cebf,5b9e768aae093c5581d972640086af01a940bd184fdf2d85078669e9a631cebf,1775
0,0,0,0,2,1,0,0,0,3,1,0,19746,16000,48000,3.0,5166d5552998630364fb36b2da25a3cf8b7c074cc1197023dfaf64c3b9aaba4e,5166d5552998630364fb36b2da25a3cf8b7c074cc1197023dfaf64c3b9aaba4e,1776
1,1,0,1,3,0,0,0,0,0,0,0,19754,16000,48000,3.0,cc2f2a6ec24af560f54b431831b856f329f471cd4c73200928966846e95ce9a2,cc2f2a6ec24af560f54b431831b856f329f471cd4c73200928966846e95ce9a2,1777
0,0,1,1,0,0,0,0,1,1,0,0,19767,16000,48000,3.0,40deb19adcf265994616178958cb35949a138c7eafc5ffd4f59cccc8b2006a2b,40deb19adcf265994616178958cb35949a138c7eafc5ffd4f59cccc8b2006a2b,1778
0,0,0,2,0,0,0,0,0,1,2,0,19773,16000,48000,3.0,ad7d8db0e9144a66a382af5b6849ad157ff53cbee262563408204e2889c7bd72,ad7d8db0e9144a66a382af5b6849ad157ff53cbee262563408204e2889c7bd72,1779
0,2,0,1,0,0,0,0,1,0,0,0,19779,16000,48000,3.0,494f16316dd563a8e6f2f123c62ff68ab297555d1932b04546ccff32e09ae13c,494f16316dd563a8e6f2f123c62ff68ab297555d1932b04546ccff32e09ae13c,1780
1,2,0,0,0,0,0,0,1,1,0,0,19782,16000,48000,3.0,f0db3ca51d53509881e515c3ce850670e174ef699ac3c201efc6190101126185,f0db3ca51d53509881e515c3ce850670e174ef699ac3c201efc6190101126185,1781
0,0,0,0,0,0,0,0,0,3,1,0,19800,16000,48000,3.0,2af2a26c0a06903661c50f67071be3d04692b3c8e707c519aadfd14429fef5d9,2af2a26c0a06903661c50f67071be3d04692b3c8e707c519aadfd14429fef5d9,1782
0,0,0,0,0,0,0,0,0,3,1,0,19814,16000,48000,3.0,99d3908dbb22caa77f16b602f74f35590350d719122ccc18330acca1a7b17164,99d3908dbb22caa77f16b602f74f35590350d719122ccc18330acca1a7b17164,1783
0,2,0,0,1,0,0,0,0,2,2,0,19845,16000,48000,3.0,67a91780be4a2e3041e1b5aeb7846f9c2d846ccda80288680f1bb3d46cd4ad41,67a91780be4a2e3041e1b5aeb7846f9c2d846ccda80288680f1bb3d46cd4ad41,1784
1,1,0,0,1,0,0,0,0,1,1,0,19846,16000,48000,3.0,6f2f21668f9961aacc46991114a1011dca26d4de2f834dca89d56d33c1835889,6f2f21668f9961aacc46991114a1011dca26d4de2f834dca89d56d33c1835889,1785
0,0,0,0,0,0,0,0,0,3,1,0,19864,16000,48000,3.0,9f5277e19a64ec31af3db205ad340b3f8c0a4f12fac468191112a70348f9792c,9f5277e19a64ec31af3db205ad340b3f8c0a4f12fac468191112a70348f9792c,1786
1,0,0,0,0,0,0,0,0,2,1,0,19875,16000,48000,3.0,ace826679de3e5089e3850e58a3de720d78629bf0f5b7d861fd3bed8e2f82951,ace826679de3e5089e3850e58a3de720d78629bf0f5b7d861fd3bed8e2f82951,1787
1,0,0,0,2,0,0,0,0,2,0,0,19885,16000,48000,3.0,6613b430cf3208b48847b01576f6daeedfceb9897a9223641182db314c50702a,6613b430cf3208b48847b01576f6daeedfceb9897a9223641182db314c50702a,1788
2,0,0,1,2,0,0,0,0,0,0,0,19893,16000,48000,3.0,3f21f17b67ba700094d12ca042b1411373d30f90e47c481715e4e676288fd55c,3f21f17b67ba700094d12ca042b1411373d30f90e47c481715e4e676288fd55c,1789
0,1,0,2,0,0,0,0,1,0,0,0,19917,16000,48000,3.0,613941763a62e352dfdfdfa7ade57ce0bf92c51fc897785319d1ff8bed74084d,613941763a62e352dfdfdfa7ade57ce0bf92c51fc897785319d1ff8bed74084d,1790
1,2,0,0,3,0,0,0,0,1,0,0,19947,16000,48000,3.0,86a96c744f6b5bb6dfb96477dd5c08ec7feb632ba178805cc3a8e0c04fcdb317,86a96c744f6b5bb6dfb96477dd5c08ec7feb632ba178805cc3a8e0c04fcdb317,1791
0,0,2,0,3,0,0,0,0,1,1,0,19951,16000,48000,3.0,e0ed7e6f160df4ccccbe1c31f61c61a457316e2e3761472753a8692c9d529ee0,e0ed7e6f160df4ccccbe1c31f61c61a457316e2e3761472753a8692c9d529ee0,1792
0,1,1,0,3,0,0,0,0,1,1,0,19952,16000,48000,3.0,39a0d965a937368c48aa6d4cf108ec491e00a66115ca6e22c94e5962d2ea8f36,39a0d965a937368c48aa6d4cf108ec491e00a66115ca6e22c94e5962d2ea8f36,1793
1,0,0,0,0,0,0,0,0,2,1,0,19953,16000,48000,3.0,6dab9a84c71d0709cbcd5c1a4fc5e5f505c1b2e473e24acf7618671ea4f7234b,6dab9a84c71d0709cbcd5c1a4fc5e5f505c1b2e473e24acf7618671ea4f7234b,1794
1,0,0,0,3,0,1,0,0,2,0,0,19976,16000,48000,3.0,479ec7281a405da95370b35c50ba09b268ac83da862d113c8b55857b2a59f793,479ec7281a405da95370b35c50ba09b268ac83da862d113c8b55857b2a59f793,1795
1,0,0,0,0,0,0,0,0,2,0,0,19977,16000,48000,3.0,bca92e5468b7ec5242ebf3c4b44f4be27418045f33f457fee807335dd567452c,bca92e5468b7ec5242ebf3c4b44f4be27418045f33f457fee807335dd567452c,1796
0,1,0,3,1,0,0,0,0,0,1,0,19988,16000,48000,3.0,e694f9b25d594f19e0f922a6fa87f4f8f9c1b15938953c72b04aec9e3f398a33,e694f9b25d594f19e0f922a6fa87f4f8f9c1b15938953c72b04aec9e3f398a33,1797
0,1,0,0,0,0,0,0,0,2,1,0,20004,16000,48000,3.0,3fe9b8fd385a9e5fd720139b1fdf2140e6bfeb26712b9457bc9e4816b0487114,3fe9b8fd385a9e5fd720139b1fdf2140e6bfeb26712b9457bc9e4816b0487114,1798
1,1,2,0,0,1,0,0,0,0,0,0,20009,16000,48000,3.0,6d7d00c6177e7426afc8002f9526cc7e7efe4d5261bc6173bfa363180019da1d,6d7d00c6177e7426afc8002f9526cc7e7efe4d5261bc6173bfa363180019da1d,1799
0,1,3,0,0,0,0,0,0,0,0,0,20019,16000,48000,3.0,65836ca6b0a6a30c4d933bfda85bee2660f3fd42853830d423d80c76b66d6d96,65836ca6b0a6a30c4d933bfda85bee2660f3fd42853830d423d80c76b66d6d96,1800
3,0,0,0,0,0,0,0,0,0,0,0,20024,16000,48000,3.0,9f92c9500091f6f986a761dd944c1d1715a6f1554670b03c8d98dfa28324c3a6,9f92c9500091f6f986a761dd944c1d1715a6f1554670b03c8d98dfa28324c3a6,1801
1,0,0,0,2,0,0,0,0,2,0,0,20026,16000,48000,3.0,6861988f9357bf3422f0c59ad65dd27356f150e6e6d78180f9df54e26f809913,6861988f9357bf3422f0c59ad65dd27356f150e6e6d78180f9df54e26f809913,1802
1,0,0,3,0,0,0,0,0,0,0,0,20034,16000,48000,3.0,d28fff462fd612db5b8997387bcf6a31a3b1bf055d550a803960bad32f847f2f,d28fff462fd612db5b8997387bcf6a31a3b1bf055d550a803960bad32f847f2f,1803
0,2,0,0,0,0,0,0,0,1,0,0,20054,16000,48000,3.0,0f3270a6527eb0499ed21d270cd2437b10e348f4dc899b9b04caa47f2fb38467,0f3270a6527eb0499ed21d270cd2437b10e348f4dc899b9b04caa47f2fb38467,1804
1,0,0,0,3,0,0,0,0,2,0,0,20057,16000,48000,3.0,a374fa38944869e272a0271023f0457fd9600341291b86bc8cd8059691f31339,a374fa38944869e272a0271023f0457fd9600341291b86bc8cd8059691f31339,1805
0,0,2,2,3,0,0,0,0,0,0,0,20059,16000,48000,3.0,cea758562cac79b0ecd742e404d94177492b70bd1ebed329274390ecd8d1d8f8,cea758562cac79b0ecd742e404d94177492b70bd1ebed329274390ecd8d1d8f8,1806
1,0,0,3,3,0,0,0,0,0,0,0,20070,16000,48000,3.0,1ee8f7b0d12eac2500881c723c1546ec761ba7e8f6c7323b89c0df0582553528,1ee8f7b0d12eac2500881c723c1546ec761ba7e8f6c7323b89c0df0582553528,1807
0,0,0,0,2,0,0,0,0,3,0,0,20079,16000,48000,3.0,9f59fbe2c31f4675365a501d30627b946c2f9a1505c02b46d5cdd8bbe0b4f20d,9f59fbe2c31f4675365a501d30627b946c2f9a1505c02b46d5cdd8bbe0b4f20d,1808
1,0,0,0,0,0,0,0,0,2,0,0,20088,16000,48000,3.0,100db0f50c2b5332eab9cd9e680ff8779e69208d80e592b71748c13b373cfb45,100db0f50c2b5332eab9cd9e680ff8779e69208d80e592b71748c13b373cfb45,1809
0,0,0,0,1,0,0,0,0,3,0,0,20090,16000,48000,3.0,3ffd252c594751b7aed9594dedbace712b01bf91de0032948b0e79155cb1e9cc,3ffd252c594751b7aed9594dedbace712b01bf91de0032948b0e79155cb1e9cc,1810
0,1,0,0,0,0,0,0,0,2,1,0,20091,16000,48000,3.0,81e3dc5cfe607dcab0af5258428fbd31ba93cd3a3eba64eed50b50c7ae35a066,81e3dc5cfe607dcab0af5258428fbd31ba93cd3a3eba64eed50b50c7ae35a066,1811
0,0,0,2,0,0,0,0,0,1,0,0,20094,16000,48000,3.0,f1e8648aaf2555bd98969261f736bd29cf0393df42a35d7a102a0cc54d0d4e08,f1e8648aaf2555bd98969261f736bd29cf0393df42a35d7a102a0cc54d0d4e08,1812
0,0,0,3,3,0,0,0,0,0,0,0,20101,16000,48000,3.0,a7b23f99518f8ce80052d2c9f936568da6de7c2ce945448da78a9dfca9363ec1,a7b23f99518f8ce80052d2c9f936568da6de7c2ce945448da78a9dfca9363ec1,1813
0,3,0,0,0,0,0,0,0,0,0,0,20104,16000,48000,3.0,4c1c21ac5e279f82491cd128d324b22840e4256f69397cdc40e9b5c39753e5f1,4c1c21ac5e279f82491cd128d324b22840e4256f69397cdc40e9b5c39753e5f1,1814
0,0,0,3,2,0,0,0,0,0,0,0,20117,16000,48000,3.0,2837fdd831104bece9fad854af61461d8b54943dedc14726b6935d8920d9a5a2,2837fdd831104bece9fad854af61461d8b54943dedc14726b6935d8920d9a5a2,1815
0,0,0,0,0,0,0,0,0,3,1,0,20142,16000,48000,3.0,6bcce74a9e662a3addc2df485fd49b72810a2f095d952da02832b8eb04958056,6bcce74a9e662a3addc2df485fd49b72810a2f095d952da02832b8eb04958056,1816
0,1,0,0,0,0,0,0,0,2,1,0,20157,16000,48000,3.0,b1f637090c674ff41bec47e84b340ef308405ab8acd1f50b4553ef107653ca5d,b1f637090c674ff41bec47e84b340ef308405ab8acd1f50b4553ef107653ca5d,1817
0,1,0,1,0,0,0,0,0,1,0,0,20169,16000,48000,3.0,3a01955aef534918f2ece5c7416ec7e5e78bff9376d7972c11c2a87c41e4cd1a,3a01955aef534918f2ece5c7416ec7e5e78bff9376d7972c11c2a87c41e4cd1a,1818
0,1,0,0,0,0,0,0,1,2,0,0,20170,16000,48000,3.0,64b4c6cff588bae121b7e77cd4ff003ba6fe24b715b3e8681da2f7dfe51a02b7,64b4c6cff588bae121b7e77cd4ff003ba6fe24b715b3e8681da2f7dfe51a02b7,1819
0,0,2,1,1,0,0,0,0,0,0,0,20171,16000,48000,3.0,3369f56da9a8b8588e7f43a26b63673db1788bc86dab9ad18889110883672842,3369f56da9a8b8588e7f43a26b63673db1788bc86dab9ad18889110883672842,1820
0,1,0,0,3,0,0,0,0,2,1,0,20176,16000,48000,3.0,4d30e1d2b3509ab3630b05041e4a2cabc1d26b18d29e6f90f6ad3c7b42fc06f9,4d30e1d2b3509ab3630b05041e4a2cabc1d26b18d29e6f90f6ad3c7b42fc06f9,1821
0,0,0,0,2,0,0,0,0,3,0,0,20182,16000,48000,3.0,2b5846b4e2c9898182baf57bbfe3b6a3ac252728d25d9fd7610c8165c6d7b4d2,2b5846b4e2c9898182baf57bbfe3b6a3ac252728d25d9fd7610c8165c6d7b4d2,1822
0,1,2,0,0,0,0,0,0,0,0,0,20188,16000,48000,3.0,f925431cb12993987534a845a0ae0544963cf0a545d1d295af4476a68bf825a0,f925431cb12993987534a845a0ae0544963cf0a545d1d295af4476a68bf825a0,1823
0,0,0,0,0,0,0,0,0,3,0,0,20222,16000,48000,3.0,9263831e58b748a697cf2ddce34b045c4c87d7268391062afaa6819fa0490a15,9263831e58b748a697cf2ddce34b045c4c87d7268391062afaa6819fa0490a15,1824
0,1,0,0,0,0,0,0,0,2,0,0,20260,16000,48000,3.0,f63e17a95789c0dd554fcdc279c4f4814295b9874597cadf6d6d4dd9427d8fa5,f63e17a95789c0dd554fcdc279c4f4814295b9874597cadf6d6d4dd9427d8fa5,1825
1,0,0,3,0,0,0,0,0,0,0,0,20261,16000,48000,3.0,23153dc43acccc4f0442692be6deb2f4e0591ab3bbc3d845afcf38cbe46fecab,23153dc43acccc4f0442692be6deb2f4e0591ab3bbc3d845afcf38cbe46fecab,1826
1,0,0,0,3,0,0,0,0,2,1,0,20262,16000,48000,3.0,b94595ddfd1bf29be8512b395cf7cbdd8c05d18985853183b4bd31b277e3573b,b94595ddfd1bf29be8512b395cf7cbdd8c05d18985853183b4bd31b277e3573b,1827
0,1,0,0,1,0,1,0,1,2,0,0,20264,16000,48000,3.0,50aff95f53bed77cedaf133e5e7cae47353358827b5cad0003e025a2f22b0d41,50aff95f53bed77cedaf133e5e7cae47353358827b5cad0003e025a2f22b0d41,1828
0,0,0,0,2,0,0,0,0,3,1,0,20268,16000,48000,3.0,cfbfbb0d07283257c6513fa5eb3a17eba3f1c591da2ce4590d6a68506e2c00c5,cfbfbb0d07283257c6513fa5eb3a17eba3f1c591da2ce4590d6a68506e2c00c5,1829
0,0,0,0,0,0,0,0,0,3,0,0,20269,16000,48000,3.0,ac23b72aff1c7ec49a79bf6bc9d862feaab777b48a177eeb546a5d469d4fefdb,ac23b72aff1c7ec49a79bf6bc9d862feaab777b48a177eeb546a5d469d4fefdb,1830
1,0,0,0,3,0,0,0,0,2,0,0,20282,16000,48000,3.0,45303242ca5b09bce42a8c01d00dc887b52adc961f4e9b7c963252da8d673bd1,45303242ca5b09bce42a8c01d00dc887b52adc961f4e9b7c963252da8d673bd1,1831
0,0,0,0,0,0,1,0,0,3,0,0,20286,16000,48000,3.0,4bcb6db4575e533b5f0714a712aa90234e6b58237b6a44b34eab06d47dcf0ad3,4bcb6db4575e533b5f0714a712aa90234e6b58237b6a44b34eab06d47dcf0ad3,1832
0,0,0,0,0,0,0,0,0,3,0,0,20289,16000,48000,3.0,458b585c868e508473d10d31c9702a426243d2d2bf64ea71035a2ded17aabf3c,458b585c868e508473d10d31c9702a426243d2d2bf64ea71035a2ded17aabf3c,1833
0,1,0,1,0,0,0,0,0,1,0,0,20296,16000,48000,3.0,9a351d37ec07e4064388e04652d3c16df8d2a8fd12ecda561dc3914046ee026e,9a351d37ec07e4064388e04652d3c16df8d2a8fd12ecda561dc3914046ee026e,1834
0,0,0,0,3,0,0,0,0,3,0,0,20310,16000,48000,3.0,13fde4649af92f68a34c83b35eb8738b669cc074120dcda9bb675ba38270e767,13fde4649af92f68a34c83b35eb8738b669cc074120dcda9bb675ba38270e767,1835
0,1,1,0,0,0,0,0,0,2,1,0,20320,16000,48000,3.0,91d32e600e3784013e791a09c7d814ba29f7395635eddca77614a387c2c04c61,91d32e600e3784013e791a09c7d814ba29f7395635eddca77614a387c2c04c61,1836
0,1,0,0,0,0,0,1,0,2,0,0,20324,16000,48000,3.0,3753d21077bd1ea39378a0911554296ae32611793b115dc5542afe0f44ceddc4,3753d21077bd1ea39378a0911554296ae32611793b115dc5542afe0f44ceddc4,1837
0,0,0,0,0,0,0,0,0,3,0,0,20345,16000,48000,3.0,90c22d150479ffaecebc0946f5f5ee9bb03460c4eaa568529c74d4685bbdce4e,90c22d150479ffaecebc0946f5f5ee9bb03460c4eaa568529c74d4685bbdce4e,1838
0,0,1,0,0,0,0,0,2,2,0,0,20354,16000,48000,3.0,511115b8aec66d4718c6dfb9e63e34c2d722a4bb88e02f614a5d396ae49f7445,511115b8aec66d4718c6dfb9e63e34c2d722a4bb88e02f614a5d396ae49f7445,1839
0,0,0,1,1,0,0,0,0,2,0,0,20359,16000,48000,3.0,6c12b4b7dc699f7f138040e74251fbd0877c95f91a95943a6b3142c2df43f053,6c12b4b7dc699f7f138040e74251fbd0877c95f91a95943a6b3142c2df43f053,1840
0,0,0,0,0,0,0,0,0,3,0,0,20408,16000,48000,3.0,85c8df565bc3f7f5137699765db433663d2b2f515f0ff8b6c999da2327cf416d,85c8df565bc3f7f5137699765db433663d2b2f515f0ff8b6c999da2327cf416d,1841
0,0,0,0,0,0,0,0,0,3,0,0,20409,16000,48000,3.0,a5a0562740dafce95a9624779bb27f0683122e0357dd9cd6df8a52af8e5599f2,a5a0562740dafce95a9624779bb27f0683122e0357dd9cd6df8a52af8e5599f2,1842
0,0,0,0,0,0,0,0,1,3,0,0,20420,16000,48000,3.0,1266a3f96ad173cf103f445db39bb7bc6616b997843c271e0109f06d15dfedc2,1266a3f96ad173cf103f445db39bb7bc6616b997843c271e0109f06d15dfedc2,1843
0,0,0,0,0,0,0,0,0,3,1,0,20429,16000,48000,3.0,1cd35822569e4892faddaec903436f0240cbcaeee8a8b320d931d51622d9b352,1cd35822569e4892faddaec903436f0240cbcaeee8a8b320d931d51622d9b352,1844
0,0,0,0,0,0,0,0,3,3,1,0,20436,16000,48000,3.0,52b914b75cea1fc86c446f47e03e26968d5a26f35c797eee9e8e875e2d87337e,52b914b75cea1fc86c446f47e03e26968d5a26f35c797eee9e8e875e2d87337e,1845
0,1,0,0,1,0,0,2,1,2,0,0,20444,16000,48000,3.0,8be765d4991d30ba9bee98c108b4c7d142762ca9308104e810e05683ed5776ab,8be765d4991d30ba9bee98c108b4c7d142762ca9308104e810e05683ed5776ab,1846
2,0,0,0,0,0,0,0,0,1,1,0,20446,16000,48000,3.0,1fbf56cbf35963de2deb2cb30ffc0ab48f15071add8bf03d96122da80ff19822,1fbf56cbf35963de2deb2cb30ffc0ab48f15071add8bf03d96122da80ff19822,1847
0,0,0,3,1,0,0,0,0,0,1,0,20449,16000,48000,3.0,960d4ae71aa0992e414b8d5d1edb527d056f135cb27b174efc20e4df8f6c1a9a,960d4ae71aa0992e414b8d5d1edb527d056f135cb27b174efc20e4df8f6c1a9a,1848
2,0,0,0,0,0,0,0,0,1,1,0,20454,16000,48000,3.0,8bf2771a7bded6d983a5e8089e236ac19aa999a22f45eed15d8d73e2ba437911,8bf2771a7bded6d983a5e8089e236ac19aa999a22f45eed15d8d73e2ba437911,1849
0,0,0,0,3,0,0,0,0,3,0,0,20461,16000,48000,3.0,9480f25928a948d640bbb9bbf213d9ea8b27bb4e9d1e89a4d54e2ca9284f2b7a,9480f25928a948d640bbb9bbf213d9ea8b27bb4e9d1e89a4d54e2ca9284f2b7a,1850
0,0,0,0,0,0,0,0,0,3,0,0,20480,16000,48000,3.0,8e90c885af5cbfa541349bef188293f795c649689e99fdd7854726aafa5c2bcc,8e90c885af5cbfa541349bef188293f795c649689e99fdd7854726aafa5c2bcc,1851
2,1,0,0,0,0,0,0,0,1,0,0,20502,16000,48000,3.0,85459599eb292d24400f19ad38bffc0867241776cd10ff25f54ccfd0a0686da7,85459599eb292d24400f19ad38bffc0867241776cd10ff25f54ccfd0a0686da7,1852
0,1,0,0,0,0,0,0,0,2,0,0,20541,16000,48000,3.0,803bb4f2d4c76218b2f33c660ea79b0573e725c961428da3333b41ca65d50060,803bb4f2d4c76218b2f33c660ea79b0573e725c961428da3333b41ca65d50060,1853
0,0,1,0,0,0,0,0,0,2,0,0,20550,16000,48000,3.0,6e55ff48db1e482d07a065dcdcd940e224111800409311f5f5b08ee96916385b,6e55ff48db1e482d07a065dcdcd940e224111800409311f5f5b08ee96916385b,1854
0,1,1,0,0,0,1,1,2,1,0,0,20551,16000,48000,3.0,acbd8ab8a208ee7fc6952f67b57790f78e86cde18bb5136e20ff9c61e9f55388,acbd8ab8a208ee7fc6952f67b57790f78e86cde18bb5136e20ff9c61e9f55388,1855
0,0,0,0,3,0,0,0,0,3,1,0,20555,16000,48000,3.0,5486e86c34b9db7b7cb45b51d79a2c0ce4cdacc30941a31e05530eff359ba760,5486e86c34b9db7b7cb45b51d79a2c0ce4cdacc30941a31e05530eff359ba760,1856
0,1,0,0,0,0,0,0,0,2,1,0,20566,16000,48000,3.0,c66a9cfd7271ffc08e0a3d2b84a9715cf8eb4260cf84b8df13068a42cd1d58b0,c66a9cfd7271ffc08e0a3d2b84a9715cf8eb4260cf84b8df13068a42cd1d58b0,1857
0,2,0,0,2,0,1,0,1,1,1,0,20574,16000,48000,3.0,66891bb5347f8873e6bf5eb8a92e130803794100468aeeab3a98b20f648106ee,66891bb5347f8873e6bf5eb8a92e130803794100468aeeab3a98b20f648106ee,1858
0,0,0,0,0,0,0,0,0,3,1,0,20579,16000,48000,3.0,d9c59546e31490110447f55a12fb7739984608327c78f0aeeccf8f995a407f1b,d9c59546e31490110447f55a12fb7739984608327c78f0aeeccf8f995a407f1b,1859
1,1,0,0,3,0,0,0,0,1,0,0,20586,16000,48000,3.0,99011abbbe16bd46738d093e293ff9b1b179edc7ead46c525dd8ae9a7b9f725f,99011abbbe16bd46738d093e293ff9b1b179edc7ead46c525dd8ae9a7b9f725f,1860
0,0,0,0,0,0,0,0,0,3,1,0,20587,16000,48000,3.0,5b5d0f4bc435775fc60c71c9c5ad48ac8c11847791e9f6528083f2a91b322634,5b5d0f4bc435775fc60c71c9c5ad48ac8c11847791e9f6528083f2a91b322634,1861
0,0,0,0,3,0,0,0,0,3,0,0,20599,16000,48000,3.0,f3633c6f1591b6eadf5bd488db671d413c76c67878e0927c9551cdc33862de4a,f3633c6f1591b6eadf5bd488db671d413c76c67878e0927c9551cdc33862de4a,1862
0,1,2,0,0,0,0,0,0,0,0,0,20609,16000,48000,3.0,4d30aff56ced5954291995f6a7da7f2ae6ef2db09ba8af9bccb1bcb08b8885e9,4d30aff56ced5954291995f6a7da7f2ae6ef2db09ba8af9bccb1bcb08b8885e9,1863
1,0,0,0,0,0,0,0,0,2,1,0,20639,16000,48000,3.0,f6191ceb099b45af6dfac953e51aaed27ec3933feed89eec3bdfc9f14cf08425,f6191ceb099b45af6dfac953e51aaed27ec3933feed89eec3bdfc9f14cf08425,1864
0,1,1,0,1,0,0,0,3,2,0,0,20655,16000,48000,3.0,39f5d058b1985d7d5a7477b6377e2dd5ba654b5fcd1ed683985ef2ad39d484bc,39f5d058b1985d7d5a7477b6377e2dd5ba654b5fcd1ed683985ef2ad39d484bc,1865
0,0,0,0,2,0,0,0,0,3,0,0,20657,16000,48000,3.0,1d5325d520bb1373b9d7ac678bf8d04db5d4212dc98430c20cd3cea599b0a79c,1d5325d520bb1373b9d7ac678bf8d04db5d4212dc98430c20cd3cea599b0a79c,1866
0,2,0,0,0,0,0,0,0,1,0,0,20660,16000,48000,3.0,76c352e968718f598f3a94cf39f6e0e0b2e8a3d5f0d35fd7177ee0840f47d0cb,76c352e968718f598f3a94cf39f6e0e0b2e8a3d5f0d35fd7177ee0840f47d0cb,1867
0,0,0,0,0,0,0,2,0,3,0,3,20663,16000,41440,2.59,d6076980067b803fdfb2ef598181443fb085ead32741d6942f68e948a829b3da,d6076980067b803fdfb2ef598181443fb085ead32741d6942f68e948a829b3da,1868
0,0,0,0,2,0,0,0,0,3,0,0,20666,16000,48000,3.0,828a11ef8af9ec3967bcf9505113b6bfffd6331b512a582d4c5019081b11004f,828a11ef8af9ec3967bcf9505113b6bfffd6331b512a582d4c5019081b11004f,1869
0,0,0,0,0,0,0,0,0,3,1,0,20676,16000,48000,3.0,10693a37612665f6c16c541f07e735313119cee5df5660c39f50663f10db45cd,10693a37612665f6c16c541f07e735313119cee5df5660c39f50663f10db45cd,1870
1,1,0,0,1,0,0,0,0,2,1,0,20681,16000,48000,3.0,0ca940b3e14cd9b368f3c6469b1e64f4bf31513adfd4e5e94c354d42df1f5411,0ca940b3e14cd9b368f3c6469b1e64f4bf31513adfd4e5e94c354d42df1f5411,1871
0,0,0,0,2,0,0,0,0,3,2,0,20683,16000,48000,3.0,a177b27102b75debac8641e43717f9a549e5de6ef410074b6c91c3a866da7000,a177b27102b75debac8641e43717f9a549e5de6ef410074b6c91c3a866da7000,1872
0,0,0,0,0,0,0,0,0,3,1,0,20690,16000,48000,3.0,0fc83cec9a87abf3d3dd11ba175fd706851679cc2865b834f6a6bc52da37199f,0fc83cec9a87abf3d3dd11ba175fd706851679cc2865b834f6a6bc52da37199f,1873
1,0,0,0,0,0,0,0,0,2,1,0,20692,16000,48000,3.0,c3d148f0b847e3e894f510ef04d3c467e9f59389659b2d5e8aaec9319a2bd85b,c3d148f0b847e3e894f510ef04d3c467e9f59389659b2d5e8aaec9319a2bd85b,1874
0,1,0,0,0,0,0,0,0,2,0,0,20699,16000,48000,3.0,ca6cbaf453fea58c000f01b015c41cf2314aaddafe5e2dec01ffa622e077b968,ca6cbaf453fea58c000f01b015c41cf2314aaddafe5e2dec01ffa622e077b968,1875
0,2,3,2,0,0,0,0,0,0,0,0,20700,16000,48000,3.0,e88f6d4d76eb83f48a6368f03b2301c0b1877b8bfad0459a119e370f69bfdabf,e88f6d4d76eb83f48a6368f03b2301c0b1877b8bfad0459a119e370f69bfdabf,1876
0,1,2,0,3,0,0,0,0,0,0,0,20714,16000,48000,3.0,43d0a5218c9026de731ae3c9b7cbf706491187af94bb016ddfe2251258ed412d,43d0a5218c9026de731ae3c9b7cbf706491187af94bb016ddfe2251258ed412d,1877
0,0,0,0,0,0,0,0,0,3,1,0,20719,16000,48000,3.0,6da22c25b06e2c25978c76c62e11918fe967694d1b4edf05ce2f7f9d41a48bc8,6da22c25b06e2c25978c76c62e11918fe967694d1b4edf05ce2f7f9d41a48bc8,1878
0,1,0,0,0,0,0,0,0,2,2,0,20724,16000,48000,3.0,ba4d89ab8c1faff350a6506a8b953e7bce5ce1f38b1b46e958f0836619e833b1,ba4d89ab8c1faff350a6506a8b953e7bce5ce1f38b1b46e958f0836619e833b1,1879
1,0,0,0,3,0,0,0,0,2,0,0,20728,16000,48000,3.0,727416145d09a4808a3cc44c63cb168871e3e1ca14d97bb25b2f7a255e22165c,727416145d09a4808a3cc44c63cb168871e3e1ca14d97bb25b2f7a255e22165c,1880
0,0,0,0,1,0,0,0,0,3,1,0,20730,16000,48000,3.0,b25a20cdebfc80f98245ad1daae82ab78401408bad654808d6226e5609542285,b25a20cdebfc80f98245ad1daae82ab78401408bad654808d6226e5609542285,1881
1,1,0,0,0,0,0,0,0,2,1,0,20738,16000,48000,3.0,59de30a4bbd6a93fc42f6e556bf47d720748f436bd07e858385041c196cf9c95,59de30a4bbd6a93fc42f6e556bf47d720748f436bd07e858385041c196cf9c95,1882
0,0,2,1,0,0,0,0,0,0,0,0,20743,16000,48000,3.0,4342a13439ba38e389bb3a90202ed5c9727365392b04cc406c0ed69932cb02b4,4342a13439ba38e389bb3a90202ed5c9727365392b04cc406c0ed69932cb02b4,1883
0,3,1,0,0,0,0,0,0,0,0,0,20754,16000,48000,3.0,fdf26e47c6cb232fc27d6f20ca5b9cbf01ec504359cb809f68e750c4ad516edb,fdf26e47c6cb232fc27d6f20ca5b9cbf01ec504359cb809f68e750c4ad516edb,1884
0,0,3,0,0,0,0,0,0,0,0,0,20768,16000,48000,3.0,d9a6673a6926dbfc8a5059a9c41dc830836be5e367bd221a1fbb393d8d8b5c9a,d9a6673a6926dbfc8a5059a9c41dc830836be5e367bd221a1fbb393d8d8b5c9a,1885
0,0,0,3,0,0,0,0,0,0,0,0,20779,16000,48000,3.0,02b24344669b24834994983f2e5e032df767e33f0754298abb5822756b7f97ac,02b24344669b24834994983f2e5e032df767e33f0754298abb5822756b7f97ac,1886
0,0,3,2,0,0,0,0,0,0,1,0,20796,16000,48000,3.0,d8f07db278e4ca74ab03a870ec41604d281017827b482614bcba08af8a40e25c,d8f07db278e4ca74ab03a870ec41604d281017827b482614bcba08af8a40e25c,1887
0,0,0,3,3,0,0,0,0,0,0,0,20824,16000,48000,3.0,e64babd32a7e347945e0e0cfc52c3959ddd97e70bb7c4f02cbdcefc26f4060f1,e64babd32a7e347945e0e0cfc52c3959ddd97e70bb7c4f02cbdcefc26f4060f1,1888
0,1,0,0,2,0,0,0,0,2,0,0,20840,16000,48000,3.0,263541965ec531f8663962f1215e6b9f77b4d6713e4f4b23790bcfb6a9de4286,263541965ec531f8663962f1215e6b9f77b4d6713e4f4b23790bcfb6a9de4286,1889
1,1,0,0,1,0,0,0,0,1,1,0,20841,16000,48000,3.0,2cc87ec1a769f1c0bac72029e2db83ae153ddf6d7108dba67bedefa4a92911f8,2cc87ec1a769f1c0bac72029e2db83ae153ddf6d7108dba67bedefa4a92911f8,1890
2,3,0,0,0,0,0,0,0,0,0,0,20843,16000,48000,3.0,33598864a492319aeb95b6f60619e22c27cd2b566cfebcbb1f65af0917823376,33598864a492319aeb95b6f60619e22c27cd2b566cfebcbb1f65af0917823376,1891
0,0,0,0,3,0,0,0,0,3,0,0,20908,16000,48000,3.0,32cc6a335d1ef5d2d25608995cc01ed0b0011caff090166b2dca477e585ac20f,32cc6a335d1ef5d2d25608995cc01ed0b0011caff090166b2dca477e585ac20f,1892
0,0,0,3,1,0,0,0,0,0,0,0,20910,16000,48000,3.0,eb41fd38dd2a6b6e09da6020a5cb24eee6e5bda7f43d5ae59c1cb36e410610d1,eb41fd38dd2a6b6e09da6020a5cb24eee6e5bda7f43d5ae59c1cb36e410610d1,1893
0,3,0,0,0,1,0,0,0,0,1,0,20914,16000,48000,3.0,c8c334c60b8823091b73c0ac0c00d82637a3479b30070f40219383ff866e1ef8,c8c334c60b8823091b73c0ac0c00d82637a3479b30070f40219383ff866e1ef8,1894
1,0,1,1,0,0,0,0,0,1,0,0,20923,16000,48000,3.0,5cef113f16989c21c779619bdfee5669a861b83ac6abc19a3258b7d8e45ee102,5cef113f16989c21c779619bdfee5669a861b83ac6abc19a3258b7d8e45ee102,1895
0,1,0,0,0,0,0,0,0,2,0,0,20945,16000,48000,3.0,a29d7f1eec1cea4e1ca60553db343eb120e31c3ec7b89ac89d271e784f30f42d,a29d7f1eec1cea4e1ca60553db343eb120e31c3ec7b89ac89d271e784f30f42d,1896
1,1,0,0,0,0,0,1,0,1,1,0,20947,16000,48000,3.0,f17d1c58f717a5be14adb3ee3e0a7ab9519411dfe75481fc37fb048c01ebc5e5,f17d1c58f717a5be14adb3ee3e0a7ab9519411dfe75481fc37fb048c01ebc5e5,1897
0,2,0,0,1,0,0,0,0,1,0,0,20974,16000,48000,3.0,8a09d2f5892c6220f6e9443a3710acd318c38808a2bf249932e86a7a9155b666,8a09d2f5892c6220f6e9443a3710acd318c38808a2bf249932e86a7a9155b666,1898
3,1,0,0,0,0,0,0,0,0,0,0,20989,16000,48000,3.0,c3ed480bc1d6234cd9ab17bdb5e376fc790f51ac634889b986564fe263d51dc3,c3ed480bc1d6234cd9ab17bdb5e376fc790f51ac634889b986564fe263d51dc3,1899
0,2,0,0,2,0,0,0,0,1,0,0,20993,16000,48000,3.0,59bd67277e221bfc7ab42987ee09a67c636ef5359f41d6998b12d8a5a951b25e,59bd67277e221bfc7ab42987ee09a67c636ef5359f41d6998b12d8a5a951b25e,1900
0,2,0,0,0,0,0,0,0,1,1,0,21018,16000,48000,3.0,cf37aa08ce6ca6a03d42478b5486238844c443c36f2bf5403d1e954204e223e5,cf37aa08ce6ca6a03d42478b5486238844c443c36f2bf5403d1e954204e223e5,1901
0,2,1,0,2,0,0,0,0,1,0,0,21019,16000,48000,3.0,60626d479d9d4528541ee7a2b9616c16617ee0a3c7ea2ddcd496d09ee40905fd,60626d479d9d4528541ee7a2b9616c16617ee0a3c7ea2ddcd496d09ee40905fd,1902
0,0,0,2,2,0,0,0,0,1,0,0,21026,16000,48000,3.0,7379f41583b9b9a4d78e390e205d0720f917dcf19c193377318cc67855037a72,7379f41583b9b9a4d78e390e205d0720f917dcf19c193377318cc67855037a72,1903
0,0,2,1,0,0,0,0,0,0,0,0,21045,16000,48000,3.0,2d0948733b95d204ce6e3d28668bba80de7d43b17509079e4ca87235bd344fac,2d0948733b95d204ce6e3d28668bba80de7d43b17509079e4ca87235bd344fac,1904
1,0,0,0,3,0,0,0,0,2,0,0,21049,16000,48000,3.0,477d79bcff2e7d49dbbfe7be4edea0301230a8712d12153f4e3c9536968304d8,477d79bcff2e7d49dbbfe7be4edea0301230a8712d12153f4e3c9536968304d8,1905
3,1,0,0,0,0,0,0,0,0,0,0,21054,16000,48000,3.0,c8d266f20d2549e1cc54cee38b2a94f72d7975a109b0c37a1c2344779edb5b34,c8d266f20d2549e1cc54cee38b2a94f72d7975a109b0c37a1c2344779edb5b34,1906
1,1,0,0,3,0,0,0,0,1,0,0,21055,16000,48000,3.0,4a3989c1e59be3ff1bc02eefe7e6a07c3662ebd72bcb33157a2cd19615853e70,4a3989c1e59be3ff1bc02eefe7e6a07c3662ebd72bcb33157a2cd19615853e70,1907
0,0,1,3,0,0,0,0,0,0,0,0,21062,16000,48000,3.0,533d65ae3fcc41a8952307caec3636850933c77a619d2f34ecae9b35eac8894a,533d65ae3fcc41a8952307caec3636850933c77a619d2f34ecae9b35eac8894a,1908
0,1,0,0,0,0,0,0,1,2,1,0,21068,16000,48000,3.0,e74e7180f8f5b4cfddd8f939548cd8a3daff0c730e13211a64cd5e3fcdbdb2a7,e74e7180f8f5b4cfddd8f939548cd8a3daff0c730e13211a64cd5e3fcdbdb2a7,1909
1,2,0,0,3,0,0,0,0,0,0,0,21079,16000,48000,3.0,87f78f9e667238a1c92fc490f7fdd7373aa2ea54543d1ed98a2df4930b3805a4,87f78f9e667238a1c92fc490f7fdd7373aa2ea54543d1ed98a2df4930b3805a4,1910
3,1,0,0,0,0,0,0,0,0,0,0,21088,16000,48000,3.0,8e861c615dad74ba5db89ee5b0fdef3fd8e5414c7bf6c84be05939165b181b9f,8e861c615dad74ba5db89ee5b0fdef3fd8e5414c7bf6c84be05939165b181b9f,1911
0,0,1,0,0,0,0,0,0,2,1,0,21090,16000,48000,3.0,eb374dad510ce800aa9e5618797db529c7e5dc74e25336e58a2b6c5208d61cac,eb374dad510ce800aa9e5618797db529c7e5dc74e25336e58a2b6c5208d61cac,1912
0,1,1,0,0,0,0,0,0,1,0,0,21106,16000,48000,3.0,1bdb2bedeca2ee8bf86899713a34cb656fe55cb6c818c43015324a9d8ac1c5f2,1bdb2bedeca2ee8bf86899713a34cb656fe55cb6c818c43015324a9d8ac1c5f2,1913
2,0,0,0,0,0,0,0,0,1,2,0,21110,16000,48000,3.0,8a22c65eb86ff2f7385d39636c4ab5d970103bcb7859f8ac7367b33510d5fca8,8a22c65eb86ff2f7385d39636c4ab5d970103bcb7859f8ac7367b33510d5fca8,1914
0,3,0,0,3,1,0,0,0,1,0,0,21111,16000,48000,3.0,71e96f7c944559ac81721cc95e675d66d6580704a9482e3a4ed1768eab89bb40,71e96f7c944559ac81721cc95e675d66d6580704a9482e3a4ed1768eab89bb40,1915
0,1,0,2,1,0,0,0,0,0,0,0,21125,16000,48000,3.0,bc1c6137714b8961a5e60473d30e0a69e6b039173adb368fd0a3255498125538,bc1c6137714b8961a5e60473d30e0a69e6b039173adb368fd0a3255498125538,1916
0,0,0,2,0,0,0,0,0,1,1,0,21137,16000,48000,3.0,dca7759509812cbaad169cdb110dbd08574bd8d2d37bbb1de406e95a605dff7b,dca7759509812cbaad169cdb110dbd08574bd8d2d37bbb1de406e95a605dff7b,1917
0,0,0,0,0,0,0,0,0,3,1,0,21138,16000,48000,3.0,873c802c113c3a40162672401dca8ead1da76624892b3d45b7278d557de93bfe,873c802c113c3a40162672401dca8ead1da76624892b3d45b7278d557de93bfe,1918
1,3,1,0,0,0,0,0,0,0,1,0,21142,16000,48000,3.0,29c3e1b2aff5df3e8fbeb677a68a532b14c31da7f97c11cfd5b2df9127408fed,29c3e1b2aff5df3e8fbeb677a68a532b14c31da7f97c11cfd5b2df9127408fed,1919
0,1,0,0,0,0,0,1,1,2,0,0,21149,16000,48000,3.0,e0b17f596b9febcb467c89ff0d120dacf089a2c436b2e43bcaec696454f49558,e0b17f596b9febcb467c89ff0d120dacf089a2c436b2e43bcaec696454f49558,1920
3,0,0,0,0,0,0,0,0,0,0,0,21150,16000,48000,3.0,3472fad4476827ff243d293707d5491f4e2d6aad9550fb2fb7f4fca013d5d8ff,3472fad4476827ff243d293707d5491f4e2d6aad9550fb2fb7f4fca013d5d8ff,1921
0,0,0,1,0,0,0,0,0,2,0,0,21159,16000,48000,3.0,17b0c30823947af84a0282ca51bf37a9747b219c510449137e2cc3384e930712,17b0c30823947af84a0282ca51bf37a9747b219c510449137e2cc3384e930712,1922
0,0,0,1,0,0,0,0,0,2,0,0,21163,16000,48000,3.0,0b53f06dc3ebb64a628473e0b8aa3702f83385007d5a8f83fdc21e80a97f8010,0b53f06dc3ebb64a628473e0b8aa3702f83385007d5a8f83fdc21e80a97f8010,1923
1,1,1,1,0,0,1,0,0,0,0,0,21172,16000,48000,3.0,c8d25c3c07255d1b97feefa07466cc2348225593c8228cb16029fc44acd14a92,c8d25c3c07255d1b97feefa07466cc2348225593c8228cb16029fc44acd14a92,1924
0,1,0,0,0,0,0,0,0,2,0,0,21229,16000,48000,3.0,749d6c7cc940ad8f45e26dde739cc5cce1043f517cc6198af350cdabf52f3e32,749d6c7cc940ad8f45e26dde739cc5cce1043f517cc6198af350cdabf52f3e32,1925
0,0,0,0,1,0,0,0,0,3,0,0,21233,16000,48000,3.0,743b42b7de1e6ea28657ef0e9c40d1039144c8995abd9688fb0a060b67ced3bb,743b42b7de1e6ea28657ef0e9c40d1039144c8995abd9688fb0a060b67ced3bb,1926
0,0,0,0,0,0,1,0,0,3,1,0,21235,16000,48000,3.0,33ef7d425ffc00e9e91404205776061b94f47b814bb9b6232487d4e42b880967,33ef7d425ffc00e9e91404205776061b94f47b814bb9b6232487d4e42b880967,1927
1,2,2,0,0,0,0,0,1,0,1,0,21240,16000,48000,3.0,5de9aa642f554c7c381fbcfa6e986a8afa49918b1f14181b3f293e3da72456f3,5de9aa642f554c7c381fbcfa6e986a8afa49918b1f14181b3f293e3da72456f3,1928
1,0,0,0,0,0,0,0,0,2,0,0,21254,16000,48000,3.0,cc9df84647776e54e375074bf1fb20f7a5ac288215adb8f430f8f9d9e125edcf,cc9df84647776e54e375074bf1fb20f7a5ac288215adb8f430f8f9d9e125edcf,1929
1,0,0,0,0,0,2,0,1,3,1,0,21271,16000,48000,3.0,ab51cf70a83a56b7e3c43e79e5fb6b4c9ff66e544cb7a1931719115417b85ca3,ab51cf70a83a56b7e3c43e79e5fb6b4c9ff66e544cb7a1931719115417b85ca3,1930
0,0,0,3,2,0,0,0,0,0,0,0,21294,16000,48000,3.0,d20f46ae3021d11af7d53ca421c107ad74de416edbdf7a9ce4df29f40d923661,d20f46ae3021d11af7d53ca421c107ad74de416edbdf7a9ce4df29f40d923661,1931
0,1,0,0,3,0,1,0,0,2,0,0,21298,16000,48000,3.0,1975243b06ee96cb07774ab13464dc177b89171f67f6e6b9a80658dc8e8ae726,1975243b06ee96cb07774ab13464dc177b89171f67f6e6b9a80658dc8e8ae726,1932
0,0,0,3,1,0,1,0,0,0,0,0,21300,16000,48000,3.0,131b9d37ad34efbcc2993366895fd8272de2ab62bb0ce5aea6cb8e3db9e6bf93,131b9d37ad34efbcc2993366895fd8272de2ab62bb0ce5aea6cb8e3db9e6bf93,1933
0,1,2,0,0,0,1,0,0,0,0,0,21308,16000,48000,3.0,c634dcdb3da30b0801337aa34e9206496a26685c54beda6e5bb3cf637a28f2bc,c634dcdb3da30b0801337aa34e9206496a26685c54beda6e5bb3cf637a28f2bc,1934
0,0,0,0,1,0,2,0,1,3,0,0,21312,16000,48000,3.0,7c4ffadfe43f5a88cef29988573d70d43658199a53f5916943dac77755ee8aec,7c4ffadfe43f5a88cef29988573d70d43658199a53f5916943dac77755ee8aec,1935
0,0,0,1,0,0,0,0,0,2,0,0,21315,16000,48000,3.0,9bd1b4155f78f3ea9b45612abd07af527b089883b24549a761ee57a9b772904a,9bd1b4155f78f3ea9b45612abd07af527b089883b24549a761ee57a9b772904a,1936
0,3,0,0,0,0,0,0,0,0,1,0,21329,16000,48000,3.0,8787efadff2c80fab240923dbff74be07a393a48d76cf3e91031fc440209cee4,8787efadff2c80fab240923dbff74be07a393a48d76cf3e91031fc440209cee4,1937
1,1,0,0,0,0,0,0,0,2,0,0,21348,16000,48000,3.0,d8eefb424687b3b99416be85bacd54b131500f4f549fbb95854578a0d94b9d59,d8eefb424687b3b99416be85bacd54b131500f4f549fbb95854578a0d94b9d59,1938
0,0,0,0,0,0,0,0,0,3,1,0,21363,16000,48000,3.0,87745bf810296f6e4e46d43085ac1bed26103ca06e8f5dbfaa6fb2d78a20dadc,87745bf810296f6e4e46d43085ac1bed26103ca06e8f5dbfaa6fb2d78a20dadc,1939
0,0,0,0,0,0,0,0,0,3,1,0,21371,16000,48000,3.0,551bf2254772028efe051f2ab5d5818548a5ad53ec0c42651b2666a6efcc4254,551bf2254772028efe051f2ab5d5818548a5ad53ec0c42651b2666a6efcc4254,1940
0,0,0,0,0,0,0,0,0,3,2,0,21378,16000,48000,3.0,36c9a3cae461fd6c2d1da7c6e14f3380f7ee057cc1934b36a6e8ded8b43d8c84,36c9a3cae461fd6c2d1da7c6e14f3380f7ee057cc1934b36a6e8ded8b43d8c84,1941
0,1,0,0,0,0,1,0,0,2,0,0,21380,16000,48000,3.0,d24b6e55a000b45619802cd7e9cbe096fdc0ad6ef0ab33ac84267da760f3bb08,d24b6e55a000b45619802cd7e9cbe096fdc0ad6ef0ab33ac84267da760f3bb08,1942
0,0,3,0,0,0,1,0,1,0,0,0,21382,16000,48000,3.0,fc818b093ee3f867bb4e05062116866dd41a0e85dc598f9f6a160c0357598797,fc818b093ee3f867bb4e05062116866dd41a0e85dc598f9f6a160c0357598797,1943
1,0,0,0,0,0,0,0,0,2,1,0,21387,16000,48000,3.0,57e6979bbfdd55effa8a1f793c9d380adc3933c2a54fbbecdc8b1ba955bcd6e0,57e6979bbfdd55effa8a1f793c9d380adc3933c2a54fbbecdc8b1ba955bcd6e0,1944
0,0,0,0,0,0,0,0,0,3,0,0,21396,16000,48000,3.0,efd032f48eaa5d3f0d9d1f4cceada429f0e9dcdba86e167a0530f70dfe3ed2fc,efd032f48eaa5d3f0d9d1f4cceada429f0e9dcdba86e167a0530f70dfe3ed2fc,1945
0,2,1,3,0,0,0,0,0,0,0,0,21401,16000,48000,3.0,81386a92c0fd6ebff3c51210b954d61853ceeb2fc5f9320f06f5d376c6f0c1c4,81386a92c0fd6ebff3c51210b954d61853ceeb2fc5f9320f06f5d376c6f0c1c4,1946
1,0,0,0,3,0,0,0,0,2,1,0,21406,16000,48000,3.0,156dab8cded3a37a950a46c4f1d0dc1172e2e491352c2f073f82e5002e2daf98,156dab8cded3a37a950a46c4f1d0dc1172e2e491352c2f073f82e5002e2daf98,1947
0,0,0,0,0,0,0,0,0,3,3,0,21424,16000,48000,3.0,e1b82e75b696f3c66206f8e612e45f8727bbfa8aca495b17c1bf278a6523a092,e1b82e75b696f3c66206f8e612e45f8727bbfa8aca495b17c1bf278a6523a092,1948
0,0,0,0,1,0,0,0,0,3,0,0,21429,16000,48000,3.0,a8084c6cb2bb2eac663bbe4a1e02954ff51536d3deeb243d6978cbe7f136c270,a8084c6cb2bb2eac663bbe4a1e02954ff51536d3deeb243d6978cbe7f136c270,1949
0,0,0,0,0,0,0,0,0,3,0,0,21435,16000,48000,3.0,44d298c35cd55a07e2441bfd9c81062b890a7b947ba51965e538ae6e25f00d86,44d298c35cd55a07e2441bfd9c81062b890a7b947ba51965e538ae6e25f00d86,1950
0,0,0,2,1,0,0,0,2,1,1,0,21438,16000,48000,3.0,0c939adbff24dd75a8f6c2529686e2600c98c5bbf9fe598337d1cf07862cb2e9,0c939adbff24dd75a8f6c2529686e2600c98c5bbf9fe598337d1cf07862cb2e9,1951
3,1,0,0,0,0,0,0,0,0,0,0,21439,16000,48000,3.0,b905dbfc8ecd69d0c27464c205c97bb38e5801f690367b9ddf1b0fdb20ef7ade,b905dbfc8ecd69d0c27464c205c97bb38e5801f690367b9ddf1b0fdb20ef7ade,1952
0,0,0,0,0,0,0,0,0,3,0,0,21440,16000,48000,3.0,111687788b3a5d0bf69775da216077ea24b41de7e0e4e3d2ae864235d2e631f7,111687788b3a5d0bf69775da216077ea24b41de7e0e4e3d2ae864235d2e631f7,1953
0,1,0,3,0,0,0,0,0,0,0,0,21444,16000,48000,3.0,b82b865819044ee8b15314bba8144884345c55035012ae0033d3795c405ad427,b82b865819044ee8b15314bba8144884345c55035012ae0033d3795c405ad427,1954
1,0,0,3,0,0,0,0,0,1,1,0,21446,16000,48000,3.0,28bc171a491197641f78fbd83ea947f7116905d282da952461e41c9211d3bc73,28bc171a491197641f78fbd83ea947f7116905d282da952461e41c9211d3bc73,1955
0,0,0,0,0,0,0,0,0,3,2,0,21452,16000,48000,3.0,87ee0b8336700a815c4d3bf9b129525bdb95b8438500883f7a4e670adf53bca7,87ee0b8336700a815c4d3bf9b129525bdb95b8438500883f7a4e670adf53bca7,1956
0,0,1,0,0,0,0,0,0,2,1,0,21468,16000,48000,3.0,efb75561538e70db83e97b33a50e288816f3701bd0de11a236cbd81c87e0711e,efb75561538e70db83e97b33a50e288816f3701bd0de11a236cbd81c87e0711e,1957
0,0,0,0,0,0,0,0,0,3,2,0,21469,16000,48000,3.0,cc4308fb2f654ce9c933ebb737a0e9a7062e672adfc3c004420255f3fc814c96,cc4308fb2f654ce9c933ebb737a0e9a7062e672adfc3c004420255f3fc814c96,1958
0,0,0,0,0,0,0,0,0,3,1,0,21473,16000,48000,3.0,52bb7e4a1397fb87c47c24bcab47b4ef90d3b99b3e8faf790b7ac8b5e8f8e58f,52bb7e4a1397fb87c47c24bcab47b4ef90d3b99b3e8faf790b7ac8b5e8f8e58f,1959
0,1,0,0,0,0,0,0,0,2,0,0,21490,16000,48000,3.0,fc36e1a50c58dcd0d54b477ec6ef5f454c631708580096aaee98f2330b9b90a0,fc36e1a50c58dcd0d54b477ec6ef5f454c631708580096aaee98f2330b9b90a0,1960
1,1,0,1,0,0,0,0,0,1,0,0,21507,16000,48000,3.0,af2ea328cc2e7b37bacd03b1250b8936c4673c3b8df8de586bfba49f6665d3a6,af2ea328cc2e7b37bacd03b1250b8936c4673c3b8df8de586bfba49f6665d3a6,1961
0,0,0,0,0,0,0,0,0,3,1,0,21514,16000,48000,3.0,f52def671260b68e4ebd5ffe45944bde32f10d89c7f259d5ebe005521cec5d4a,f52def671260b68e4ebd5ffe45944bde32f10d89c7f259d5ebe005521cec5d4a,1962
0,0,0,2,0,0,0,0,0,1,1,0,21517,16000,48000,3.0,8b945804c63f0248ea09a383b9deb04cf631c24bf1c7731dffe26f24910f8c0f,8b945804c63f0248ea09a383b9deb04cf631c24bf1c7731dffe26f24910f8c0f,1963
1,1,0,0,0,0,0,0,0,1,1,0,21523,16000,48000,3.0,dd2afa03f23a2ad2fb251c54147a405b0f85f7491a9afb6150addbb751d4a320,dd2afa03f23a2ad2fb251c54147a405b0f85f7491a9afb6150addbb751d4a320,1964
0,0,0,1,0,0,0,0,0,2,2,0,21524,16000,48000,3.0,60d3145e8eb01c741ca7416c2508b3415f1b8f596b04c3eb4033f7b309fa360b,60d3145e8eb01c741ca7416c2508b3415f1b8f596b04c3eb4033f7b309fa360b,1965
0,0,3,0,0,0,0,0,0,0,0,0,21530,16000,48000,3.0,9f76915fb8ac36d9735bfc0b784c7c67cf927dd55d53a143faafa87a16786a09,9f76915fb8ac36d9735bfc0b784c7c67cf927dd55d53a143faafa87a16786a09,1966
1,1,0,0,0,0,0,0,0,1,2,0,21539,16000,48000,3.0,bd4d4a1132ab1e08c26cc49fb2f61db4674b85aaf03a8037061dd4cbc5c7f726,bd4d4a1132ab1e08c26cc49fb2f61db4674b85aaf03a8037061dd4cbc5c7f726,1967
0,0,0,3,0,0,0,0,0,0,0,0,21544,16000,48000,3.0,a2207ba4de2b5ccbc3f315f2228821b57775eaa18df5f53cf311764871e682e4,a2207ba4de2b5ccbc3f315f2228821b57775eaa18df5f53cf311764871e682e4,1968
0,1,0,2,0,0,0,0,0,0,2,0,21570,16000,48000,3.0,6662bd1c5b2f61f1adc07dbd592b2043148208727dcaf139fe430482685c4149,6662bd1c5b2f61f1adc07dbd592b2043148208727dcaf139fe430482685c4149,1969
1,0,0,0,2,0,0,0,0,2,0,0,21585,16000,48000,3.0,fa4bd5585de453f3f25ce79308a1dc01feefdddc671ae230a5d852d3d5acfe36,fa4bd5585de453f3f25ce79308a1dc01feefdddc671ae230a5d852d3d5acfe36,1970
1,0,0,0,0,0,0,0,0,2,1,0,21587,16000,48000,3.0,6aa2fa0fcf279c0fcce58d6381ea6e193bfee98a861c6b55afe6df406f7aa0e4,6aa2fa0fcf279c0fcce58d6381ea6e193bfee98a861c6b55afe6df406f7aa0e4,1971
1,0,0,0,0,0,0,0,0,2,0,0,21593,16000,48000,3.0,b1882e608d34c3a2d08ffbb6bbc0cc3c484d0be82497e0a88cc05d5ebfe179c6,b1882e608d34c3a2d08ffbb6bbc0cc3c484d0be82497e0a88cc05d5ebfe179c6,1972
1,1,0,0,1,0,0,0,0,1,0,0,21597,16000,48000,3.0,b215a921615876ef6195951cdb762e770ce26acfd0aeed70b3297a41958ac2e0,b215a921615876ef6195951cdb762e770ce26acfd0aeed70b3297a41958ac2e0,1973
0,1,0,2,1,0,0,0,0,1,0,0,21601,16000,48000,3.0,1a928ce8a59741c8eb0489ee360df87750a5278fae16f91d6c6cb533141343d1,1a928ce8a59741c8eb0489ee360df87750a5278fae16f91d6c6cb533141343d1,1974
0,1,0,0,0,0,0,0,0,2,0,0,21606,16000,48000,3.0,251f298bf6fce1e88e38f46a5cafc2b5142c26655d10c8f320dcd231e05baa80,251f298bf6fce1e88e38f46a5cafc2b5142c26655d10c8f320dcd231e05baa80,1975
1,1,0,0,2,0,0,0,0,1,1,0,21615,16000,48000,3.0,4fdc7858515be89095d3ca27815e91770bf07c41a5846d8a86909f9c5d1985b9,4fdc7858515be89095d3ca27815e91770bf07c41a5846d8a86909f9c5d1985b9,1976
1,0,0,0,1,0,0,0,0,3,2,0,21616,16000,48000,3.0,7ef10438ba78024095c656e02ab2d5a163de336c90860ca7aa543b419de88b59,7ef10438ba78024095c656e02ab2d5a163de336c90860ca7aa543b419de88b59,1977
1,1,1,0,0,0,0,0,0,1,1,0,21627,16000,48000,3.0,fc5ed176c54fa2fb55a83e9e5d4e4257312e6a0d7c27a0a465a16b811eab0f53,fc5ed176c54fa2fb55a83e9e5d4e4257312e6a0d7c27a0a465a16b811eab0f53,1978
0,0,0,0,3,0,1,0,0,3,0,0,21633,16000,48000,3.0,d49c6eb1f2f71dbc9dc02e6901ac3528611e69c7f23387840f4367257a81a868,d49c6eb1f2f71dbc9dc02e6901ac3528611e69c7f23387840f4367257a81a868,1979
0,0,0,3,0,0,0,0,0,0,0,0,21635,16000,48000,3.0,2b7ccc0cf35accdb532f70b292f717a06f34d4d64d0ac064d95881bef663ef31,2b7ccc0cf35accdb532f70b292f717a06f34d4d64d0ac064d95881bef663ef31,1980
0,0,0,0,0,0,3,0,1,3,0,0,21651,16000,48000,3.0,3071f997fe01aec6721854d6b1352ab7b4d87f1313860fb3c9fad513e80e8d20,3071f997fe01aec6721854d6b1352ab7b4d87f1313860fb3c9fad513e80e8d20,1981
0,0,1,0,0,0,0,0,0,2,0,0,21668,16000,48000,3.0,980c37cf26e2fc0deea29311df7b4ab89866d64cd4ddf0d3cd3f67eadaaf1d04,980c37cf26e2fc0deea29311df7b4ab89866d64cd4ddf0d3cd3f67eadaaf1d04,1982
1,1,0,0,0,0,0,0,0,1,1,0,21671,16000,48000,3.0,0c1ecb687726508d174c6dce84ff017cfb3a86a1d46153fe48a9b7ad80150a9b,0c1ecb687726508d174c6dce84ff017cfb3a86a1d46153fe48a9b7ad80150a9b,1983
1,2,0,1,1,0,0,0,0,0,0,0,21676,16000,48000,3.0,4ae396913cfdbc0af882549d1870eacf2849420705653a4ee608eba90ec56788,4ae396913cfdbc0af882549d1870eacf2849420705653a4ee608eba90ec56788,1984
0,0,0,0,0,0,0,0,0,3,2,0,21698,16000,48000,3.0,23162ee788bd3dedb43ce2584149a171831e6b1bf1ce5b34eac530757cbd531e,23162ee788bd3dedb43ce2584149a171831e6b1bf1ce5b34eac530757cbd531e,1985
0,2,0,0,0,0,0,0,0,1,1,0,21699,16000,48000,3.0,711d2ecfef6e92cc0899ba02aa848357ffd47b8f39befac9dcc68b93f75a6d8c,711d2ecfef6e92cc0899ba02aa848357ffd47b8f39befac9dcc68b93f75a6d8c,1986
0,1,0,0,0,0,0,0,0,2,1,0,21725,16000,48000,3.0,1c5087cfd90532219202710e25a6313a5ec6ff233142f7a64b466ab017a78b9a,1c5087cfd90532219202710e25a6313a5ec6ff233142f7a64b466ab017a78b9a,1987
0,0,0,0,0,0,1,0,0,3,2,0,21729,16000,48000,3.0,527007471273eac908afbcb5e89ba83a12ef682c1a19313237040d10cec7f2ab,527007471273eac908afbcb5e89ba83a12ef682c1a19313237040d10cec7f2ab,1988
0,3,0,0,0,0,0,0,0,0,0,0,21733,16000,48000,3.0,057013a1d1d6e98355f10936d7d285186cf00ea8d244129ed7dee6e7db5f2253,057013a1d1d6e98355f10936d7d285186cf00ea8d244129ed7dee6e7db5f2253,1989
0,1,0,0,0,0,0,0,0,2,0,0,21738,16000,48000,3.0,b55dd554ee398e9aeaa91ec2404d6a985746ac2a61ea7c38c041affe9aea8491,b55dd554ee398e9aeaa91ec2404d6a985746ac2a61ea7c38c041affe9aea8491,1990
0,0,0,0,0,0,0,0,0,3,0,0,21741,16000,48000,3.0,4539b4a477b2f40de7d38018aea67b2fb3ee33c75e2793002743251ea2aae32b,4539b4a477b2f40de7d38018aea67b2fb3ee33c75e2793002743251ea2aae32b,1991
0,0,0,0,0,0,0,0,0,3,0,0,21777,16000,48000,3.0,c92a1ec8ca5feffba2c8012f90bf00df814791967b338f75dba7df683bbd308a,c92a1ec8ca5feffba2c8012f90bf00df814791967b338f75dba7df683bbd308a,1992
1,1,0,0,2,0,0,0,0,1,0,0,21778,16000,48000,3.0,cddb57af08d5bb6cd98454c434585da9281ef9627fd539eefec88013899fba6b,cddb57af08d5bb6cd98454c434585da9281ef9627fd539eefec88013899fba6b,1993
0,1,0,0,1,0,0,0,0,2,0,0,21784,16000,48000,3.0,3c70cbcf9cb5e8c41ac3d9fe0ce1067752a5847448e4a7537c79221dabbb3a7f,3c70cbcf9cb5e8c41ac3d9fe0ce1067752a5847448e4a7537c79221dabbb3a7f,1994
0,0,0,2,1,0,0,0,0,1,0,0,21785,16000,48000,3.0,2f54b8bd597d29ff1e6a0a9b2048eac448abcd88be60ea258e294dc1e90c578d,2f54b8bd597d29ff1e6a0a9b2048eac448abcd88be60ea258e294dc1e90c578d,1995
0,1,0,0,3,0,0,0,0,2,1,0,21810,16000,48000,3.0,8499019cafff6785e0493432b95dde76ebb9b451635ac784ff5a977e7a49ce11,8499019cafff6785e0493432b95dde76ebb9b451635ac784ff5a977e7a49ce11,1996
1,0,0,0,3,0,0,0,0,2,1,0,21812,16000,48000,3.0,98fc50eea3ed0652689e333dcc95274368629636b8266f5ddfcda2aefc0e04eb,98fc50eea3ed0652689e333dcc95274368629636b8266f5ddfcda2aefc0e04eb,1997
0,0,0,0,0,0,0,0,0,3,0,0,21847,16000,48000,3.0,b56af329b76e783af7b25559aea306815773bdec800173e5c0bb5bd349f472b8,b56af329b76e783af7b25559aea306815773bdec800173e5c0bb5bd349f472b8,1998
0,0,0,0,0,0,0,0,0,3,0,0,21855,16000,48000,3.0,44e3af2516ae06885367e443a9d8e5b5a92d94b353e01b272df6456c04bc5e5c,44e3af2516ae06885367e443a9d8e5b5a92d94b353e01b272df6456c04bc5e5c,1999
