prolongation,block,sound_rep,word_rep,interjection,unsure,poor_audio_quality,no_speech,difficult_to_understand,no_stuttered_words,natural_pause,music,source_index,original_sample_rate,num_samples,duration_seconds,audio_sha256
2,0,0,0,3,0,0,0,0,1,0,0,0,16000,48000,3.0,7b24418b85cfebf0ca7ef80d4e1325f7c07a8b004feac5e938b433be21ccd000
0,0,0,0,0,0,0,0,0,3,1,0,1,16000,48000,3.0,a0d842957a76b1c562d720a985293f088e9fd2e3f52dc1610afe25a284fa9abf
0,0,0,0,0,0,0,0,0,3,1,0,2,16000,48000,3.0,d80f62dfdf037db2f0c1336b96ac975ee7cba470662a0e9744e0c4477fb90e50
0,0,0,0,2,0,0,0,0,3,1,0,3,16000,48000,3.0,a78fdae9c0b61278926ff9d4600f7d27ef788014e5d726fe7e06a95ae27b3e4f
0,0,0,0,0,0,0,0,0,3,0,0,4,16000,48000,3.0,66cb925afe2de5d30c33f9b5a7083f9218ef1222c0d7f5447f8ace412c76b7d5
3,0,2,0,1,0,0,0,0,0,0,0,5,16000,48000,3.0,77c3f8ce55bde2adadef70153845476a196944768e769c1201073d6e1dc85780
1,0,0,0,1,0,0,0,0,2,1,0,6,16000,48000,3.0,949e5bb517530c5c8330c9ba1efa6c9c343e3390f7b9183c8a29b5f900e8640b
1,0,0,0,0,0,0,0,0,2,0,0,7,16000,48000,3.0,51c481c07fbead13de139e975c9179c778206c73c17e286bbb081a6d4a0308ab
0,0,0,3,0,0,0,0,0,0,1,0,8,16000,48000,3.0,43c6882ae0857e5761605367d7b123f7ac44e22fe3a545a82d8d9f19e74f814b
0,0,0,0,0,0,0,0,0,3,1,0,9,16000,48000,3.0,20a154a08b705b9aec814f31e6259fcc543ea176a42df45fe3ec2f26a27dce67
0,0,0,0,3,0,0,0,1,3,1,0,10,16000,48000,3.0,df295bfb2ca3b7f591f46d06922519737064ab262a1c0f2e689529b3ac5438c1
0,0,2,0,0,0,1,0,0,1,0,0,11,16000,48000,3.0,65851c4e5ad8b73529077849b7b8957d02848f4485956d985aca1df5ff02af57
0,0,0,0,0,0,0,0,0,3,0,0,12,16000,48000,3.0,0e62a4e3148b583c79b783352852c8a8477104e32c706b968f81e0e585d975c2
0,0,0,0,3,0,0,0,0,3,2,0,13,16000,48000,3.0,673f7e2300298d69b93f62faa930f495fbaa24411dfd1a6c69e65b135dae1377
0,2,0,0,2,0,1,0,0,1,1,0,14,16000,48000,3.0,4cf196ae37e78f2adbe041a2188e52320f2ee143dce02439a4f26e834a076acc
0,0,0,0,0,0,0,0,0,3,1,0,15,16000,48000,3.0,7ef43585b98d1ebea65f59b04f6d131532b331d476d4b1e73b9012b5af171342
1,1,0,2,1,0,0,0,1,0,0,0,16,16000,48000,3.0,1656310508d49cb5cad94533832866c03d5d46c58fabc9d45585c6315a1e3492
1,0,0,0,0,0,0,0,0,3,1,0,17,16000,48000,3.0,a8930aaa1a1306d891d3511cfb999512e8fb2e1d361f6c4f9773d055eaa591af
0,0,1,0,0,0,0,3,0,2,0,0,18,16000,48000,3.0,c0c89068d016e223d57263591b8d5d86333651de609ecd1dbe01234d12363058
1,1,0,2,0,0,0,0,2,1,0,0,19,16000,48000,3.0,65b64fb200bdef7fd5ccaecd5f4f11996be6f98679236b43078bd0d721c2a8a5
1,0,0,2,2,0,0,0,0,1,0,0,20,16000,48000,3.0,93b0b79d839e56efc1a9a2784e3c350073d941242b3bd51ed8bdf3f33a237f06
0,1,0,0,0,0,0,0,0,2,1,0,21,16000,48000,3.0,b2a3aa0fcd428f86794615b6891b98344a6e857e559b793ccfd4f93170a02aa6
0,0,0,0,2,0,0,0,0,3,0,0,22,16000,48000,3.0,bbf9bd260356be0de86bc6848967b0d52aeb66d1b36f5f11922fcfad4595b796
0,2,0,0,0,0,2,0,1,1,0,0,23,16000,48000,3.0,1f4ec9a03340fc0fd2c79caaa6af1f4263d5ae669c915f9ca2a555be0dbc6c15
0,0,0,0,0,0,0,0,1,3,0,0,24,16000,48000,3.0,e4fad84f986e750dc7e815db3a960b9ec5ae82c2082d1873684b30268baf0966
0,1,0,1,0,0,0,0,0,1,0,0,25,16000,48000,3.0,cd49f10e5c0134b86571c3605f63b98ff4ce805e49af291d7546fc240e78ba5a
0,1,0,2,3,0,0,0,0,0,0,0,26,16000,48000,3.0,43019930ae01f874dee69f2a1bfc73c5e4ba5ffd3c63ef6116bdd24f45efe438
0,0,0,0,2,0,0,0,0,3,1,0,27,16000,48000,3.0,f9e5f3efe437baa8248b8dbfc762164b2f0696c62860225db20fa4d60176bfe3
0,1,0,0,1,0,0,0,1,2,0,0,28,16000,48000,3.0,673f62acc86969606f4cda5b67abd511ccb87df09fdffdce2d1bd1a6116bbe6b
0,1,0,0,0,0,0,0,0,2,1,0,29,16000,48000,3.0,9c6d2afae4c34631640491c3d938023938cfddcff34fc40113883ca4dfa702be
1,0,0,3,0,0,0,0,0,0,1,0,30,16000,48000,3.0,a456f09f28182b75322a7898dd1c5395cbeb306f7d495761739df8f70d156234
0,1,1,0,0,0,0,0,1,1,0,0,31,16000,48000,3.0,e474c534c59d8058e6d9db3e370720ae9de819a58d97aa266f00f3bb36a2a30a
1,2,0,0,0,0,0,0,0,1,1,0,32,16000,48000,3.0,d57fc568a8e8de859b571daa76012ccf699340ce8adbfdc9c322078b2ad42f1e
2,0,0,0,0,0,0,0,0,1,2,3,33,16000,48000,3.0,65147f2ec16db60059bf58c03d49ee21bfed18d20e793a96c9567b99ca6172bf
0,2,0,0,0,0,0,0,0,1,0,0,34,16000,48000,3.0,a6ad3f5f2320dcb0e3449be9f1f6204af5579b578acb746224defcc3a6980f84
1,2,0,0,1,0,0,0,0,1,1,0,35,16000,48000,3.0,5961f0648d8dfe52c8c96c60d4cd902009b857fb5f52b96e1dac954757d467ba
2,0,1,0,0,0,0,0,1,0,0,0,36,16000,48000,3.0,e458adef75d934dd583a99a055bf6424f68e9360e8b61efd89c1c8199f786dcc
0,0,0,0,0,0,0,0,0,3,0,3,37,16000,48000,3.0,c132f0e6654cc57b451f20251ac3d86f751378703b27fb2e0f1994c679f8d784
1,0,0,0,0,0,0,0,0,2,0,0,38,16000,48000,3.0,2c33507edb68208a162b52357fb5401273cecaac5bd7af57a061ec354ec58500
0,2,0,0,0,0,1,0,2,1,0,0,39,16000,48000,3.0,a76ee45465a8148091e10b54c1a468b8e6313fd1e2903c5672c31f21cdffe449
0,0,0,0,0,0,0,0,0,3,0,0,40,16000,48000,3.0,c4cfdf49b4c7e8e78f9416ac232464bf8a0c5f68bda5d7f941c1bf90d1851dbb
2,1,0,0,3,0,0,0,0,1,1,0,41,16000,48000,3.0,0d3fa4efd2aa9e50bad45dc0a5bf4af972e65f92f52773e4a23a2097fac37167
2,1,2,0,0,0,0,0,0,0,0,0,42,16000,48000,3.0,c447ccf2a01ba32e95257353319e835e232da44ba1d80a7f3146c198c05e3713
0,2,2,1,0,0,0,0,0,0,0,0,43,16000,48000,3.0,6348700f43ef55ce053ec53b5a516337b6d37a8d5c0ca4781b1bf2f7c2ab20df
1,1,1,0,1,0,0,0,0,0,0,0,44,16000,48000,3.0,02d32dad9135d40e1b35b6854f9656857ec2f7d3543e8c1edd8a55a2135510cb
0,0,0,0,0,0,0,0,0,3,1,0,45,16000,48000,3.0,b902caca7a09b36cbe2d3f81f0505182e7aa040bb2c0907041d561d97d8f0d3b
1,2,0,0,2,0,0,0,0,1,2,0,46,16000,48000,3.0,8a37292c680ce2cebe2750aadf65a183555508d56c688460a8203c1fa68c563a
0,0,0,0,0,0,0,0,0,3,0,0,47,16000,48000,3.0,d1eeecbf7f63c49c8c5c0478842b716b8cd36ca0fc5becb7cb934e23916aae25
1,0,0,0,0,0,0,0,0,2,1,0,48,16000,48000,3.0,a0ccb44f745dd98dea785f49fbcacd5b4de65309d5c90a56e31f84944d0a31e7
0,0,0,0,1,0,0,0,2,3,0,0,49,16000,48000,3.0,f353d6fa8fce8754ee11c4de5feb4eba42e5d682904c9f4e7ada151ca865366c
0,2,2,0,1,0,0,0,0,1,0,0,50,16000,48000,3.0,a1821c8ca28999ea87bfe0e48fb5501c196a608202acba625f7799a7de5e3241
0,0,0,0,0,0,1,0,0,3,0,0,51,16000,48000,3.0,762a4190daa4214a3d0bc4cedb8c4ba93056a82bab6b07c32f9e10cf6f766696
0,2,0,0,0,0,0,0,0,1,0,0,52,16000,48000,3.0,4c375723ecf76a57efcbdcbce57455be1a865f649511ed02396038b0af5492a6
1,1,1,1,2,0,0,0,0,0,0,0,53,16000,48000,3.0,9a073cbb1bf6a2affa7ad3370ef4ca42feb5be66d38819dbf7e4061b633c22f4
1,0,0,0,2,0,0,0,0,2,1,0,54,16000,48000,3.0,c24271db6c99e44bf6e1b813d70a32a8e8cbe51e883b9e0e45fa9f49a03e7a2e
0,0,3,0,0,0,0,0,1,0,0,0,55,16000,48000,3.0,0b58a2d74f10bbd678b3ce0d293d6b6174641a986a7640d24b7e56c9109b17f4
0,0,2,0,0,0,1,0,0,1,1,0,56,16000,48000,3.0,123b44c1ab670c524a04d00df6d0daf516bfed4d4747e6a942388c4ea46a0e5f
0,2,0,1,0,0,0,0,0,0,0,0,57,16000,48000,3.0,ebcb2dd00685efcc66ed703997ce480e4059246e607f5b463268557fef0ea1b5
0,1,0,2,3,0,0,0,1,1,2,0,58,16000,48000,3.0,ce1d3739927a208a6342516c4abdd31343fc225cc9d1db837a104e7f1f155b08
0,0,0,0,0,0,0,0,0,3,0,0,59,16000,48000,3.0,91669d24639d6a31f99b6b8f1630fdfa77c38a6bbfedadd2e0c5896dff5501ef
0,0,1,0,0,1,0,0,0,2,1,0,60,16000,48000,3.0,3c2812484a3f4760055a58c508e2456140f65b32e566d00d29a723a0d0ad1979
1,0,0,0,1,0,0,0,0,2,0,0,61,16000,48000,3.0,b4862d50148630c3222225cf17c9329d96625ca6fe99e8bd6f9b9cb70efae08f
0,1,0,0,0,0,0,0,0,2,0,0,62,16000,48000,3.0,1540c1b08e058eb31eb817221dcf2ed90574d5aeaaf0bc0076994b141d7a2f31
0,1,0,0,0,0,0,0,0,2,0,0,63,16000,48000,3.0,eca55cd879c932165d6edb6a24d2c1e07a59d8d095b44c758aae8cbcc2d25081
1,0,0,0,0,0,0,0,0,2,0,0,64,16000,48000,3.0,b1882e608d34c3a2d08ffbb6bbc0cc3c484d0be82497e0a88cc05d5ebfe179c6
0,0,2,1,0,0,0,0,0,0,0,0,65,16000,48000,3.0,4342a13439ba38e389bb3a90202ed5c9727365392b04cc406c0ed69932cb02b4
0,1,0,0,0,0,0,0,0,2,1,0,66,16000,48000,3.0,694d8782299d141b0a3cb2e2fede00e35e2d105a0c60d2c151c8d3ac26058f78
1,1,0,0,0,0,0,0,1,2,1,0,67,16000,48000,3.0,3c8895c12e65649d95fc71a35f4dfca9f9d395f35b1441b53462ed118a57fb43
0,0,0,3,0,0,0,0,0,0,1,0,68,16000,48000,3.0,67aa1a9a7e171579b1a954eeb7ea9be2d4528ed61730806746cf10ba50f6d562
1,0,2,0,0,0,0,0,0,0,1,0,69,16000,48000,3.0,f0cafd21d660fb2103463334708268c908c120095bbecbfb912a7f3cb12f3ed3
0,0,0,0,0,0,0,0,0,3,0,0,70,16000,48000,3.0,a3d462033458cfca115c57837ae3d50b28f751ffae739959fffd4c0fc7b9276f
0,0,0,0,3,0,0,0,0,3,0,0,71,16000,48000,3.0,b69d4dab71f3e2ffe44be3ad98456c9fb61de626d83d73f9db2687b404dd54a5
0,0,0,0,0,0,0,0,0,3,0,0,72,16000,48000,3.0,04897819a029ed81f7df4689fc3eaa4e29495d50066be5fc8f8b3d87ea9ed870
0,0,0,0,0,0,0,0,0,3,0,0,73,16000,48000,3.0,a64913eb384d4368f702e62b09eccd297b4e408e2d11a57322a58a44ebf9868e
0,1,0,0,0,0,0,0,0,2,2,0,74,16000,48000,3.0,88d9168beabe596d1fb3a485b874169aa34673f19a605f213369e58869ece512
0,0,0,0,0,0,0,0,1,3,0,0,75,16000,48000,3.0,b7848955b085b2bd27fa9852eb49c059c55c9753ac997c8fee8bba6a53b1e586
1,1,3,1,2,0,0,0,0,0,0,0,76,16000,48000,3.0,3a997f93a33885270bce65a418ef970122ef9078900896215ea7bd6003da0484
1,1,0,1,3,0,0,0,0,0,0,0,77,16000,48000,3.0,cc2f2a6ec24af560f54b431831b856f329f471cd4c73200928966846e95ce9a2
0,0,0,0,3,0,0,0,0,3,2,0,78,16000,48000,3.0,b5afcf63c9e333fd475972329f043feda583d43bd60d6ebdd03b22d3be608f6e
0,0,0,0,0,0,0,0,0,3,1,0,79,16000,48000,3.0,293bec07c726e4ea0790a71b7a1ee52b035a7d4a3466fa92e8b2545d8fdc8ec9
0,2,1,0,1,0,0,0,0,0,0,0,80,16000,48000,3.0,7b77b8b8014a8ce6e1ce7dd891db926fae6261148a48423b5e55f05cea472ef7
0,0,0,0,0,0,0,0,0,3,0,0,81,16000,48000,3.0,c200d06f7b3f2a218d9fbee2c2a5fa1c6dd8f0ada373174c4a83e0a06c370b90
0,1,0,0,3,0,0,0,0,2,0,0,82,16000,48000,3.0,3531bb0483632fad62b7db86d0968c64241753fe40076e5399837dccc8853c83
0,0,3,0,0,0,0,0,2,1,1,0,83,16000,48000,3.0,c7ba8f1ef514240924a4b6cc8cb6987aea57145e23775a65389740b3baa5b671
0,1,0,0,0,0,0,0,0,2,1,0,84,16000,48000,3.0,ab3d8bc2cd42b79ce4fbbaeedf3a94e62bde858ace800a991faaf2a56abd757e
0,1,1,0,2,0,0,0,2,2,1,0,85,16000,48000,3.0,ae9baff9ec991cf81b486d17bf18f6a988ecc9dc47f4256ab7186e2fa022a24f
1,0,0,0,0,0,0,0,0,2,0,0,86,16000,48000,3.0,85ac9f635a81759f209dc33f20c5fa053b4c5d4a8896115c9077904ed46f2ae7
0,0,0,0,0,0,0,0,0,3,2,0,87,16000,48000,3.0,2824985b3e28b24967bcdfd589ded2b820ddab043a76764e7dc28a4dc4664f00
0,0,0,0,0,0,0,0,0,3,0,0,88,16000,48000,3.0,e8c2aba84e27d8e89cfb1e44c48f5a9c32b575b0c6c871925eae4da24f5bf78e
0,2,0,0,0,1,1,0,2,1,0,0,89,16000,48000,3.0,8e9b4bb7b69ae2d7eff7e6b52f6f8cfe2211fccbe095bff9af206d36a2b122a5
0,0,0,0,1,0,0,0,0,3,0,0,90,16000,48000,3.0,5a01f302924afe99e253cd9a046aedcc0972e70fa37d6a440d55e9290e678ae4
2,1,0,0,1,0,0,0,0,1,1,0,91,16000,48000,3.0,77bf03e3681b28eb7845576e0a5e79fad94552e88147feb915cb60e3aea160db
0,0,0,0,0,0,0,3,0,3,0,0,92,16000,48000,3.0,5c1fa2c90c4f86ac65775ca290b245de769e8348daf7f46d9c78e98d18327dd8
0,2,1,1,1,0,0,0,0,0,0,0,93,16000,48000,3.0,60a35dcd0d6457d2aa9779848cb6d938bccd673b8d05fbb8afa4df774bd3c201
0,2,1,1,0,0,0,0,0,1,0,0,94,16000,48000,3.0,cf35b9cd35c0633393018b7b6413767ffad5c92e21eb760c6a375b73f2a7114d
1,2,1,0,3,0,0,0,0,0,1,0,95,16000,48000,3.0,fdf061fc7f346e2a7be27f44ff8dffe8e841caaf9ff5822e32ffd67c5db898b8
0,0,0,0,0,0,0,0,0,3,0,0,96,16000,48000,3.0,f713a458b380de55c6447f28160832f6121cd257e867b0bb33a93f1ff9e2b014
0,0,0,0,3,0,0,0,0,3,0,0,97,16000,48000,3.0,2e03b11a30a5a6297339c25e934edcb3f84b4ee39bfdc5543a8d75108f6f4e61
0,0,0,0,0,0,0,0,0,3,1,0,98,16000,48000,3.0,82a9aa4c1f04ba15eee36d4c8589643b60def8ffcd809c222f4ee06da507661b
0,1,0,0,2,0,0,0,1,2,0,0,99,16000,48000,3.0,21be2c141816907f66f4fa2d03dbb5a4b2a4b8ded4ce0b6040b12148ac46876c
2,1,3,0,0,0,1,0,1,0,0,0,100,16000,48000,3.0,19e34b8a8a34dd0cd3393738737dfbfcde7912082647ca72988fe05c2f3ace0a
0,0,0,0,2,0,0,0,1,3,0,0,101,16000,48000,3.0,2f8c71108599efdec8c4e8ef67bc0010f3fe5ccfa748128f0bd26109ce518d6f
2,1,1,0,0,0,0,0,0,0,0,0,102,16000,48000,3.0,6a443c6f5a6b5201e76c5c5e96076d6e26838821e6b30f6b566bf00528a16941
0,1,0,0,0,0,1,0,0,2,0,0,103,16000,48000,3.0,11158f17b448eb9f9add86bbd30a115e455fbdfdacd4f01cbfdee4d808cc0c99
1,1,0,0,3,0,0,0,0,1,3,0,104,16000,48000,3.0,4c51ae48934c792b51af6abea7eea7a7c24ab067648898abc7a5854967586424
0,0,0,3,0,0,0,0,0,0,0,0,105,16000,48000,3.0,87fcc5e988a5b56beb97a0cc4892e02dcf5c9565971aedcefab046ab013a1472
0,1,0,0,0,0,0,0,0,2,0,0,106,16000,48000,3.0,94df675bf4b9ac9cc96dee1a935224c970b0932b5021305ac369d88cd893aa3e
0,1,0,0,0,0,0,0,0,2,0,0,107,16000,48000,3.0,91c428a5d407b18be3c0b8ecd687c70b3ed64d9715fb5e3beeefded361043a73
0,0,0,2,0,0,0,0,0,1,0,0,108,16000,48000,3.0,dfaa697f8d81dd5e97569f50b8663a0dd7c9daf6a37f3200a2e086fa6094504e
0,1,0,0,3,0,0,0,0,2,0,0,109,16000,48000,3.0,8846bc5be9c35a7eb9c25ef051872a4ce3094882c5bf934be7a214f135f32805
2,1,0,0,0,0,0,0,0,0,0,0,110,16000,48000,3.0,5b5742305f41cccc1fa1eb93b870b14d321c9350d87a5eb136e4d8a7eaced301
1,2,0,0,0,0,1,0,2,0,1,0,111,16000,48000,3.0,74b11860bc385a9493c52714ca4831da7199cf134c5ec1c4a28034b012532d94
0,0,0,0,3,0,1,0,0,3,1,0,112,16000,48000,3.0,6d0e6f83b16f8f0b16db9f40fa2692050dbdf0c801c11c67220c6af174843fc2
1,0,0,0,0,0,0,0,2,2,0,0,113,16000,48000,3.0,96685c5f01869fb92711f4880ef69323c5028a5677069282606558b46cf9fae2
0,0,0,0,1,0,0,0,0,3,1,0,114,16000,48000,3.0,0460448f6e572047a16a6b27cf64eb75923049a86014b664e56722adf29965b1
0,1,0,0,0,0,0,0,0,2,1,0,115,16000,48000,3.0,930fae53a3bdb6e7ca5eda50c999e785438100412bf49dace98492e8df7c489c
0,1,0,0,0,0,0,0,0,2,1,0,116,16000,48000,3.0,621229f4d9201b4ceb99865e589d4d5cee57b0948a456924da090ee434507e6c
0,0,0,0,2,0,0,1,0,3,0,0,117,16000,48000,3.0,c7ede66db10ea99efa5c59b590c45dd2a2adfbda3e3e592963d7ded4e7abfbd3
0,0,0,0,0,0,0,0,0,3,1,0,118,16000,48000,3.0,15754ba3937a5de4e2d567634fd7f61ff1e0fcb10538122c281d23e48131ab60
1,0,0,0,3,0,0,0,0,2,1,0,119,16000,48000,3.0,0508a918a5082d49b04994c2ae84628b66093f89e41180b6c7a85217d7a4c151
2,0,0,0,0,0,0,0,0,1,2,0,120,16000,48000,3.0,24c8dd5cc8e90ece1528ccb67affa81e851070524ea3fa52a8171d3727d310dd
0,0,0,0,0,0,0,0,0,3,0,0,121,16000,48000,3.0,92513bc36b0c81c6f7241acce59ea163be6263c2e3b7e59a3b7f0d3273760dfa
0,0,0,0,0,0,0,0,0,3,0,0,122,16000,48000,3.0,22475f779e676c30c4e7ea673b316fc1fb931890a1a0fe1875a3afdac6f811b9
0,0,0,0,0,0,0,0,0,3,2,0,123,16000,48000,3.0,563e3e333d47177badfb617abe7c361c7550da785446f43bf9eb32b80957e960
0,2,2,0,1,0,0,0,2,0,0,0,124,16000,48000,3.0,fc9e780e34a0ac60cab07358cb70f986771f2a6eb9869ae6828d8047f2166d74
0,0,0,3,0,0,0,0,0,0,0,0,125,16000,48000,3.0,b516baf2e52c51ecd89f37e82a2fb0cbcc26bdb3a552c940ab406ebff39b321a
0,1,0,0,0,0,0,0,0,2,0,0,126,16000,48000,3.0,75961f1dc9156f67378687cf2706fda2dc9db27a88add940c77d44959e62438e
1,0,0,0,3,0,0,0,0,2,1,0,127,16000,48000,3.0,760a9ee6cd81e44659009a9b340d4d868146827459024a03effa82db72d1cf62
0,1,0,0,0,0,0,0,0,2,0,0,128,16000,48000,3.0,7a5c921088c2c68ce6e785ae157166e5e7fede9cc60bbec0b61028a14634460e
0,1,0,0,0,0,0,0,1,2,0,0,129,16000,48000,3.0,9505924c87be9798a8fd44166f88f11c5ec9c2d7598ac063162923a15e62657e
0,0,0,3,0,0,0,0,0,0,1,0,130,16000,48000,3.0,94beb441c08b0a7a80535aa52b32d8654a12f177ac716ff0c2c8f45e016e9064
2,0,0,0,0,0,0,0,0,1,1,0,131,16000,48000,3.0,00c8cdb0413034919e452e5e74a0db9dd1e7bcd51d242c01de6180e16ea9a40e
1,0,0,0,2,0,0,0,0,2,1,0,132,16000,48000,3.0,3c8f9ee68e212b93bb2c072039f85c476febc6f17ab664ab81a7af02c0bdc176
0,0,0,0,2,0,0,0,0,3,0,0,133,16000,48000,3.0,dc20fe302b4286793e3082ab1193b822a19fa21c42604a27a9038f9b40c2bd88
0,0,1,1,0,0,0,0,0,1,0,0,134,16000,48000,3.0,46d4f522b41b7d82e59189403e772005a0af2076c17039594471664ad2200694
1,0,0,3,3,0,0,0,0,0,0,0,135,16000,48000,3.0,038a8aedadd32529055003fad014778cb47996c430c76a9294ea201c719bbb0e
2,0,0,0,3,0,0,0,0,1,1,0,136,16000,48000,3.0,66c90cb94295754ad150b5351f2f01b4e68f148063c9544dd14bd998c54179c2
0,0,0,0,0,0,0,0,0,3,0,0,137,16000,48000,3.0,0ac4ae2306cc84562101ba35815d7eb47b0ea357791a46b7669333802aa83c92
3,1,1,0,0,0,0,0,0,0,0,0,138,16000,48000,3.0,a0535493ec407e02113fbd7b7e152ce3d616bed2b7036308daf0bbce4eb79b63
1,1,3,0,1,0,0,0,1,0,0,0,139,16000,48000,3.0,b7cbf17e8e00aa3d5652c624d5c0cead181903a64d36fea42937e926b72ea45e
0,1,0,0,0,0,0,0,0,2,0,0,140,16000,48000,3.0,b09d0bd9c55f85b2bf1e84f358043215127a408593efe24edc570d97d5dacdbe
0,0,0,0,3,0,0,0,0,3,0,0,141,16000,48000,3.0,3b7a54604819146741a51a72479b647369370bea654de436c22fc5933a483a9e
0,1,0,3,0,0,0,0,0,0,1,0,142,16000,48000,3.0,983aed9621912c13ad4616fd154e6f8ab374578d74d584e08ea2268ad1f59c1a
0,1,0,2,0,0,0,0,0,0,2,0,143,16000,48000,3.0,6662bd1c5b2f61f1adc07dbd592b2043148208727dcaf139fe430482685c4149
0,0,0,0,0,0,0,0,0,3,2,0,144,16000,48000,3.0,cb0d2aaea07075494037ab4063041cff71c2e6959f0303d7c4a09a69029fd352
0,1,2,0,0,1,0,0,2,0,0,0,145,16000,48000,3.0,b69dba538430c9629621943a947045e8cf7d3de3b23f5f1882ec413c9e8b0cc4
0,0,2,1,0,0,0,0,0,0,0,0,146,16000,48000,3.0,856651cfd83c556c522e9b4d7a344348b5e80538e5037b8f6b6923516c9207d3
0,1,0,2,0,0,0,0,1,0,0,0,147,16000,48000,3.0,f363ef0009cf45c8f9d33a4e5430b89b962242f76d918a26acf9dae2827e8f5a
0,0,0,0,0,0,0,0,0,3,0,0,148,16000,48000,3.0,d72ce24e06bfc9d5c47df378fc418bdd2b6556fa1f8f08db961c47839ef9c385
0,1,0,0,0,0,0,0,0,3,0,0,149,16000,48000,3.0,0a8065fce0c695bcf4c0d10089504c3883661581db856762f8c84286f101d175
1,0,0,0,1,0,0,0,0,2,0,0,150,16000,48000,3.0,2711ae51dd058848e6d01261c501fac82a7d4ce704078c98a29a3086b67e3044
0,0,0,3,0,0,1,0,0,0,0,0,151,16000,48000,3.0,93d82cf6edf08c97f6156e32750c1e8983d4ce4645004fc39480ad2b87ae4e3c
0,1,0,0,0,0,0,0,0,2,1,0,152,16000,48000,3.0,f2873b70e44ef7ba40f244403080cb7914def6c53fb0130b9f655e5b1fca8ebc
0,0,0,0,0,0,0,0,1,3,0,0,153,16000,48000,3.0,1266a3f96ad173cf103f445db39bb7bc6616b997843c271e0109f06d15dfedc2
0,2,2,0,0,0,0,0,0,0,0,0,154,16000,48000,3.0,f6c0f5cddc5ddefb893a59e3bca7f34fa7191e8a01ded5f877dad942d8d099ed
0,0,0,0,0,0,0,0,0,3,1,0,155,16000,48000,3.0,8617d9181d6dca309bb85503f2ebce60384e40eb9438eb044786c51aaa2e39e4
0,0,0,0,0,0,0,1,0,3,0,3,156,16000,40800,2.55,2748758a821f079bb0098ad96dc4129ac29401a2e677a0d13dc2961bc488c567
0,0,0,0,3,0,0,0,0,3,1,0,157,16000,48000,3.0,266e31186ade9ae4a29513662b0115e6d52232de2a603aad1e73025c1cb229a9
0,0,0,0,0,0,0,0,0,3,0,0,158,16000,48000,3.0,bb0827dccc547ebe356226763c823ad6a73c534af79502aff1b372a9e561e21a
0,1,0,3,0,0,0,0,0,0,0,0,159,16000,48000,3.0,31e5465bd9171419fc4b73a1325a4bfcd6db26d8f2ee3632de6e2a109195e165
3,0,0,0,0,0,0,0,0,0,0,0,160,16000,48000,3.0,f270d7398803c6baf451ca50b0245b38ac6d4af1be324063dc6da10b07e52174
0,0,0,0,0,0,0,0,0,3,0,0,161,16000,48000,3.0,eed82bdedc144b548ee775a76d10471ccdcf93a24410aa16580eb338a389ffa9
0,1,0,1,1,0,0,0,0,1,0,0,162,16000,48000,3.0,ac523bbcfca4321526296f2a14400196ea585474d0e26376f7b4669a96a819fd
0,0,0,1,0,0,0,0,0,2,2,0,163,16000,48000,3.0,69bbcbefee0b2c3cc469d0a586ceea5d1c444ac9d195d2bb6c6d8426978aec1d
0,0,0,0,0,0,0,0,0,3,0,0,164,16000,48000,3.0,1db2e1007a6266380e2ae9b3dba21b6a6ee2aaa493ce2db84c66623b0345972e
0,0,0,0,0,0,0,0,0,3,2,0,165,16000,48000,3.0,1fc0583a42c230e5aab8ce39193087d3015e148df6e258cf9bf07c117c8d196c
0,1,0,2,0,0,0,0,0,0,0,0,166,16000,48000,3.0,db6f7ea9d0394f75d3607710218af6266e2653084fa3ec5b18a5dae75892a735
0,0,0,0,3,0,0,0,0,3,0,0,167,16000,48000,3.0,64a99d2911384dd7babba2196fc8d0c73cef1d12b2068211681b5c83f21f9da9
1,2,0,0,1,0,0,0,1,1,0,0,168,16000,48000,3.0,6cc3fcd5acdc6624836b5a06b04215de8a82ae10f0e276e2d57b21d2ae7d2d53
0,2,2,0,0,0,0,1,1,0,0,0,169,16000,48000,3.0,2817a76c0b21886866fd5d793d1367f4c51642b87215b68a655704216ecd342e
1,0,0,0,2,0,0,0,0,2,0,0,170,16000,48000,3.0,c006ca4d2bc3b901927c82d29e509fd3e63a32a7c558ee3226d4d45d28d2d80f
0,0,0,0,0,0,0,0,0,3,0,0,171,16000,48000,3.0,af55da6728dcf0963af73d6a99ba979502ffbfa390c2acc0b9d13e571378bf89
3,0,0,0,0,0,0,0,0,0,0,0,172,16000,48000,3.0,1ce418f29698635d33f47250756c2ae5260b7bb8ae7ebb09c71dfe7480e5fade
2,1,0,0,0,0,0,0,1,0,1,0,173,16000,48000,3.0,016cbc6459739acb229a37242f31a212008d5c4412951882bfc1170b5a02b5f1
0,3,1,0,0,0,0,0,0,0,1,0,174,16000,48000,3.0,9da8787c032cc26c8ed6e9b2e9b885591e01676eb368e73071a3f27ad8fa496b
0,1,0,0,1,0,0,0,0,2,0,0,175,16000,48000,3.0,0b28d27f017047a4197259ea631a807d59b859c705955caf9515f577bd9c49b0
0,1,0,0,2,0,1,0,0,2,1,0,176,16000,48000,3.0,0891d3c03246c0eba97170cf10e9cb7001cd7a81acc527a934364ebbb569a604
0,0,0,0,0,0,0,0,0,3,0,0,177,16000,48000,3.0,dbb9ece6190c14773fee3ac3fd34e745dddcb7dae95734aa580c3cde3af3489e
0,0,0,0,3,0,0,0,0,3,1,0,178,16000,48000,3.0,5d4c2cb1cc2a9efb9218f7622846cf2eba9b9a973f60c14848871dddd5b56abd
0,1,0,0,0,0,0,1,1,2,0,0,179,16000,48000,3.0,053aeb22c6537e8dca1afdc938d5ca1d6d41f154f0b38e95a3dd24a15639b20c
0,1,2,0,0,0,0,0,0,0,0,0,180,16000,48000,3.0,797c5679a5d76abd98339b87fe7403a33136eeb708b9388cf1d92e0c7131279c
1,0,0,0,3,0,0,0,0,3,0,0,181,16000,48000,3.0,fdd4598d57138568e9f705c71dbb4883f6c030050462b4781e31cf7fea14dc7a
0,0,0,0,3,0,0,0,0,3,0,0,182,16000,48000,3.0,f6bf9cc9303f8610f19e368b3554e27479c3a6eb0314be3396bfb3da1cf63080
0,0,0,0,0,0,0,0,0,3,1,0,183,16000,48000,3.0,573048837ad0356f734d45e501ed6a14031f33c93e3a50ad3a2ac5f054dbc5ad
0,1,1,1,0,0,0,0,0,0,0,0,184,16000,48000,3.0,bb63fbb9a52df49a95445670ac30687bb9ff3e08c0d7d060ce6269ae0e3246d8
0,0,0,0,2,0,0,0,0,3,2,0,185,16000,48000,3.0,8cd222ecd078292754a30f56ed3c18c82c20cae1e8d71486a950dfbf51f9255b
0,1,0,0,0,0,0,0,0,2,0,0,186,16000,48000,3.0,330c28886c4379fd8416d552561a36e2d90fefbe2038bbbb10358a8d0cfb546c
0,0,0,0,1,0,0,0,0,3,0,0,187,16000,48000,3.0,e432fed7247ae12f376d888625aa42afa59f134176fbc92e7a3ab945f52ed5f8
0,0,1,2,1,0,0,0,2,1,0,0,188,16000,48000,3.0,dd90e304593513932e34647bd0941611bee1808fdb3b19e61752ed29f0134c38
0,1,0,0,0,0,0,0,0,2,2,0,189,16000,48000,3.0,67272a5a5ef45ec9a3e9475a5fbefdf3d439e60e6402a68b634eca9a32db35a1
0,0,0,0,0,0,0,0,0,3,0,0,190,16000,48000,3.0,23e5d468becd41f1a0f4d546d08780695a9f6c2d7debe6e7fe1bd1360cd628ea
0,1,0,3,0,0,0,0,0,0,1,0,191,16000,48000,3.0,7b9817400d91ce34f92c73fd980a1fe00f6da36ba610e37a85c80a232bdae06d
2,0,0,0,0,0,0,0,0,1,0,0,192,16000,48000,3.0,912cd7075a4ff9886188ebcada11645999452a49954f34f80083be16ef65ee00
2,1,0,0,0,0,0,0,0,0,1,0,193,16000,48000,3.0,47defa87bab72fe50b8d563dc1972f60c7cdea5e45008d347c000bb9acbe0fef
0,1,0,0,0,0,0,0,0,3,0,0,194,16000,48000,3.0,df5c5599535fa6716fedabc1915959ce78f2a055be216839a2dbb8117b4dbfc9
0,0,0,0,0,0,0,0,0,3,0,0,195,16000,48000,3.0,94eb2cba810f0040eea556f6403f091908970ac37427a4abc5ac9a47cd82de9f
0,0,0,3,1,0,0,0,0,0,0,0,196,16000,48000,3.0,eb41fd38dd2a6b6e09da6020a5cb24eee6e5bda7f43d5ae59c1cb36e410610d1
0,0,0,0,0,0,0,0,0,3,0,0,197,16000,48000,3.0,9cc132ef64381a5366e6c392f67a76d3db56b1b1cee4564d58c12ad65693ac7a
0,1,1,2,1,0,0,0,0,0,0,0,198,16000,48000,3.0,0c4650858669aa880ac2b27bb8a98a188d24b747f0fed77b0160fdeb147d7e96
0,0,0,0,0,0,0,0,0,3,2,0,199,16000,48000,3.0,f80aba83e226cd4a983361e441c287fb3e05d4f88940da68099cde232c20d806
0,0,0,0,0,0,0,0,0,3,0,0,200,16000,48000,3.0,1fd101692929bddf2b3e51241f1d8c18ec49d3414a8b7df2989a977f8eb26c78
0,0,0,2,0,0,0,0,0,1,0,0,201,16000,48000,3.0,e2e59360644089772b5c4af1d41dd23120e8de14cf2f328820d67619c86d91e6
1,0,0,0,0,0,0,0,0,2,2,0,202,16000,48000,3.0,6d9d6e8a3e83b3031793e1a055de213fd3648ee1bbef16cad85d4d60cc8e365e
1,0,0,0,3,0,0,0,0,2,0,0,203,16000,48000,3.0,aaa1d0f489ad6a01185e001b81d60d963cff48a7187af29d9d903c93477c7df5
0,0,0,0,0,0,0,0,0,3,3,0,204,16000,48000,3.0,18b03c37ddae1a421b830e4c0c3e0a8ab909f0d00fbf066393fc39c2898ab041
0,1,0,3,1,0,0,0,0,0,0,0,205,16000,48000,3.0,52563ecf2307910f0b684d3a0bd306438424e9405d99aa12af52ba2f7bd35592
0,0,0,0,0,0,0,0,0,3,0,0,206,16000,48000,3.0,be098e9ea6eb42deaf61c00a0c0b26dd1ac452bfd44c48236108ede9292f34b1
0,0,0,0,3,0,0,0,0,3,0,0,207,16000,48000,3.0,bc771da9033df2eac8c6ad1204d47fdd23ec0ac0975ef4b6655c44aecc72f312
3,0,0,0,3,0,0,0,0,0,0,0,208,16000,48000,3.0,d3049bd00ffa35369abe6d8e63c0f3ab764f9daf817642f7bcfa18371a7e7c1a
0,0,0,0,0,0,0,1,0,3,0,3,209,16000,48000,3.0,fb1213b4272d6f14042dd7e597cfe0aa3ed6763d61fee4e408472306988a113a
0,0,0,3,0,0,0,0,0,0,0,0,210,16000,48000,3.0,7c3baf2dd5c89e2e2ec79a9cc61cb22c4a4ef401213d5f6fe299d6b7b74dfda7
0,1,0,0,0,0,0,0,0,2,1,0,211,16000,48000,3.0,91152823aeb7ee7ef3a6f3a836951a3ce43976ae61e896e083d596fa89372082
1,0,0,0,0,0,0,0,0,2,0,0,212,16000,48000,3.0,71281a0a47e4dd68e350e7009c8e0f3e0a35688838ec6487653d9caba1834d59
0,0,0,0,0,0,0,0,0,3,0,0,213,16000,48000,3.0,c99d4ed40df9c087a379b39f9e22e75d676c0cacf7b938adfd88ca1861009c4d
2,0,0,0,0,0,0,0,1,1,0,0,214,16000,48000,3.0,98bed62dbb42bf94a759ec1924e1060caffdb8d1d5863af323c7e14e81496cf8
0,0,0,0,0,0,1,0,0,3,0,0,215,16000,48000,3.0,2e9cb7f22c499af6e44db1c537b8f9da5353709a4e2366ffd30abe03b1cad75d
0,0,0,1,3,0,0,0,0,2,0,0,216,16000,48000,3.0,90d747ea6792765d7fdaa1212a5b4aff4a1d5ba30dc97d651f09527acac8acf8
2,0,0,0,3,0,0,0,0,1,1,0,217,16000,48000,3.0,bbcb23c190a25d5cf76719685513ffa598ab2b1e6e155cac128422b052f05fb0
0,2,1,1,0,0,0,0,0,0,0,0,218,16000,48000,3.0,9417768ee92dd8afae48de1817b09c5531e489f56d98d8ccc94648cc2560a8a2
0,0,0,0,0,0,0,0,0,3,1,0,219,16000,48000,3.0,cac2c06947e4de90c2dc2af3694806ede06c39cfe1cb1cfd7aa6cb8561a1be17
0,0,0,0,1,0,0,0,0,3,0,0,220,16000,48000,3.0,18c2e65f8c6db7a2c26030d4cad3f7e91dcd5eb0f9049750591db69b56ceb0a0
0,0,0,0,0,0,0,3,0,3,0,3,221,16000,48000,3.0,2b139d16b363eebda80b51d13a44159622c03884e5ea2cf82906da57626e484b
0,1,0,1,2,0,0,0,0,1,0,0,222,16000,48000,3.0,94fe329a7aa4413a28808dd6ec79b8c8283efb030d8d11d444dd5ef8266b75bd
0,1,0,0,1,0,0,0,0,2,0,0,223,16000,48000,3.0,271fc1a26bcffe714836495fbab601579f469bcbf4a0d934ce7083774b1baa6c
0,0,1,0,1,0,0,0,0,2,1,0,224,16000,48000,3.0,f4cf35874e5080780f7184cb106c75a6d23ce00567049902197228db13022a80
0,1,0,0,0,0,0,0,0,2,0,0,225,16000,48000,3.0,1779db077f2868966a1aa45fe73e5ee0d7d6b79294b2b578a263a33e12df15b4
0,0,0,1,0,0,0,0,0,2,0,0,226,16000,48000,3.0,6d7998dbe2797f232d8381f4af9f52cf54da43dde5b192439a92636077cf4477
0,1,0,0,0,0,0,0,0,3,0,0,227,16000,48000,3.0,400fe8f1fd662ef1cb352d0c122be6f7f645d6aa861079917550bb8286a7a74f
0,1,2,1,1,0,0,0,0,0,0,0,228,16000,48000,3.0,c5abc2c9be4538945155dc5cc886457e3a2b6e38b0f2e16b33157089d1d60e66
0,3,0,0,2,0,0,0,0,0,0,0,229,16000,48000,3.0,2b3fc049f9cf77c497be4286ab512d68eaad2518efccfd60d5ea9cba07c4499b
0,0,0,0,1,0,0,0,0,3,1,0,230,16000,48000,3.0,542a774e57775aadc5825020d0eaf9ac103a52331b4967762731ee010b854db3
0,0,0,0,0,1,0,3,1,2,0,0,231,16000,48000,3.0,1fc0c5981df50cb806eaac112e56797df015206ea5a6f61ad7ec08389bbc5ced
0,3,0,0,2,0,0,0,0,0,0,0,232,16000,48000,3.0,a51a390b77a3f385828fc72bcb61fd217832580b72012a41903b58efbf9ebf34
1,1,0,0,1,0,0,0,0,2,1,0,233,16000,48000,3.0,19297013dcdfd2a6ff20a826181f5d20cc9f52fd17ad8dc2c9746317c3e8bd02
0,1,0,0,0,0,0,0,0,2,1,0,234,16000,48000,3.0,398d3f046260b81e51604483314242630837bb7000232ef32a3521ebe4746865
0,1,2,0,0,0,0,0,0,0,2,0,235,16000,48000,3.0,b6acbdd8a9fa880155710111518c183d270e4739a101d585d7b9864c20f17aaa
0,0,0,0,0,0,0,0,0,3,2,0,236,16000,48000,3.0,6802967a0f7a7813caea47042ed795f867f3e795da08f5da778223b9ad54b5b3
1,0,0,0,2,0,0,0,0,2,0,0,237,16000,48000,3.0,6d7e1361b437b1d80d8f52c041fce32f6ad39583c5787de674ae6c1c7c100f44
0,0,0,0,0,0,0,0,1,3,0,0,238,16000,48000,3.0,b3a4ce8c5da849cf99da6436d16bbab239093a4e31a99e4ffd94abb373bf52b7
0,0,0,0,0,0,0,0,0,3,1,0,239,16000,48000,3.0,9ac5abd578f910ef00cc8301fd921a966a65714cb1ee167c75d0e3ddae6de3d9
1,0,0,0,3,0,0,0,0,2,2,0,240,16000,48000,3.0,8352c98fbd130ea654c19476d463d84bae2e082147dcc31996568b07a791c106
0,1,0,2,0,0,0,0,0,0,0,0,241,16000,48000,3.0,b9c52581afe3e50e45e16bf60d8a608cc41092281b83311251b4933154d95cbf
1,0,0,0,1,0,0,0,0,2,0,0,242,16000,48000,3.0,d87db7bcd8ba6e62290adb5a6acef3b9a5246b5f291f2dad7481e8c612b37773
0,0,0,0,0,0,0,0,0,3,0,0,243,16000,48000,3.0,d405e779907769f9b80bafccb4089b1299cc5bcde722da65f3ac9d3fb220891a
0,0,1,0,0,0,0,0,0,2,1,0,244,16000,48000,3.0,f75e83fd3500a3bb01a24466155ee8172cd458a88e6a5e7b94e458995df83a30
1,0,0,0,0,0,0,0,0,2,0,0,245,16000,48000,3.0,4a9ccb8f4aea5c5317adf132fe3e719f41b32de81a06ac87261929e49b293850
0,0,0,0,1,0,0,0,0,3,1,0,246,16000,48000,3.0,b9145a98dee357cf30e12aad9be1c1dabb8677ab094a013b87440589d80a486c
0,0,0,0,0,0,1,0,0,3,0,0,247,16000,48000,3.0,dd7754e705832c8221f02180217c30aef6b15270e8135969beacfc5e714a9b0e
0,0,0,0,2,0,0,0,0,3,0,0,248,16000,48000,3.0,94dfaeef7c3050bedfb0c3d3af53efd3455d470bb9ec152a688bccc3c7319a47
0,1,0,0,0,0,0,0,1,3,0,0,249,16000,48000,3.0,fbc173dfbf541c2868270704d3a14c51578101bae44ba321b161dcd10b9b2cc0
0,0,0,0,3,0,1,0,1,3,0,0,250,16000,48000,3.0,031708924e8f49528fd7feceeb600fa59310de54fdb602614b1a98db044e0851
0,2,0,3,2,0,0,0,0,0,1,0,251,16000,48000,3.0,a7b12b445b3d69076787b1ecb9c3009aeb661d4b51de5423ab7e32069b2a965b
0,0,0,0,3,0,0,0,0,3,0,0,252,16000,48000,3.0,c518105425af346fbdfa266d0a45bdac3293b030af20b13b78fdf38b6d6b59cb
1,1,0,0,1,0,0,0,0,1,0,0,253,16000,48000,3.0,3972bc9174b8f7770964671f91db7309e51dbd13ba913b2907df73b72e8bfc79
0,2,0,0,0,0,0,0,0,1,1,0,254,16000,48000,3.0,4a7771a27fde5a50815a57ee44185031f4c3c89733ca8f2fbe32d7393d205709
2,1,0,2,3,0,0,0,0,0,2,0,255,16000,48000,3.0,3aaf2b32616de9836331219a30a05e0c64cfc1a2fb61a3d0a726ee3f39434dfd
0,1,0,0,1,0,0,0,0,2,1,0,256,16000,48000,3.0,8fd2b6774079ad3840b2ea76da5c540b484713d7edaad54e48f282e8ed57c708
1,0,0,2,1,0,0,0,0,0,0,0,257,16000,48000,3.0,d0d378ac669d2830f6b28fcf67bfbb6ee3ec57064086eda81b3cf79bc637b8e7
0,0,0,0,3,1,0,0,0,2,0,0,258,16000,48000,3.0,6a0a45795a30fc6bb4e75003265c8f4583e527b9648e9a33e7a1026c106db196
0,0,0,0,0,0,0,0,0,3,0,0,259,16000,48000,3.0,9be4e01a29e3e85722095a11d954839eaf613be7129e41fc8ae2a1d421572906
1,1,0,0,1,0,0,0,0,1,0,0,260,16000,48000,3.0,5663640da2cce40d7c236a5ac3633768fc68210338e34fe65dc4fb7652c54c7f
1,1,1,0,3,0,0,0,0,2,0,0,261,16000,48000,3.0,1098c73cf4f2b4062332ba5a49f32a16e7474c80f6c287dde5fd1748c57e36c6
0,0,0,0,0,0,0,0,0,3,0,0,262,16000,48000,3.0,995bb548b9608ecbf4ce3921c6b56206855f3c4be20774e34977b34e11e50cf2
0,0,0,0,0,0,0,0,0,3,1,0,263,16000,48000,3.0,5abb0a9359f1ded0893e23166ab59e4e35a93e791ed2b75fcb18c54f6e25cbc1
0,0,0,3,3,0,0,0,0,0,1,0,264,16000,48000,3.0,b0df09bf06b4b13136b2317064f5707dd650aca4d029161a2d4ee212a7567632
0,1,2,2,2,0,0,0,0,0,0,0,265,16000,48000,3.0,bc073bf61218c4b067a212500b5cb03cd53fdfef6c5650268651dec5298ee9c3
0,0,3,0,1,0,0,0,1,0,0,0,266,16000,48000,3.0,74bb673721d513e80fd5ed08b8309f0eab982cfd1dbfed57ece023fdc45cd968
1,1,0,0,0,0,0,0,0,1,0,0,267,16000,48000,3.0,c02a632cfb500e0383d9fb25967baa7eb4d7c4075e17acccfdf6ffc5fcef5a1d
1,0,0,0,0,0,0,0,0,2,0,0,268,16000,48000,3.0,0f221e48c803e4124a3b60d0f4d52a9b3364db17d85ed5658dc9243c0b43bb28
0,0,0,0,3,0,0,0,0,3,1,0,269,16000,48000,3.0,e567c4b7346fb38c59345198ce82ab622d7c2010f99f39697709484b1d669078
0,1,1,3,3,0,0,0,0,0,0,0,270,16000,48000,3.0,47905aabd2b0cd599166a003c70ff62d5196381222de6d3c0128f86dba4e451d
0,1,1,0,0,0,0,2,0,2,0,0,271,16000,48000,3.0,1818cdb347d0a87d801d9cf0c26aceb03501c887a8a2f64e18868ec215384bb4
0,1,0,0,1,0,0,0,0,2,1,0,272,16000,48000,3.0,92915cd71c87568da2e4cbac456f8f285ecb65ae2cca8716136407ccdc81f5a1
1,0,0,0,0,0,0,0,0,2,0,0,273,16000,48000,3.0,0f203b236bcc9a19828daf2a7f25a53a8218e9e5a82774efa0d9992104540321
0,1,0,0,1,0,0,0,0,2,1,0,274,16000,48000,3.0,bd468fc4713dcff2eff93716090f298b8584d92084919eebdcf6126c04040aa7
1,1,0,1,2,0,0,0,0,1,0,0,275,16000,48000,3.0,9c94c9c901ae765201d15b9751b5c123bc93bc670174644554453e038c8fad0c
1,0,0,0,3,0,0,0,0,3,1,0,276,16000,48000,3.0,50eba4f5fab1bcff344a4a3b54652c5db9b9eee9287197e26736f5cc67bff799
0,2,2,0,1,0,0,0,1,1,0,0,277,16000,48000,3.0,adfe1ecd170e44ec37fd9889218cf76ad0d2a044439058bb748a4932f2e6c411
2,0,0,0,0,0,0,0,1,2,0,0,278,16000,48000,3.0,6c42063099dcfa93bbc90ee582ff54ae3be6d92c39998f173ecf668eae224b42
0,0,0,3,0,0,0,0,0,0,0,0,279,16000,48000,3.0,055a8986a91bf07b79267938d5130b420508927b7beaf618ed67d70ff5115c55
0,1,0,0,0,0,0,0,0,2,1,0,280,16000,48000,3.0,191289e43dda938651fc455a75992dcbca1e6f3b91646961b3c8bc65ac1807b2
0,0,0,0,0,0,0,0,0,3,2,0,281,16000,48000,3.0,eb1a68f6cda49a2175013b7d7b7da8e6ca77890b579b07703febd0325e10de1c
0,2,1,0,0,0,0,0,0,0,0,0,282,16000,48000,3.0,5ea8954fb2970fe63b31f1d2d55b2df024bc1afe95df843e21d6eb10b76418fe
0,0,0,0,3,0,0,0,0,3,1,0,283,16000,48000,3.0,584144bc1bc93fa4c3f9703506d12154eaa54fbd1b160ce0c1c857157506f2f2
0,1,0,2,2,0,0,0,0,1,1,0,284,16000,48000,3.0,849286885852a9d2414a66826aa86e111f7326647457bfc7b92a468d0edb4192
0,0,0,0,0,0,0,0,0,3,0,0,285,16000,48000,3.0,80f7cf3df7742ac179d92abc3990a2ab3b49ac3b758f90595b8b4db4a0651ec4
0,0,0,0,0,0,0,0,0,3,1,0,286,16000,48000,3.0,0af488e6ed12fe764d645b2400af066c577b04f2636e8c3057a17b978778fd4c
0,1,1,0,0,0,0,0,1,2,2,1,287,16000,48000,3.0,c7b9377ac18720c576f0dc16b88ef8e0ed162251ad7284cb10869c97a2e26252
2,0,0,3,0,0,0,0,0,0,0,0,288,16000,48000,3.0,58798db572b8d3c2acb9b3f153dbc3862b9971f5b2d9102d8cad900e6030ff44
0,2,0,0,0,0,0,0,0,1,0,0,289,16000,48000,3.0,ace00342eb3f80c175b72eb477f5bce85fec9114dc4d7fecb2340535b5872fd4
0,1,0,0,0,0,0,0,0,3,0,0,290,16000,48000,3.0,3130ffb9a08247db55a37d5f2a5876a43f50e7682b8523917eba80a9ea4857b3
0,0,0,2,1,0,0,0,0,1,0,0,291,16000,48000,3.0,f31e449263d6b1cda41c33d4f30af88c13862c09d1b274d3a303930e53344415
0,0,1,2,2,0,1,0,0,0,0,0,292,16000,48000,3.0,0bd0458094423d11a351d7acc6fec54896431c08282af5f79821ccaece82075c
1,0,2,1,1,0,0,0,0,0,1,0,293,16000,48000,3.0,b08694816951eaa0555d3e74538f6a5d7a13d55ff254494208df1e535863545f
0,0,0,0,3,0,0,0,0,3,1,0,294,16000,48000,3.0,162c8166ccfcb6ddb2fcebc26b7fef102bd433fec42cdeb918f89584d8f6d36d
1,0,0,3,0,0,0,0,0,0,0,0,295,16000,48000,3.0,fe007e4c866557f2a6f992c456252891b53ba0b3f45d921c92f0c614ee8e3197
1,1,1,0,0,0,0,0,1,0,0,0,296,16000,48000,3.0,63807f50d75747c8f97ebbbcaaf5eef3e059296085e5d170114511c54185087c
0,1,0,0,0,0,0,0,0,3,1,0,297,16000,48000,3.0,3928bdbaa10b02ecd520dc6d1ab26ff6fec4292fe81a5d29bf8d5a5d72c7030d
0,0,0,0,0,0,0,0,0,3,0,0,298,16000,48000,3.0,95ee22f7429a96c05ad7d46c8d20686f0de2f5fffa53c57fb11d36c2d7b5aa6b
0,0,0,3,0,0,0,0,1,0,0,0,299,16000,48000,3.0,8229dbc739d34c0d57fa5517cfe740a2bb3539931d47a9ceb827a0614d4d1cbe
2,0,0,0,0,0,0,0,0,1,0,0,300,16000,48000,3.0,282c66f9f428ba0213be8d8f4cb4e9937eea0b0d5b528a713270f2799094a7df
0,0,0,0,0,0,0,0,0,3,1,3,301,16000,48000,3.0,87282cf6bbb60efc17a28c6fae8858c583c263dd5e954ef6593201ace48e2c92
1,1,2,0,0,0,0,0,1,0,0,0,302,16000,48000,3.0,41e77a0486adfcfa21e8be922b7489243d426a4a7278ca6837f09afa2476a5dd
0,0,0,0,1,0,0,0,0,3,0,0,303,16000,48000,3.0,61c84c5db01b5a1f789aa16fe82fb46153d837fc801c39137307a9105ed32597
0,2,0,1,1,0,0,0,2,0,0,0,304,16000,48000,3.0,36c87cd05b6ff24a25c0bd59b845b37f656097898efb1cabcc9dda09a879221c
1,1,0,0,0,0,0,0,2,1,0,0,305,16000,48000,3.0,c0dda50bf459230afab93069a094270b11129c877d49c04d02cc3e3e4cbce27b
0,0,0,0,0,0,0,0,0,3,0,0,306,16000,48000,3.0,05f9fcc7494b23e2a876639c6c5f6d3c3a437f47513a7629690f35e1113ea799
0,1,0,0,0,0,0,0,0,2,0,0,307,16000,48000,3.0,89708849c249fff12aeecd1c5e5a46f4f42d29cfe77aa2f6c5b5fb5daad4e6e1
0,0,0,0,0,0,0,0,0,3,1,0,308,16000,48000,3.0,08e68d432c6e081cc7a91a8edd26ba01ca768891f6edae8825aaa5825a89fd46
0,2,0,0,0,0,0,0,0,1,0,0,309,16000,48000,3.0,bb3bb088769775588b84386b2b73a753ca8e4dd09eec5b5fbfcc380c33a39dec
1,0,1,0,0,0,1,0,2,1,0,0,310,16000,48000,3.0,68203411c748372bd1a613db2b679f7a52d8f8bfd70b599e8a60c3f198bce4bc
0,0,0,0,0,0,0,0,0,3,1,0,311,16000,48000,3.0,a1efbce68fc876c8fb0d5bcc70b8b587e8f48acf082c3db179d245a17f3df872
0,0,2,1,1,0,0,0,0,0,1,0,312,16000,48000,3.0,9c11cbe34d996d203b88daffe2bbbf6e4fe48242c36c54d5e754570474dffdea
0,0,0,0,3,0,0,0,0,3,0,0,313,16000,48000,3.0,b02acef6b2dee85346c0b6ace30bfe40f1969bf61921974389fb031bc5c763a0
0,2,0,0,2,0,0,0,0,1,1,0,314,16000,48000,3.0,3a716bf7306868201cd14e6ee3740e00383d8d05822fc2007bdef51dcdeecb64
0,1,1,0,0,0,0,0,0,1,1,0,315,16000,48000,3.0,98458f89056f90fab5b06851159a1dc18a6552e779e5e3ca556e33b0d4ea5adc
3,0,0,0,1,0,0,0,0,0,0,0,316,16000,48000,3.0,117c95afeec3ff96fc08804e46b249d6aad254c01369ac68ea698b32e32adf64
0,1,0,0,3,0,0,0,1,2,2,0,317,16000,48000,3.0,4f51306a24e7eef4bafa91497d2e4872de5d44eb73fbdf0ec6cf83d5aba52bee
0,1,0,0,3,0,0,0,0,2,1,0,318,16000,48000,3.0,b5d1b01654e05339de5a2cc40816025463e3663f9d5bfda91abb4c46d9fbf721
1,0,0,1,3,0,0,0,0,1,0,0,319,16000,48000,3.0,70cbaf0930217dc88b2b20fda90669de4ae3741eb222f4ac3e544b0c8bd99002
0,0,3,0,1,0,0,0,1,0,0,0,320,16000,48000,3.0,4f05b0279cfe774fc375e0b241ff1956aa38b64ebdd8993e400814ace1a1f8e5
0,0,0,0,0,0,0,0,0,3,0,0,321,16000,48000,3.0,5d0edc810f923e12464e28d72e6c14e9499d8a3dba01288fe8a353736ebdc0d4
0,1,0,0,0,0,0,0,0,2,0,0,322,16000,48000,3.0,5f0bc0ed892d209d2a70ceb041ce92e439956d98c8ced1fb89aa512653a0b725
0,1,0,1,2,0,0,0,0,1,0,0,323,16000,48000,3.0,7952ee8fc56517a2cdf33039f7773db7efc38094d958b28780aac75ff567624a
0,1,0,0,0,0,1,0,0,2,1,0,324,16000,48000,3.0,5e1b23f11da83fe21f527e6a1bf57bed87ea7fd38bd00f839db380e0c790b4f2
0,0,0,0,0,0,0,0,0,3,0,0,325,16000,48000,3.0,f360a1462b35054952a120f285f7f80fcfff697cf5846d24bb52f9034c034ec3
0,0,0,3,2,0,0,0,0,0,1,0,326,16000,48000,3.0,ff760fde36c063423c23c43ffcc9a96d85b0c997b301933fabeee4d92dd97e77
1,0,0,0,0,0,0,0,0,3,0,0,327,16000,48000,3.0,43da807208811020012c2bb07e630364960ab96c99d48ec8e40ede288705a1f8
0,1,0,0,0,0,0,0,0,2,0,0,328,16000,48000,3.0,db4264a9478e1397bb392e89fa07a62248fd403a6462ce8545a71db68a220a5d
1,0,0,0,0,0,0,0,0,2,1,0,329,16000,48000,3.0,fb47d2bace6d21014f7f47eec1ebf31014e173bbe604e677a6b5ab66f9dc5ed1
0,1,3,0,2,0,0,0,0,0,0,0,330,16000,48000,3.0,89c3eed913d7ca40641541b34d9dcd0eb84e16d4eee6f523ed353b3f593bae2e
0,0,0,0,0,0,2,0,0,3,0,0,331,16000,48000,3.0,aaf548991d6e615b41a5cebfaa38916bb508a2d49552fbbc0056c6073eebbe56
0,0,0,0,0,0,0,0,0,3,0,0,332,16000,48000,3.0,8fa2bfd05fdfc972ca62d9d315563e8314967324cdf5f895702e7dececf549e9
0,0,0,0,0,0,0,0,0,3,1,3,333,16000,48000,3.0,bbd6ce95c481e0c31ae85b4825662813a000f45dacfe223fb605d1d0039e97c9
0,0,0,0,0,0,0,0,0,3,1,0,334,16000,48000,3.0,c74fa5cf121d9c89c7ef5db1f2436e2039871977a19a87cde1beb58eff7d4119
0,0,0,0,0,0,0,0,0,3,0,0,335,16000,48000,3.0,356fe4ef89bb3bfdf14070b9bc7c0067797ba3ad58fcbacdbac4d929db5419aa
0,0,0,0,1,0,0,0,0,3,1,0,336,16000,48000,3.0,779408416b6f690ca786180c189937bea75ba9648b527b2f014d6a0d9cd5290c
0,0,0,0,0,0,0,0,0,3,0,0,337,16000,48000,3.0,c33bc2212d092ab077ed3ae43f01809108fa1cb1995894f8fef9f994d413577c
0,1,1,0,0,1,0,0,0,1,0,0,338,16000,48000,3.0,e7d5f2bf427c35b6021863d84305fa5d5fbf067b5fe6798f6c9675fda8c5c2a6
0,0,0,0,0,0,0,0,1,3,0,0,339,16000,48000,3.0,e84de0f25175a9ee49ddb209cb85547ade08e15401b5006ab753d0e894d5484d
0,0,0,0,0,0,0,0,0,3,0,0,340,16000,48000,3.0,149a3e58e7461d707cac19049af1b0c119c1b849ae17cbd7121a5304237ce1fe
0,0,0,3,0,0,0,0,1,0,0,0,341,16000,48000,3.0,4df09d2bc2e26a39f63316fb1a0428961b0391225b1ff1c96bdfa6231a7b5a4f
0,0,0,0,0,0,0,0,0,3,0,0,342,16000,48000,3.0,9b5ff766b1f2806a068b8cc55556d6222518d84262401a2452c79656fe5337f0
0,0,1,3,0,0,0,0,0,0,0,0,343,16000,48000,3.0,17333e6d48a5f2bc42de7ac4a7b3d26d5d439398601d9b0b0843453ade787b8b
1,0,0,0,3,0,0,0,0,3,0,0,344,16000,48000,3.0,74ec8c04ed52491d0c55a7f6495391419b1aa9e16891b587988c310f9538b625
0,1,0,2,0,0,0,0,0,0,1,0,345,16000,48000,3.0,862ff65f8a365363ee26b4568198489ac50a711eab6b0fb064a2e5668dfcdcf6
0,0,0,0,0,0,0,0,1,3,0,0,346,16000,48000,3.0,147293a5ea4813f19ffedd7986f518a9cf100c897019e837dacb2d6449409ed4
0,0,0,0,0,0,0,0,0,3,0,0,347,16000,48000,3.0,14c6133252b1a23b896fdf2c52ae4080a0b78ed143972dfc92cdd2f0efa21d34
0,1,2,1,0,0,0,0,0,0,0,0,348,16000,48000,3.0,710aab8448cb9caabda77635d44bb28418afe52c3b9352d71bea3367a1cf80d7
0,0,0,1,0,0,0,0,0,2,0,0,349,16000,48000,3.0,47dbe6a63f9dd2fe46fbb4ec2fefd2cfd8b64d0abbc2bf650f1d7e5cac8a52ce
1,0,0,0,0,0,0,0,0,2,0,0,350,16000,48000,3.0,77974fa31908c0373efc0c26754329dba5891d203bb5fe715c6c7c56fd6c5243
0,2,0,0,1,0,0,0,0,1,0,0,351,16000,48000,3.0,aef78aca23f86a5d4038e8698539e2b1fd1d3bc2ea0a4b18481177bf0e9a3298
1,0,0,0,0,0,0,0,0,2,0,0,352,16000,48000,3.0,4c7548c30dc5ce3c2ceee27a3288e8ab0a9b5b437667eaf9e4e6c44b78fc1499
0,1,0,0,0,0,0,0,0,2,1,0,353,16000,48000,3.0,a707e0b9eaa54ff29d6ba46bf36a1509f12edf9de671c19818a41ef3ef0bff8c
1,0,0,0,3,0,0,0,0,2,0,0,354,16000,48000,3.0,69456c951d522674aaca3a2c33e3c48aa770c529b3ae28c9dc9d09d0953b8d2f
1,1,0,0,0,0,0,0,1,1,1,0,355,16000,48000,3.0,c07d9e8bec9d77f0f312da0f2b13ff21b45b72bba05b456fceeb695ae314f79d
0,1,0,0,0,0,0,0,0,2,1,0,356,16000,48000,3.0,eed30b7cebfe925d2166a1b7aa5f6cf028f8abfd4feb539609042a159f0d5de2
1,0,0,0,0,0,0,1,0,3,1,0,357,16000,48000,3.0,c65ca64f7c6eb44b71896813e93ca0f712210e37d1c08e480500134f6ba3574e
1,2,1,0,1,0,0,0,0,0,1,0,358,16000,48000,3.0,59fa1b1af92070c1e2da34a8a89500ba1defcd60b8127582fc34eeb2d2fbe1af
0,0,0,0,3,1,0,0,1,3,1,0,359,16000,48000,3.0,b3eb9c4c13318522261efffcd892ef138c1bce6b04f667471cfc41f73c4a3d5d
0,1,0,0,0,0,0,0,0,2,0,0,360,16000,48000,3.0,7804c19b11b5467aec6e453132cd5f4ca1393829a32b78db3d0344d72482a967
2,0,0,0,0,0,0,1,0,1,2,0,361,16000,48000,3.0,1bec9f5f3041d2c6dbd5966dbec4b207507e363225d6fd0d7a882e4dcac81ee9
0,0,0,3,1,0,0,0,0,0,0,0,362,16000,48000,3.0,e4e3cb3c59e517ce611a7ebea46a626196ce67011d10301dc6754bd5b527c045
2,2,0,0,0,0,0,0,0,0,0,0,363,16000,48000,3.0,a0bd460b440bd1f56a47b66d73598bf44915aeb738b4fdeca535af981068bda7
0,0,0,0,3,0,0,0,0,3,0,0,364,16000,48000,3.0,fc5eb6289e637509af57554e3c0acdae52abc20664e9d1c972e021f42dc57207
0,0,0,0,0,0,0,0,0,3,0,0,365,16000,48000,3.0,b359aea981d3c596733c9ea61f9a6d3ec5650099e1e14aa811fe4830080468fa
1,1,1,0,2,1,0,0,1,1,0,0,366,16000,48000,3.0,5f1ee46fd1138c5069e856645f91c6d586801c2c1fad233da938441b59bf450c
1,1,0,0,0,0,0,0,0,1,2,0,367,16000,48000,3.0,cc4a8ced4f27acba9a861b002e0b8e81a2ce0cb08a3fd25179b2e446d013630d
1,3,0,0,0,0,0,0,0,0,0,0,368,16000,48000,3.0,3f4586a40220229783f062322943228aa25625f7b2602c944ad2de43389d0d1f
0,0,0,0,0,0,0,0,0,3,0,0,369,16000,48000,3.0,e3b485348120038edd1c84cbb92e0865c626029017dc051fd723803ec0d00f2e
0,1,0,0,2,0,0,0,0,2,0,0,370,16000,48000,3.0,263541965ec531f8663962f1215e6b9f77b4d6713e4f4b23790bcfb6a9de4286
0,0,0,0,3,0,0,0,0,3,1,0,371,16000,48000,3.0,5e51c12a2d32c04b76f284edb1b11f8bc5435e9ce9177707913b2016acd38ee7
1,0,0,0,0,0,0,0,0,2,1,0,372,16000,48000,3.0,6aa2fa0fcf279c0fcce58d6381ea6e193bfee98a861c6b55afe6df406f7aa0e4
0,0,0,0,0,1,0,0,2,2,1,0,373,16000,48000,3.0,3a6724aab193cc00586a94e637edcccf526093560977c410d955bbd79df7b679
0,0,0,3,0,0,0,0,0,0,0,0,374,16000,48000,3.0,1ec3910200e3783ee9fae92fbb368182a580ebfa749714b4fcef99315075b138
2,0,0,0,0,0,0,0,0,1,1,0,375,16000,48000,3.0,4475802393b9053fd1b7e7ce666939bff541b3152825fecba917052d12f6f372
1,0,0,0,0,0,1,0,0,2,0,0,376,16000,48000,3.0,56bcc959e98944695b95755ad8a26d14e67472f5626d4b5aee831c6121c0bcea
0,0,0,0,0,0,0,0,1,3,1,0,377,16000,48000,3.0,76a394b228a24bddedcd580987055fa57eebc60525c354f5683a9fb11040ea93
0,2,1,0,0,0,0,0,0,0,1,0,378,16000,48000,3.0,3ffcc96762fa72e87bc21d94ee1e8ce48681653fdfa6380bcf07be71591bec87
1,0,0,3,0,0,0,0,0,0,0,0,379,16000,48000,3.0,ad5386bf3061c32aca061a898506ca78a8cdeb5e39af56b0ffee50fbb3de7b81
0,2,0,1,0,0,0,0,0,0,1,0,380,16000,48000,3.0,f73ab4118ff76d6a6b0515dc8f60cdcf0ec6e8142fc3305fa01f718c4a14d45e
0,1,2,1,1,0,0,1,1,0,0,0,381,16000,48000,3.0,2db30edf02b86c183e3efca3e7c48d6c9020d634a54e9835d63be8b63eba7b55
1,0,0,3,0,0,0,0,0,0,0,0,382,16000,48000,3.0,dfdc1d566256df41361367a6b0b420ab0af99e0fbd2578f353a5005a168f4e59
2,0,0,1,2,0,0,0,0,1,0,0,383,16000,48000,3.0,fd9a05df5ad2a48cdbe72eb965821b4b265ea324e0af760069cb8c48dcbbb7cc
0,1,0,0,0,0,0,0,0,2,1,0,384,16000,48000,3.0,9c59f791f130984955686fc02149e717411cfaaa42741fd39ed8366555c94c38
1,0,0,0,0,0,0,0,0,2,0,0,385,16000,48000,3.0,a43baf093d186586d46d9da2c0d26fde59301e6080bfb5812aac3a2780e4123d
0,0,0,0,0,0,0,0,0,3,0,0,386,16000,48000,3.0,2467878f25e949613c7456456a6b4ff4583c4f2cdd68802f366a6198679ea1c3
0,0,0,0,0,0,0,0,0,3,2,3,387,16000,48000,3.0,26c10a948a4d5a2fc1690c79d0848e58a0fb6ce3fa87c510e3ba97dbbf9b98cb
0,1,0,0,0,0,0,0,0,2,1,0,388,16000,48000,3.0,732308de23305d454795150fd07d1e59f7dafab213d3462c1fb70a82ba26618d
0,2,0,0,0,0,0,0,0,1,0,0,389,16000,48000,3.0,0dd827cd575eadfe269bf7e9e5add26a6aad5b72341a3b2f292a66799e2e97ca
0,0,0,3,1,0,0,0,0,0,0,0,390,16000,48000,3.0,9187aa3a168e1612f2c5078c226cd5d574767cce7f8899703dc7194c18a624ed
0,2,1,0,0,1,0,0,2,1,0,0,391,16000,48000,3.0,a875f57f0825225c8dab38c1e29af411742b4c0b0f5b3584dc6b5809252f363c
0,1,0,0,0,0,1,0,1,2,0,0,392,16000,48000,3.0,5eb9d9af3a571a7daed3a4d9eae4c2c358d9e39499b20200c9f1ed837ceddeff
0,1,0,0,0,0,0,0,0,2,1,0,393,16000,48000,3.0,c5c9e04281cbf3a405029022dcba047f819333d893488ba89a33576a3efaac9d
0,0,1,2,0,0,0,0,0,0,0,0,394,16000,48000,3.0,2e58662cae9ed67a850b064f33b9b98a4f62d1b39b41c3c102e98aa1fd3faec7
1,2,0,0,0,0,0,0,0,1,0,0,395,16000,48000,3.0,bd271a9a21d76bec2fcd1ecba1152352850d40dd9ac6ddaf51c9a29d94ead21e
2,0,0,3,0,0,0,0,0,0,0,0,396,16000,48000,3.0,c70ea1759c1d8b369a1524258a9b732d02190ea7093b043dd9b0a83f42f9ead6
1,1,0,0,3,0,0,0,0,2,1,0,397,16000,48000,3.0,878f7817af2085bd9ea36fa878f1e2c29d73120b9fbadd16cdd83beb91d612d4
0,0,0,0,0,0,0,0,0,3,1,0,398,16000,48000,3.0,1f11c03d8cb4186ce0fea537ea2f385fbc5089ac1d89d65aa70e5dff144b71d2
0,0,0,3,0,0,0,0,0,0,0,0,399,16000,48000,3.0,b1c2e2f77132bee47c494b95a165fbe6779443c54bf27f073c4e634bdc404cf0
0,1,0,0,0,0,0,0,0,2,2,0,400,16000,48000,3.0,1fa8b11fadb3f15df0074a6d1980e58799a0cd55c5e4d1d85494e896c0f79bf8
0,1,0,3,0,0,0,0,0,0,2,0,401,16000,48000,3.0,130bcb69c2e37728b4567d926fba5168e2c3c93bcc7e7c8e983a4e223d8626a6
1,1,2,0,1,0,0,0,0,0,0,0,402,16000,48000,3.0,bcfdd76cffed19fc59601f017fc25266ac77bc92a7c1fb76eb9a8122b93e36f3
0,1,0,0,0,0,0,0,0,3,1,0,403,16000,48000,3.0,dd0d8c5d1285d92731d1a1da35e2270e834b90b1f5a6ce0d8d6e69a2129d53de
0,1,0,0,1,0,0,0,0,2,0,0,404,16000,48000,3.0,68355933378d35ed5cba8143b58e1d4a05611d01384eb4009259c178e32770e6
0,0,0,0,1,0,0,0,0,3,0,0,405,16000,48000,3.0,732d2ef4846e024f4e91ec071e8b0a25d4bdb37d6db19a6d6bc9353d513e6e6e
0,0,0,1,3,0,0,0,0,2,0,0,406,16000,48000,3.0,80bb2c31beb44b415b1c1bdbdafca0114cb318ba6765c6f6b3df03030ecbbc68
1,1,0,0,0,0,1,0,1,1,2,0,407,16000,48000,3.0,46bae71e189a1cff0d38a0f376dc62d13e3aceb968ea38d2fe02c653d5f3e731
0,0,0,0,3,0,0,0,0,3,1,0,408,16000,48000,3.0,63ab12d8c61343e974ad7c594315f6c1a1144464fcaf105104308ca360df0a5c
1,0,1,2,1,0,0,0,2,0,0,0,409,16000,48000,3.0,ab5c085816cd9a9885beca83b8c4347072b870ee9e02b67619d076e563484314
2,0,0,0,2,0,0,0,0,1,0,0,410,16000,48000,3.0,96a7e17dc429ed07a339e7840e30104fbce024b4848bce0095999dc20392a0a7
0,1,0,2,0,0,0,0,0,1,1,0,411,16000,48000,3.0,49d1b61571efde93d99c71ea859db136a821e223b06edd6a1867106dab221efb
0,0,0,0,1,0,0,0,0,3,1,0,412,16000,48000,3.0,df00d14e773799190edc6f9ea9c71bcd3b8791d1cc65eb68049a1d5386549cdd
0,0,0,0,0,0,0,0,0,3,1,0,413,16000,48000,3.0,885e2fa09f80908e651c7306116b06393172fefc3b3f1c5aeed4d829ac2ed657
0,1,0,0,0,0,0,0,2,2,0,0,414,16000,48000,3.0,3c39e6b168994d22effcd9137f457926e3d6752c8ebf8fac8ccbcd41412b16a3
1,0,0,3,2,0,0,0,0,0,0,0,415,16000,48000,3.0,64c472a6b136690eb65c51f96b075e75fb290154fccbc3cc7c0961bc121be9c7
0,1,0,3,1,0,0,0,0,0,1,0,416,16000,48000,3.0,68ce3d319374b9f546c15b3c1b093d712b392c6f65e3e4b124f0c2025d047481
0,1,1,0,2,0,0,0,1,1,0,0,417,16000,48000,3.0,ba44d59647e224c0eec012b2596b6c7322156580df442d5f20d94befda06a9cf
0,2,0,1,0,0,0,0,0,0,0,0,418,16000,48000,3.0,0230aadbf35fae36b93c496b36bcef5dac998682953a19a70727a2212d54fe1d
0,1,0,0,0,0,0,0,0,2,0,0,419,16000,48000,3.0,397835fbd6e205f05e94f715aecb80f3b21fb465d2fc815c003d5d2632894c42
0,0,0,0,3,0,0,0,0,3,1,0,420,16000,48000,3.0,812b867f8bfdd0b70be5d99261cfc596c0681d7798457927f86f8ff8727c0dae
0,1,3,0,0,0,0,0,1,0,0,0,421,16000,48000,3.0,13d34ab9586bb6a4b391bb92832f55e1cc4f8362e5c24eda92ff051f67dca20b
1,0,0,0,0,0,0,0,0,2,0,0,422,16000,48000,3.0,c397e35bc99ee9bb577fd2d84f7c854b5c08b4ff9b9e0177e05d02f149bae89c
0,1,0,0,0,0,0,0,0,2,0,0,423,16000,48000,3.0,ed355e21e10404b6e74cc03831b472f58f6922a7e90bd9da48bf4b55ea1c19bf
0,1,0,0,0,0,0,0,0,2,1,0,424,16000,48000,3.0,4a63e1e7060139e7b7c1bd810e24a0b72ac6a870db0150102cf1ca97710cdc36
0,2,0,0,3,0,0,0,0,1,1,0,425,16000,48000,3.0,0a4ac150249bf3f89a15d9fac80e42c7358659ece0f2b342c21430ab2a0a4a92
2,1,0,0,3,0,0,0,0,0,0,0,426,16000,48000,3.0,27ac51c3bb78f785d8be6df956c641b499383aa1f238474b745fb78e2b48addd
0,2,0,0,0,0,0,0,0,1,0,0,427,16000,48000,3.0,60658e38ac777a1f0fc6732069200bbb87208e876de7170fa0f50973e8c040aa
0,1,1,1,0,0,0,0,0,0,1,0,428,16000,48000,3.0,7cb19b8e37adac2a6d4063658a3f85868745b7a4e8844cffb5a28e3709504d5f
0,1,0,0,0,0,0,0,0,3,1,0,429,16000,48000,3.0,b8685857a53c12c49274c96ff229e0865d27da874a442d46fa8bc1af432d0a6f
0,1,0,0,0,1,0,0,0,2,2,0,430,16000,48000,3.0,396095f6f513ee4b0738cdafc8737a78c33db502a1cd1735fadf4be4f6b5a6aa
0,0,0,3,3,0,0,0,0,0,0,0,431,16000,48000,3.0,a882a167db7eb1981cfed7d7376df7a867a814b80ae861fa186e763ebca77bf7
0,0,0,0,0,0,0,0,0,3,0,3,432,16000,48000,3.0,cf6beb35642edf10aa9093fe584c296d524e3e262a525ac1f0cf3df1fc54baae
0,1,0,0,1,0,1,0,0,2,2,0,433,16000,48000,3.0,7436eb49c09bb42227844882a02b21e3ea7ea2eb67580f74f1a1297e8320b953
0,0,0,0,3,0,0,0,0,3,0,0,434,16000,48000,3.0,ca9aabe3c08137efdb95ca58afc5c962bb81e9c070cf4a1f6afd764ea8b73440
0,0,0,1,3,0,0,0,0,2,0,0,435,16000,48000,3.0,6aec38ea919205fbfe4a921e08c38ab3f1604d9cc3411b017dbd0e407ae83a6c
0,1,2,0,0,0,0,0,0,1,0,0,436,16000,48000,3.0,27fc2913ff3d047388ad5ec1f90c0627c55f1b6d883ebbcb9dfb6b5a0362c577
0,0,0,0,0,0,0,0,0,3,0,0,437,16000,48000,3.0,3b6c7b0b15c0dad5f15299a95621787260c350d7decdc80d4d42f1bec32cfb99
1,0,0,0,0,0,0,0,0,2,1,0,438,16000,48000,3.0,da3eac4deda303d1a7438e0c8abc4114a4b0e0360f4d0edb8d1625290e3af81e
0,0,0,0,0,0,0,0,0,3,1,0,439,16000,48000,3.0,b4314532f17d8acdf7e0f24f83e3026a8b7dea78685878ab25b612823b4504c9
0,0,0,0,1,0,0,0,0,3,1,0,440,16000,48000,3.0,835df65365394001d1edc59b2ea829e767db22b02ad9f79eb70e153ff6848e68
0,1,0,0,3,0,0,0,0,2,0,0,441,16000,48000,3.0,50ab1d4e4871c18cd91259dc2554f0a4ee06edeff106d1121ad1d8109f5e3882
1,0,0,0,3,0,0,0,0,2,2,0,442,16000,48000,3.0,83838ed28a2a37b374a51d1a2955643166758f34ff6170b0764dd0727089a31c
0,0,0,0,0,0,0,0,0,3,0,0,443,16000,48000,3.0,83cd064bb00becac9c11b9faf2f023e6c438745136bde989c7bd94051a405854
0,0,0,0,0,0,0,0,0,3,3,0,444,16000,48000,3.0,cf8e75ea0dc1b521efcfeb886ea4b5d992d01c8f1c9b9e45c16201b687b50f21
1,0,0,0,0,0,0,0,0,3,1,0,445,16000,48000,3.0,565c0ec0676bf25a8c7520769bec1a4d49f2905b84b9f42df6945e2c3b2535c7
0,0,0,0,3,0,0,0,0,3,0,0,446,16000,48000,3.0,2995d1316c9bdbf0b590029bd670c466069cdb6814016ac852817c342ea97102
0,1,0,0,2,0,0,0,0,2,2,0,447,16000,48000,3.0,ab499975ea39c1db48eff5726c50a5b09a7f114e158ef516c402824e33eb70b9
0,0,0,0,0,0,0,0,0,3,0,0,448,16000,48000,3.0,6cb810cd9dc583e2cdcd4608edca8a2f6afd6d10a6fdca724aa961eaff7b0ad6
1,1,0,0,0,0,0,0,0,3,0,0,449,16000,48000,3.0,b98211fd13173cb6939afc5d66da1db75d64201dedf38c4d25e7c44576e3f93a
0,1,0,0,2,0,0,0,0,2,0,0,450,16000,48000,3.0,c3e17e09e9c02e514a9d434e02ee3a0924923a2a6410454b804b2beb7e6108ed
0,1,1,0,0,0,1,0,1,1,0,0,451,16000,48000,3.0,845e1aea078298ef5abad583621f7caac054206ce64b5c6c7626b90977bf783d
1,0,1,0,0,0,0,0,0,1,0,0,452,16000,48000,3.0,32205a5512ee92c5d85c6db6ae82e8cbc1adb9419d02cb2fc635e04fb0196409
2,1,0,0,1,0,0,0,0,0,1,0,453,16000,48000,3.0,ca6aef8a6d47748bd5999f6ca3deba1265b7ef0bd6f9698c1bbfabd5d04bac62
2,1,0,0,1,0,1,1,0,1,1,0,454,16000,48000,3.0,b5b5843a662aa0f81c5e6ed00cff3c9d5152b6eae18896f298674e9aac1ea5e6
0,1,0,0,0,0,0,0,0,2,1,0,455,16000,48000,3.0,f6067d58592bf4190297996c1072f4c53313bed87f308d9a193394d7405c5320
2,1,0,0,0,0,0,0,0,0,0,0,456,16000,48000,3.0,e4a50c84d61756f013d4ec302554901ceb626bf0c2ea9f49ac102b374ffcaf23
0,0,0,0,0,0,0,0,0,3,0,0,457,16000,48000,3.0,b3486d4ed5216888022317fe189b72db1488af98f19ce1c49dcee8cb7e22b67a
0,1,0,0,0,0,0,2,0,2,0,0,458,16000,48000,3.0,d6b3a29c9c9753012144964e3e3b1a2966b98ab6a7e5004aa953dc3581d0afe9
0,1,0,0,0,0,0,0,0,2,0,0,459,16000,48000,3.0,e8fe7cf90357ac3de15cb028241b801caff988f2939ca8edf379d540d0d7c9b4
0,0,0,0,3,0,0,0,0,3,0,0,460,16000,48000,3.0,46f89502ab037d47e3c1a78b72030f2d021ad44c95fc4a6411d1af32d0bdf7b9
0,0,0,3,3,0,1,0,0,0,2,0,461,16000,48000,3.0,3230105a19b34644308d9f378b5bafdc454ea067a5c29c67629887a0c5e4d7d6
1,0,0,0,3,0,0,0,0,2,1,0,462,16000,48000,3.0,61fc51e49f3ad4b9ff83520196a268a70f2476ffa310fcad81a82ac2531a0c3d
1,2,0,1,1,0,0,0,0,0,0,0,463,16000,48000,3.0,4ae396913cfdbc0af882549d1870eacf2849420705653a4ee608eba90ec56788
0,1,0,0,3,0,0,0,1,3,1,0,464,16000,48000,3.0,e24b9dc2d673a922959fbcc4c5128a49cb4d89b3f52158658caf661dd254661c
0,1,0,3,1,0,0,0,0,0,0,0,465,16000,48000,3.0,4dfa2240e97cd63306500b3f392ae9f93cc417ec0399dc363d2d050c0ee11d48
0,0,1,3,1,0,0,0,0,0,0,0,466,16000,48000,3.0,89397f253a739893f0cc64301c9926bd588a1c342e8a5df6728c61981ad2b05b
0,0,0,0,0,0,0,0,0,3,2,0,467,16000,48000,3.0,90ec9c006de2d5dbb64d068690bec04aacd2e61c0b166e66d4290f1ff6eb528c
0,0,0,0,3,0,0,0,0,3,0,0,468,16000,48000,3.0,7d4af2eb13bec9cfb7306d6eae6d6bad6dca8781bc8a42df08c1ce50b1d9de6f
1,0,0,3,3,0,0,0,0,0,0,0,469,16000,48000,3.0,8333b8baf04b5317e8d7b2848224a562ab6647ed71968465953ee78923e56db0
0,1,0,0,0,0,1,0,1,2,0,0,470,16000,48000,3.0,c0de539a46c8f8396fce87684ddd021a85033582b72355d191dcfb8a3f6f9d10
0,0,3,0,1,0,0,0,1,0,0,0,471,16000,48000,3.0,0cf45b4eb82ba520b52994a94f48e52db716ff143f0228b4d81657141ec3e523
1,2,0,0,0,0,0,0,3,0,0,0,472,16000,48000,3.0,2419ae1cd9d4eee36fed90338f8bae82af7c7185b6d89f55cf9e4d63fba96f1d
0,0,0,3,0,0,0,0,1,0,1,0,473,16000,48000,3.0,c5720f8b4de7646e622cc4d1f78a6f3cda560c72eb9b4747763dc8023960f245
0,1,0,1,3,0,0,0,0,1,1,0,474,16000,48000,3.0,75e815662e66d097cb1367211fa9c6e1baacb427c51d1d88d0c919cd3db9360e
0,0,0,0,0,0,1,0,0,3,1,0,475,16000,48000,3.0,9cebf0091275be96c53ce1c31b99e622a3c1944cdb800c54f1801935fe5e4086
1,1,1,0,0,0,0,0,0,1,0,0,476,16000,48000,3.0,a06f0d9d145250f4fe1c6ed4b4c204ac8131af4a0f6cf810405a91fa2a9b8b62
0,1,3,0,0,0,0,0,2,0,0,0,477,16000,48000,3.0,e3c15be6dfbed192c1a5d35351150323d2eba4bd7c55a8cc838a92b6c74afe5d
0,3,0,0,0,0,0,0,0,0,0,0,478,16000,48000,3.0,9d50efa8e87d654a9bf7609c9d2f8c11a13e77c694fc3ddfbbf6ba08a1eab925
0,2,0,0,0,0,0,0,0,1,0,0,479,16000,48000,3.0,51b910f6024390e79768979fcfd4a4a08d7926a56b5ae0e8433ac996a255947b
3,0,0,0,1,0,0,0,2,0,0,0,480,16000,48000,3.0,79619e6297e09ea25e8738bcb16e8533afd9b172869f29fbfdc29b97645a8c3a
0,0,0,0,0,0,0,0,0,3,2,3,481,16000,48000,3.0,bb3915611757a8abbf2addee2a65e8b32e791d619f1c1bf6b02b3118136e8797
0,1,1,3,0,0,0,0,0,0,0,0,482,16000,48000,3.0,8ec9900df83ba3bbaecc4000a8cda51f5252766416a5fd3f6e7f0c816a1e6de7
1,2,1,0,0,0,0,0,0,0,0,0,483,16000,48000,3.0,42d74991e8b2e43fb76e8228769774b0437c52669688fed8850eb2f29be92ba7
0,0,0,0,0,0,0,0,0,3,0,0,484,16000,48000,3.0,19d5b557c1ad0bd5c755a08a0786278cc6983266bd607c3d601bbca9a766739f
0,0,0,2,0,0,0,0,0,1,0,0,485,16000,48000,3.0,0da7fbf2dfe8cbb058bd6af9db382393e1b696dfe41dd9c6709b09388caf3bb3
0,1,2,0,0,0,0,0,0,0,0,0,486,16000,48000,3.0,2b42892526f2b93599ab1abb7e71cceb21a797a046d5e8890ad6f90111bbc9a4
0,0,0,0,3,0,0,0,0,3,0,0,487,16000,48000,3.0,e0425ce01f003f73fc04281fd3094ea978bef4bce83d17969d06dc86a9dac094
0,0,0,0,0,0,0,0,0,3,0,0,488,16000,48000,3.0,31df9f58dfcca044fdff836e331227de0e90400d0a1c8de8051b5352c6578fef
2,1,0,0,0,0,0,0,0,0,1,0,489,16000,48000,3.0,2e60b7365b55a7d303e0196234815abf48e63f8bc7f68406d2798be044afea53
2,0,0,0,3,0,0,0,0,1,0,0,490,16000,48000,3.0,4389438b674ac528f9986a3b733ae9e7bb5c3800ba34a2ed981716247a99df14
0,0,0,1,3,0,0,0,0,2,0,0,491,16000,48000,3.0,ab595be837648dc7e72d009ff689414c3d91f302fac8227be9bb80860cbfc5b8
0,1,0,0,0,0,0,0,1,2,0,0,492,16000,48000,3.0,7ed7be1f20fd689bae13a28631bd7d052dce71a67d94642e787b0309f84027b8
0,0,0,3,0,0,0,0,0,0,0,0,493,16000,48000,3.0,6c0272970898b9321fd16c3adc1b0ae39f242cf25622876c1b88558fe3aa2540
3,0,0,0,1,0,0,0,1,0,0,0,494,16000,48000,3.0,26d4e16b1df28cb624aa10b7211830f5183400450967682249c8b903a1535485
1,1,2,0,0,0,0,0,0,0,0,0,495,16000,48000,3.0,142b865691ae703417e35b4d30d93dfcf1c94f1c256daba74cdd2a1e01e15d5f
0,0,0,0,0,0,0,0,0,3,0,0,496,16000,48000,3.0,e5926297966d4804c41b797c63fc4b6611057db8288b163d5170dc6c9e84247f
2,0,0,0,0,0,0,0,0,1,0,0,497,16000,48000,3.0,f1e267264f0d65a37be2e0f9426e405ecf2fc9565eeaf854ebb95dfb525cfe46
2,1,0,0,0,0,0,0,0,0,0,0,498,16000,48000,3.0,d517711ee5d52afe259bcc2876efed3958e2711bb6ec0245fade4d856e84c69e
0,1,0,0,0,0,0,0,0,2,0,0,499,16000,48000,3.0,7bac99e18e5066a0aa2aa4c5ac1a020720e4d08f21dfdaf4130a3f4744a3bcad
0,0,0,0,1,0,0,0,0,3,0,0,500,16000,48000,3.0,2d7c72d9b1656ade82574bd77263ffd471e7933b4b49177fd71c25e0e3c8a487
0,2,0,0,2,0,0,0,0,2,1,0,501,16000,48000,3.0,6be55ac0ce36e31c94020fc85ed5d1629bcdbe8e2567fdd51a1761e722ae0d4e
0,0,0,0,1,1,0,0,1,2,0,0,502,16000,48000,3.0,c9f0b3eeeba889baf936fb77913f287150cfe22580d5bc929e31166e1be378b7
0,0,0,0,0,0,0,0,0,3,1,0,503,16000,48000,3.0,12e3fbaeddbbcf77422aa1787962f019913e94c663663b8d04796792f2d79f44
0,0,0,0,0,0,0,0,2,3,0,0,504,16000,48000,3.0,52b30466be839b7b04e90cd1172ebf87473c6680506931a0bb99450b907570a6
0,1,0,0,0,0,0,0,0,2,1,0,505,16000,48000,3.0,71d973e54299795fe1019b0b2777beb07914523e83a1354041414256c9346686
2,1,0,0,2,0,0,0,0,0,1,0,506,16000,48000,3.0,179929b4c82dbb4dcf5d30bffb56178f5d1e6c3ebcb7a9010d434372e7781930
0,0,0,0,0,0,0,0,0,3,2,0,507,16000,48000,3.0,c27a468b36e8347ed377db63a853eeecaed6cd68aef5ed2ceca18237c7fd5757
0,0,2,1,1,0,0,0,0,0,0,0,508,16000,48000,3.0,3369f56da9a8b8588e7f43a26b63673db1788bc86dab9ad18889110883672842
0,1,0,0,0,0,0,0,1,2,1,0,509,16000,48000,3.0,35bb0d5ad0f449af506bb1208886640a6d2ac01a22cd5bc0aae1e6f17213f7f6
0,1,0,0,0,1,0,0,2,1,0,0,510,16000,48000,3.0,99acc6386e0c8b15cb89faea561e40b1a41d556ec8ea01c2cba74fa26024538e
1,0,0,0,0,0,0,0,0,2,1,0,511,16000,48000,3.0,e8c521781c26c818080246522be7738e83e40456387248d0da161af75c10720e
1,1,0,0,0,0,0,0,0,1,0,0,512,16000,48000,3.0,a336fdfbf7981f65de78b63b698eb8c69834d0b65f29116596f2054fbc2dc1e7
0,0,0,0,0,0,0,0,0,3,2,0,513,16000,48000,3.0,4180323727eb20493814fe574ee05ed428127360dee79be1c6595f6006f50a89
0,0,0,0,0,0,0,0,0,3,0,0,514,16000,48000,3.0,11a228ac5300906d60acb9ea1b02957ef675a1da3802678821b549da4dfa5e31
0,0,0,0,3,0,1,0,0,3,0,0,515,16000,48000,3.0,eda24d8c9b1fa51986a28f585598400c4540ee0f2720b43b8ff9aa2cb75f12f0
1,1,0,0,0,0,0,0,1,1,0,0,516,16000,48000,3.0,908e6017a95761a938f56d4577bde775706e81948b5dd452babc298445f98604
1,0,0,0,0,0,0,0,0,2,0,0,517,16000,48000,3.0,fdc2c33770e34ac0519936985127601a44d75393ea9819ea2d6f96046a45c2d1
0,0,0,3,0,0,0,0,0,0,0,0,518,16000,48000,3.0,6486f3f4c6c0f03361741ead9fdf2333481063fd32915d827273ea5f79c313af
0,0,0,0,0,0,0,0,0,3,0,0,519,16000,48000,3.0,5b73602565ea3d4d2f52d08716f883f582da74f12c5b138c127b54e510fa1616
0,1,1,0,0,0,0,0,0,1,1,0,520,16000,48000,3.0,7e1e287984bae9a34d5b4f20875aee529b3f6f606726c77a277436ee9ff1f51e
1,0,1,2,3,0,0,0,0,0,1,0,521,16000,48000,3.0,8f15a55d02a910762b690fa00000eb85d6213733a7683c4044fa22f32937872d
1,1,1,0,0,0,0,0,2,1,0,0,522,16000,48000,3.0,6bf5c12c7c97402b88c64826024baed6492b4ca7a8c590bad10665152161a4f7
0,0,0,0,0,0,0,0,0,3,2,1,523,16000,48000,3.0,2eed81a2d6ca2f819f033a0b7c294abb123847c011bd172ab7a49a60e9f4bc21
0,1,0,2,0,0,0,0,0,0,0,0,524,16000,48000,3.0,121b9d0f010942f66259fbbd6eee601db8babbcea4c6804d3bc281ca1033dad7
0,3,0,0,0,0,0,0,0,1,0,0,525,16000,48000,3.0,12292a19d21812f3c1e21a164bbede980c28cfe930553ec259dc71731d8a5c42
1,1,2,0,0,0,2,0,2,0,0,0,526,16000,48000,3.0,292a942eb1c62ea293b704f6d3a135d3badda11a8535d918444d7e51da5c2a10
0,0,0,0,2,0,0,0,0,3,0,0,527,16000,48000,3.0,8fdead5c6410036b34b6b43963c16e439571be73f605f48bbf94394e63808052
0,0,1,0,2,0,0,0,0,2,0,0,528,16000,48000,3.0,ffd38e015a5c56be89cc76db445e555f44d970d1f60d1ae22723ef06b2b4ef75
0,2,0,0,1,0,1,0,1,1,0,0,529,16000,48000,3.0,edc06d346d46ca6eb045dac405788c9ed5a60fa092f0d665b0acc384ac237b42
1,0,0,1,3,0,0,0,0,1,0,0,530,16000,48000,3.0,0030f090a0cbad24c8b76ea78ff15a4d51e2825c5b5e2c20213543defdc879f7
0,1,0,1,2,0,0,0,0,2,0,0,531,16000,48000,3.0,4d4075bb62dc63f4731e8ec1ad0d858f17cfad6deb15b7c831efd666bee95893
0,1,0,0,2,0,0,1,0,2,0,0,532,16000,48000,3.0,ce5c2355823ad0fa80f77ce9349fed3aa602428811df956baee9fb26a17c1b06
0,3,1,3,2,0,0,0,0,0,0,0,533,16000,48000,3.0,7eccd6ebeb9946462e7c90ae680ddfc5b54f47e4374876d636d5cf10f5b5b944
0,0,0,0,0,0,0,0,0,3,0,0,534,16000,48000,3.0,7df6c05868970a2cb377d8d59a7ebc25ffd299624da872f1e7d968d02e25f38c
1,0,0,0,0,0,0,0,0,3,2,0,535,16000,48000,3.0,bc3017a9b3e36f7eef36fa723c481a44ffb9892e8792ac971a518ee7df637dd9
1,0,0,0,2,0,0,0,0,2,1,0,536,16000,48000,3.0,71e748d60aaea421d6a2956323b5592bbc7da1e1192472b9324d150f6ef0b61c
1,0,0,0,1,0,0,0,0,2,1,0,537,16000,48000,3.0,b37030e541409696163b3414281d0f106331574228a1fbed532a8b724b6020cb
1,1,0,0,3,0,0,0,0,1,1,0,538,16000,48000,3.0,1f359972dcd94f8d9e134222da335d6513a6cdf5e73b631bf3c3f37b143e5bd7
1,0,0,0,2,0,0,0,0,2,1,0,539,16000,48000,3.0,94072b697c40e4bdef11d0bdd204c99224e4e877281affdeb5436a79920df27f
0,1,2,0,0,0,0,0,0,0,0,0,540,16000,48000,3.0,0b548f50d5f0267872dcaa6166caf7688f168ebee7a8fdfec46f5291511c1883
0,0,0,0,0,0,0,0,0,3,1,0,541,16000,48000,3.0,67bae332abb6be6b5234192905c0e70bce3394c9c4699e1db22d7f6d93b6b7a9
0,0,0,0,3,0,0,0,0,3,1,0,542,16000,48000,3.0,7ff22543ff502a5e93c512a91a9651926b6a88ea82b5b6cb2ad722f51ad7ab0c
0,1,0,0,0,0,0,0,0,2,0,0,543,16000,48000,3.0,9a11f9092f7854d17f2101177057786ab13725916baa5feb705f166b4ad5beb6
0,1,0,0,0,0,1,0,0,2,1,1,544,16000,48000,3.0,306940f651882bcaaf244b4d784dc02cc7acb9a160cbb224521e5eb011b5344e
0,1,0,0,0,0,0,0,0,2,0,0,545,16000,48000,3.0,01ab9b78065a357fecfe3859e459156accfc65e53b369122918404a62fb23be2
0,0,0,0,0,0,0,0,0,3,0,0,546,16000,48000,3.0,c92a1ec8ca5feffba2c8012f90bf00df814791967b338f75dba7df683bbd308a
0,2,1,1,1,0,0,0,0,0,0,0,547,16000,48000,3.0,619a59f6ead36ba820817c4043d7548f2ea9ed98a4d21fb4782a564deaf0ae33
0,1,0,0,0,0,0,0,0,2,1,0,548,16000,48000,3.0,e0412a3ef341dc5f5a9fabe344909a3869f9ed6bcdaf16a27d8ddc331708a4c7
0,0,0,0,0,0,0,0,0,3,0,0,549,16000,48000,3.0,4fc8b104e876bb012314e1cfff49f75545a5bf5d726e8c385d04b5522adc6810
0,1,1,0,0,0,0,0,0,1,0,0,550,16000,48000,3.0,22abd9be73fbbf6323af4ad8b6ad6060b060ec59c02cf6c60c56e0381e9dff32
0,0,0,0,0,0,0,0,0,3,0,0,551,16000,48000,3.0,331373f6aafcdf66b1ae252932b6daa5cb7cb1c6b869d170b479ab600448e89a
0,0,1,1,0,0,0,0,0,1,0,0,552,16000,48000,3.0,55cd76ddff86290353709d0c4392fc54382258290f867fd2a4dc7b44146a9ae9
0,0,0,0,2,0,0,0,0,3,2,0,553,16000,48000,3.0,9d65692cd9589fa788fc86f4674278e726ec9f0d3104fe7c163059134e7fbea5
1,2,0,0,0,0,0,0,1,1,0,0,554,16000,48000,3.0,28387dfd5a89369f267ec12c9fd4a9af43ec96f1e9167942eef6c64b8e0be3f8
0,3,3,0,0,0,0,0,0,0,1,0,555,16000,48000,3.0,9ce95c6fa5964b2db8276788d3db3922f5aaaa166840ebc54470cec0be896908
0,0,0,0,0,0,0,0,0,3,2,0,556,16000,48000,3.0,49849a57b08005c154d336a9f33efde670e3710e849b6a124dffaeadfe38717a
0,0,2,3,0,0,0,0,0,0,0,0,557,16000,48000,3.0,60534e1eaf3436d5673080fc4d437da843779410dab333f21456cc4a671ac8f3
1,0,1,0,0,0,0,0,0,1,0,0,558,16000,48000,3.0,4f2c67b9347c69f9594c48e1b843a7902aa419404919968ff7d01b9f30961808
0,2,0,0,0,0,0,0,1,1,1,0,559,16000,48000,3.0,0fc5cbcaeaa09fb4bf114b0d477865969181a5dda4fd3134d2f829d5918424fb
1,0,0,0,2,0,0,0,0,2,1,0,560,16000,48000,3.0,afe1d2ad4410614a5b908bfc1108ad727d347bb0835ef1a22699194fe56e994f
0,0,0,0,0,0,0,0,0,3,1,0,561,16000,48000,3.0,2fa6f87d7c0c9c18d74abfdc3da8d044511d3de41daa096cf55e12c7ba931470
0,0,0,2,0,0,0,0,0,1,0,0,562,16000,48000,3.0,e1f674dc9ddb3f9b1ac8a2301704253a6d9d78bae0dc5ddae46543c524195876
2,0,0,0,2,0,0,0,1,1,0,0,563,16000,48000,3.0,d58f8c05f783c0def9fc0a1a98b0362402fb4d3862f671e6e72c3bbbaf1aebf4
2,0,1,0,3,0,0,0,0,0,0,0,564,16000,48000,3.0,70c8258adaf71d02fc754f36923d0a5d62aea88da79e7f5ada945b2cf87ad86b
0,0,0,0,0,0,0,0,0,3,0,0,565,16000,48000,3.0,854d95919f166b7471282d3f04b652906dcfbaa07cbcbeffe5645d369eabd661
0,0,0,0,0,0,0,0,0,3,0,0,566,16000,48000,3.0,2d6d783135aeb82dba03f137209c759e79bb6e9d6842a99946a4a98c79f30cb9
0,3,0,0,0,0,0,0,0,0,1,0,567,16000,48000,3.0,7db3bde75afa01b7b11603d490369fdf2a0a68c4b21287428394609fe64e7979
0,0,0,0,0,0,0,0,0,3,0,0,568,16000,48000,3.0,9c95735ff63b8c2d84dd0dd16bf3f790efc2f65362fd6629739b85692082cd22
3,0,0,0,0,0,0,0,0,1,1,0,569,16000,48000,3.0,fe243044a652bd3588101a97bd0713f73aeeb66c05a5c49269bbc522697115d0
0,1,0,0,0,0,0,0,0,2,0,0,570,16000,48000,3.0,0c8ff1d330411797e43e50aca5e57aad26470fc2c382d650bfbbdc837dc6727a
0,0,1,0,0,0,1,0,1,2,0,0,571,16000,48000,3.0,e02ee25a12bb3a97f271bf9ce6c7c7113b848723238bc51f03f124048a7e8cb2
0,1,1,0,0,0,0,0,0,1,0,0,572,16000,48000,3.0,e02d6ffe784b644ec63bed79c24073f5fb469355219f604e1d765f767cdc0206
0,0,0,0,0,0,0,0,0,3,0,0,573,16000,48000,3.0,1a5a1a0472851f3b555023d8c4f7f7fab8340b95d49e50de8238f9ce50ac7178
1,0,0,0,0,0,0,0,0,2,0,0,574,16000,48000,3.0,d497de77fb124a83a09d0b31ea109d9095a0134aca02857b200b0b122f450cd3
0,1,0,0,0,0,0,0,0,2,0,0,575,16000,48000,3.0,cdf750804cc4a7b23ff0c5f5ecffb7e1069a583a47792b9bfff6bdcb10ac1295
2,2,0,0,0,0,0,0,1,0,0,0,576,16000,48000,3.0,688778195ee084af1c0c9109e324e1cf17ec7318ac87cb33ead78a39bd38b709
1,2,0,0,0,0,0,0,0,1,1,0,577,16000,48000,3.0,95e82b03438e37614c159c5caeaadca91ebbc57fca3d4be096de974fe4626adc
0,0,0,0,0,0,0,0,0,3,0,0,578,16000,48000,3.0,06fd9dc2e6d2d4fb367c0366499147172f6261ff8af53b3189f3ebb722a345bc
3,0,0,0,0,0,0,0,0,0,1,0,579,16000,48000,3.0,d83cc48c781963f136a87249cb7977590f0720d8e8e016d6849b55f1b9a275c7
1,0,0,0,0,0,3,0,0,2,0,0,580,16000,48000,3.0,ac27d47ed5333e7f5f2cfcf0b141a4617ad1a2a59d618165c6535c50bc91d20b
0,0,2,0,0,0,0,1,1,1,0,0,581,16000,48000,3.0,461be53feda46ee329ca014551acf2dcbe5b413203c0f7cab1a5012c99015f79
0,2,2,0,0,0,0,0,1,0,0,0,582,16000,48000,3.0,68c7cb58b133d09d03967055c80dcd8435855b69370780973c22e0ca5e5f07d1
1,1,0,0,3,0,0,0,0,1,2,0,583,16000,48000,3.0,cdd0d1c5cabb5c85e18b03375c8e4285062f098075e0bc33d032f095f3aa716c
0,0,0,0,0,0,0,0,0,3,0,0,584,16000,48000,3.0,1a640c948150bfb55b9ddf8a2ee73fd1e1c581cc6bc03723ad1e09750eabb9cd
0,1,2,0,0,0,0,0,1,0,0,0,585,16000,48000,3.0,b33d13c9e7408601ddabe943f2448969a6b03fd0dff82a6ec8ce946ca289ebf5
0,1,0,0,1,0,0,0,0,2,0,0,586,16000,48000,3.0,465238cf27e0f9cfd3123dbaf2c5ac9e29042b568f550f321d6fb1f549c61eea
2,1,0,0,0,0,0,0,0,0,0,0,587,16000,48000,3.0,32b6d676c5fb9abbf6260be182452e683732990d8e14f8cb6ae3d8deeb827cb4
0,2,2,0,0,0,0,0,0,0,0,0,588,16000,48000,3.0,1cc0bc5b6faea50556d828008079541f72a73f2f4ac7de82559db50dce794d10
0,0,0,0,0,1,0,3,1,3,0,0,589,16000,48000,3.0,b23522529435c27168493727e7ea11cbc0dac6ecbedeea70c92e84f43b709208
0,1,0,0,1,0,0,0,0,2,1,0,590,16000,48000,3.0,4a72f4e057529577ff09801ca341d8500ede71720f3a262efcb98f7aa7142c40
1,1,0,0,0,0,0,0,3,1,0,0,591,16000,48000,3.0,243e9277b8cb15d2f258e59537a5f31c5011f1a5e28ad9cc2aa68416de75c119
1,0,0,0,3,0,0,0,0,2,1,0,592,16000,48000,3.0,069f8d5fa781b0592ba3cb6a043bf757f9373716f9203994184f99936fde5202
2,1,0,0,0,0,0,0,0,0,0,0,593,16000,48000,3.0,6ba1cdf0538882dd672f56174daf2d7421325bf3aa38a112083c5956c43c963a
0,2,0,0,0,0,0,1,0,1,0,0,594,16000,48000,3.0,5d852b9d671d832206be05e84cc59fb3d9a774cd33124a97dd7f0137ff69a7f5
0,1,0,1,1,0,0,0,0,1,1,0,595,16000,48000,3.0,fa710c3889039569ccdd49429d8070e721b7c2591b6090234ad6495f3e527b96
0,1,0,0,0,0,0,0,0,2,0,0,596,16000,48000,3.0,615c05fa5bec6436269e00b3ecebb0fd4562a7d3614f403af7136dbd9372e986
1,0,0,3,1,0,0,0,0,0,2,0,597,16000,48000,3.0,2869161d5a7345c2981a75852ce39b480744dcc5b5cf7aca30656cf1a5f6067b
2,0,0,0,0,0,0,0,0,1,0,0,598,16000,48000,3.0,09268cf85da1fa06ebe5dd509f57e88dc4d0299b0cf979aaab4653a315236ccf
0,0,0,0,3,0,0,0,0,3,1,0,599,16000,48000,3.0,0a9e5787169308366fc862a1e81fd6cf329ccd6770097c9ca6fa0a0361d52407
1,0,0,0,2,0,0,0,0,2,0,0,600,16000,48000,3.0,b83c1d9b0415fc15c14559f0cbbade8db6b664e6a460b4b0cd2113a4ae509f97
0,0,0,0,0,0,0,0,0,3,1,0,601,16000,48000,3.0,e157936a16d0e8ba6710c8e337ac8b0d3e2878492255d219215cb1689407196d
0,1,2,1,0,0,0,0,0,0,0,0,602,16000,48000,3.0,c75ba62fc87be5035af398257533b224aba92ebe13a16d140d3d38dfa24ed6ca
0,0,0,0,0,0,0,0,0,3,1,0,603,16000,48000,3.0,617d899289699bd3b88daa58a9755a347069b240d68494c4b4e60e339646b50b
0,0,0,0,0,0,0,0,0,3,1,3,604,16000,48000,3.0,fa28779e7f270dd7dc12036db7e3ffc457c91dcb099848275e20958a741d3921
0,0,0,0,2,0,0,0,0,3,2,0,605,16000,48000,3.0,19f3b4dda359efd56fe3ef20665171084bd0929d32ccc8de601f371d64151780
0,2,1,1,0,0,0,0,0,0,0,0,606,16000,48000,3.0,b2efbdbcf91e0f38f6fd547d0e8f89427e5727bf3475905da8ea762906013720
0,0,0,0,3,0,0,0,0,3,1,0,607,16000,48000,3.0,52bb275fc4964eb98394a0394bf28821f9acf7aadd5ea71db7266cd7eceb306e
1,2,0,0,0,0,0,0,0,0,0,0,608,16000,48000,3.0,6685295d90f37683240a149479376f9f4b5912eb75291dc84a9b6e72666c1f88
0,3,0,1,0,0,1,0,1,0,1,0,609,16000,48000,3.0,a07dc47ca713a8d86fc014acfe0c3d02993e153e1dd334b42dca6cef575f67e5
0,3,0,0,0,0,0,0,2,0,0,0,610,16000,48000,3.0,c693710d4e5e5e7a1c0bff533898d143d0e7718d935cfe6415ea28a1ff8a6a1e
0,0,0,0,1,0,0,0,0,3,1,0,611,16000,48000,3.0,d7aba8a66f3c0c4b4e83f100e50692ad5beab43df9592a01c2b639dcca780687
1,2,2,0,0,0,0,0,0,0,1,0,612,16000,48000,3.0,9518ab3bebae1b5045f229fccc1ea629cfac8d0f7bed9ca5631e3911802c7b6a
0,1,0,0,1,0,1,0,1,2,1,0,613,16000,48000,3.0,978e812917cb6b0bd7d42c471cea30396b024dc51b5e281a31b1e521629acd4e
0,0,0,0,0,0,0,0,0,3,0,0,614,16000,48000,3.0,ec3fb7790a9723ca2f9eef45cebbf08bdc14f6ea7ddd85c352705a2ca591de77
0,0,0,0,3,0,0,0,0,3,1,0,615,16000,48000,3.0,1812f4e1bc231e6d30a318ade2520c9fa9a45ea316aad56c76b7e1e2cd65dab4
0,0,0,0,3,0,0,0,0,3,2,0,616,16000,48000,3.0,1346c332c6b8724a3bae5eb7dd3eaf25c887961d9e2d83997edcdd3a2b45a067
0,0,0,1,0,0,0,0,0,2,0,0,617,16000,48000,3.0,c922363834e5f2cbb7e19d5b8ebfe2dde8d355cf12604e40839c223e4bfec0c4
0,0,0,1,1,0,0,0,0,2,0,0,618,16000,48000,3.0,6a31681ff36b2b8a22d1236aa446dd22c7ecea0a362c74c740728f25beb1f4d9
0,0,0,3,0,0,0,0,0,0,0,0,619,16000,48000,3.0,b68587b17f6f73de82bb7d76cad7f663c83b85f73a974ae0e5e87911efa263c6
2,1,0,0,2,0,0,0,0,0,0,0,620,16000,48000,3.0,0e0fb06af94c3b3ee8577d6a73abb0ca78c06b4433b21e83b1a1ac220fda487c
0,0,0,0,0,0,0,0,0,3,0,0,621,16000,48000,3.0,2ea40c8bf8072755ee9b97bbe020577b6d17932124eaba00c20c34e03edfef9d
0,1,0,2,3,0,0,0,0,1,1,0,622,16000,48000,3.0,0aa47557b6ee5e74b96ef062827f114d4e064c0f926e3e42e6f2eca6a99070f5
0,0,1,2,1,0,0,0,0,1,1,0,623,16000,48000,3.0,a1afd5ccbc73610b908b5fbfde31f480a46751d86ef7b7d671a6c9238c464455
0,2,2,0,0,0,1,0,0,0,1,0,624,16000,48000,3.0,954fd9ddbda4f2a3a8da2d21300a0705b7e9c76b8432131b017b1aa39820f58c
0,1,0,2,1,0,0,0,0,0,0,0,625,16000,48000,3.0,a98f28e299c3b5b8e67cd8eccc8952a89fac6f3fd562cbb1c54fc64484271109
0,1,0,1,1,0,0,0,1,2,1,0,626,16000,48000,3.0,51808534d704b40cd38a9632c83d834493bb87ec38e43d8d297e2582023a7a8e
0,0,0,0,0,0,0,0,1,3,0,0,627,16000,48000,3.0,b4e76d35a8ab2c097d6708b9f903fd93717217bf5948076130b082c6dd41519f
0,0,0,0,0,0,0,0,0,3,0,0,628,16000,48000,3.0,84810ea7e2865b7631cea5981eba1a7d3157c00868c675ade07f954d08185951
0,2,0,0,0,0,0,0,0,1,1,0,629,16000,48000,3.0,3aba2441200e4ff1c67ff8e26cc9baafafb13deddab89c9bbd9dd3468d5a3bd1
0,2,0,0,0,0,0,0,1,1,0,0,630,16000,48000,3.0,583e0007e24563d2c197663b07638a18d5423650bf5e5506660ecd15abbacd2d
0,0,0,0,0,0,0,0,0,3,0,0,631,16000,48000,3.0,58da3d5ac47970b3da570d6d78c075da5dd492804cd9b1a4da6941b41ecf1218
0,0,0,0,1,0,0,0,0,3,1,0,632,16000,48000,3.0,0c47285699e655cfa3131229a8aa929312d03ff687284eb2516d5a0817ff7cf2
0,0,0,0,3,0,0,0,0,3,0,0,633,16000,48000,3.0,91c95279cd0dd3f0a631a71f310936b2ddcb16438ada73c71983b1a86c95cf27
0,3,0,0,0,0,0,0,0,0,2,0,634,16000,48000,3.0,5fafdeebc6e473059da2f5f75c20072d2871b465f7484cf1d04494d516f17996
0,0,0,0,0,0,0,0,0,3,1,0,635,16000,48000,3.0,8cfa454ba69243fb25829554cb041a991486c7ff273f935592f608d4de241c19
0,1,0,0,0,0,0,0,0,2,1,0,636,16000,48000,3.0,95eac15a159d6573c4f43b5748ecca58b5f2c1a3ca9841a9fbacbe169a05dcdc
0,1,1,0,0,0,1,0,1,1,0,0,637,16000,48000,3.0,2a45affe090ff55deaedcd0cfe1ae76b29b8f4fbe6305d2e476431340a31457f
0,0,2,0,0,0,0,0,0,1,0,0,638,16000,48000,3.0,a4d831e1ae8d7ac99a7a8d50ad70e4c3ec44ed1f7c807cb62368728429b2f35b
0,0,0,0,0,0,0,0,0,3,1,0,639,16000,48000,3.0,fb5a8368f52b2401ea1d6c3b39cf72f42bc863687271ed8b520f6dbe1072f507
0,0,3,0,0,0,0,0,0,0,0,0,640,16000,48000,3.0,5a6ef4fe07cbab8f256ef45db46b07f9ec35bca1b4079b95ca085970b7597e47
0,2,1,2,0,0,1,0,1,0,0,0,641,16000,48000,3.0,9048207cb1376f37460883c07e73079b90d2c283df9c63d5087822e59ff63299
2,1,0,0,1,0,0,0,1,0,0,0,642,16000,48000,3.0,becc274ac0fd6dec5af752199ec96a0213498fe035f170f9680ec1261a4ffbc3
0,0,0,0,2,0,0,0,0,3,1,0,643,16000,48000,3.0,0ea7614a17f388eebbed100f4d50aaa6c06d2413f4fee9675bb64a4569816e3c
0,0,0,1,0,0,0,0,0,2,0,0,644,16000,48000,3.0,ceb037ff6994954bc9639c99ae49d7db6af42123d5a50a8941cdb979fdd42d48
0,0,3,0,0,0,0,0,0,0,0,0,645,16000,48000,3.0,d9a6673a6926dbfc8a5059a9c41dc830836be5e367bd221a1fbb393d8d8b5c9a
0,0,0,3,1,0,0,0,0,0,0,0,646,16000,48000,3.0,add444a143156aac4a152c7f8f09b3065d5028adf9c59a6e97f7870876686d41
0,1,0,3,1,0,0,0,0,0,1,0,647,16000,48000,3.0,b9e23b6f792649318485be0d930971c2d52f870c28e6c052bf442ce59733b89a
1,0,0,0,3,0,0,0,0,2,0,0,648,16000,48000,3.0,f0c172b6cfcc394b492403ddc6119798033b798631d44b758cb40cb56a74596e
0,1,2,0,0,0,0,0,1,1,0,0,649,16000,48000,3.0,c89e962c1ecd6b4792ac85295fa0021a41cf5808e65cb7857f48f430cd529bdb
0,2,0,0,0,0,0,0,0,1,1,0,650,16000,48000,3.0,a1f7dd44586f33cb4587503f22c9c21dd9e25bf7e6b50678fb7633d6ee30c45e
0,0,0,0,0,0,0,0,0,3,2,0,651,16000,48000,3.0,b9c61ebd11c66134fe078a269025a85cc9ec8839ce3c1d3b54437713140f21fb
0,0,0,0,0,0,0,0,0,3,0,0,652,16000,48000,3.0,5d7e52f1ee1e098630a228b64f146150328cd65e1be16864dfde366d9cc5b5fb
0,0,0,0,0,0,0,0,1,3,1,0,653,16000,48000,3.0,6a021757b18e07ffde2b0a3b6a6d2b21745d50dca5b0dc514ec1b9d3570d0ec3
0,0,1,1,0,0,0,0,0,1,1,0,654,16000,48000,3.0,12e82c286b2048bf005081f0d3d4d8097f7ce56a18cbccd1d23dafbb6aab006f
0,0,0,3,0,0,0,0,0,0,1,0,655,16000,48000,3.0,3679d27fcbc801bdfe022f119a7e8f2a54f0562e9f8064c537e306691d8104e2
1,1,2,0,0,0,0,0,0,0,0,0,656,16000,48000,3.0,de56ae901e6b05f8714c3c68c27766f0011c5fba821d0f62d03f4aa6d90203cd
0,1,0,0,0,0,0,0,0,2,1,0,657,16000,48000,3.0,3fc9db0c859b7ffb3efa1527a75c1f756dfc972583d1d3d897cbf08c51162ee5
0,3,0,0,0,0,0,0,0,0,0,0,658,16000,48000,3.0,3f737bf435894b0176ff7492cd16408797c230f95d7b245d27e70f937d9a2b40
1,1,0,0,1,0,0,0,0,1,0,0,659,16000,48000,3.0,9e9f44599d4c1028f5524198dde7ea871fcb7e8dfaf52f3ebce278d47236e992
0,2,0,0,0,0,0,0,0,1,0,0,660,16000,48000,3.0,63fc02dd6e729a8922765da9394f297cd5d490eae900c45b780ec89d74b36e02
0,0,0,0,3,0,0,0,0,3,0,0,661,16000,48000,3.0,4ad33d12fd7efda40766c0994bbaed69cc38e516d9336841b1c1427c426ff8d1
1,1,0,1,3,0,0,0,1,1,0,0,662,16000,48000,3.0,83584dcd26d5785d040db014c5d811cb1cd8e54e7a0272a9345deba8dc35f037
0,0,0,0,3,0,0,0,0,3,0,0,663,16000,48000,3.0,c5cccb4504d5ba4c628e1e573579c2c44bdceb1c512d895747ff902fd940edad
0,0,0,3,0,0,0,0,0,0,0,0,664,16000,48000,3.0,9917067808792265bb3688fa90f2b7894baabc308a324e2b91d5d2b93c998ecb
0,1,2,0,1,0,0,0,0,1,0,0,665,16000,48000,3.0,f6c93ab66bb757c6fcc1ce05b77071cbc4437be3633b3ad6159b61c962e705a0
0,2,1,0,0,0,0,0,0,0,0,0,666,16000,48000,3.0,e88f02a13e39ee3aa41700e8babca6a21fea4a3c8a620d3f248c946f3337f65a
1,1,1,0,1,0,0,0,0,0,0,0,667,16000,48000,3.0,516969ec5fd3c564b0934242a5a6327a449e37b016f4a1c23813cdd2f3ada382
1,1,0,0,3,0,0,0,0,1,1,0,668,16000,48000,3.0,6127788502478b635141db459df32ac05b8e540d9113ba5dfed6359a5820d7ba
0,2,0,0,3,0,0,0,0,1,1,0,669,16000,48000,3.0,7446c5a1d6976d394ada0fe9fe0a7231b56b9892c9d5a267c13ae6fee3d81fc0
0,1,0,0,3,0,0,0,0,2,1,0,670,16000,48000,3.0,670ec4530d76fcfd32a48c87b77038d7a77019a4f258c99b1f1b47a72545b28e
0,1,0,0,0,0,0,0,0,2,0,0,671,16000,48000,3.0,766629475047ca319681908cc15c934badc6e960e89ee852096436617aec2bca
1,1,0,0,0,0,0,0,0,1,1,0,672,16000,48000,3.0,d3277360f3e77982defc1544abdefb8dcbce9c496bd55ce711be3ea1d68439a9
0,1,0,0,0,0,0,0,0,2,1,0,673,16000,48000,3.0,3e46418d8721b8d543701fd879d7b028aee31587c23a220bcfb2dc0c49ee9a99
0,1,0,0,0,0,0,0,1,2,0,0,674,16000,48000,3.0,853af8cb47bea5d227d9bf668136463a8f717590ec48abe139deb58e90800101
0,0,2,0,0,0,0,0,0,1,1,0,675,16000,48000,3.0,183f71ebca11aa21eb311ffa7ea59bd060b3b7fdaa1210e048e8762ee6258079
0,1,0,0,0,0,0,0,0,2,1,0,676,16000,48000,3.0,e7b2b95669e43ba3496d7f1955022d0bac6183aeb9fdfed3c34b9454c29701f8
0,1,0,0,0,0,0,0,0,2,0,0,677,16000,48000,3.0,a78ba273503be263c2b90d2f1ccbdffae0b4d2ba343a02871d99b8abbf885618
2,1,0,0,1,0,0,0,0,0,1,0,678,16000,48000,3.0,c5cdc363160f340c9efcf0f463071c6f3d2bc1647a22262a96a11654c9657682
0,2,1,0,0,0,0,0,0,0,0,0,679,16000,48000,3.0,cf5472a73b0926b5370c17c7cab2cc5611bf8caa1dddba236a569956875c520f
0,2,0,0,0,0,0,0,0,1,0,0,680,16000,48000,3.0,5302868cf0882c2b1bf5d768a3db74c3375f958171a7f6c4b225c4759b00f9cd
0,1,0,1,2,0,0,0,0,1,0,0,681,16000,48000,3.0,1545b6c1b5ef0161efb2a0ef2d018df31687da1dc6c94fb4a36562727feb9b8a
1,3,0,0,1,0,0,0,0,0,0,0,682,16000,48000,3.0,c77ce4a7531e891751b6099162c01e08cccb88a392a99da822bd4e4887a9d0bb
0,1,0,0,1,0,0,0,0,2,1,0,683,16000,48000,3.0,c926269b4ad1f500a00ce7c8e4ce7607026a27ca58d020479388ae49dfd597cb
0,0,0,2,0,0,0,0,0,1,0,0,684,16000,48000,3.0,6c7e5f58a57b191511852d821880f6b50e73ebd02e2518e1a81375b51b6ba2c4
0,0,0,0,0,0,0,0,0,3,0,0,685,16000,48000,3.0,5f0cf871b10c95741cd104d20b265371198498cac44180ae3660ec6bfd5556f5
3,0,0,0,0,0,0,0,0,0,0,0,686,16000,48000,3.0,e4e867e95cd131a020a3fcbfef811e6a98b1befece893928b4d6a84090b5b85e
1,1,0,0,0,0,0,0,0,1,0,0,687,16000,48000,3.0,cc6da7d3110c896c547df22deb1e1a871f3e8a74710ebe8e8f8ef73ad0b412b1
0,1,1,0,3,0,0,0,0,1,0,0,688,16000,48000,3.0,7cfeea78b416d08fe4120bfef9d147961432602c306bcc93a1f256db8a400d71
1,2,2,1,0,0,0,0,2,0,0,0,689,16000,48000,3.0,f250e726c510a16f868bb8fe8dfaf59b0314a6c0b0d41a2a115f69e687ad6cad
1,0,1,0,0,0,0,0,0,1,0,0,690,16000,48000,3.0,5fdbc6877dcdb6869a44ba9cd0e5c4ed6a8dfbdff953b53b2cda6e7439c27a7f
0,0,0,0,0,0,0,0,0,3,2,0,691,16000,48000,3.0,536be9239ead28212b6abdfa4181e5c26414e49fe88b898898848c06f7ba1d3a
0,0,0,2,0,0,1,0,0,1,0,0,692,16000,48000,3.0,da5aee18425154861241755048abeb21ee1f473266c216df7d0d73a7153212e8
0,1,1,1,2,0,0,0,0,0,0,0,693,16000,48000,3.0,72a68b4bd41f8b840ca50a03c9f4f3541da68faff8428cb9da2cec39202453ec
1,0,0,0,3,0,0,0,0,2,0,0,694,16000,48000,3.0,0d70cf964fb4aabacacf7f29041fa68afff517340526c11e0018d60c0563f86a
0,1,0,0,2,0,0,0,0,2,0,0,695,16000,48000,3.0,2789bb1bff8a61ebf42fa5d685a2c9f45b94b1561319d85b84647315ac937e9e
1,0,0,0,0,0,0,0,1,2,0,0,696,16000,48000,3.0,aa7c654602efd04a2eda89e7746de7d7c6ea120ae03f8a3606fb436a01033a65
0,0,0,0,0,0,0,0,0,3,1,0,697,16000,48000,3.0,e7c085f31f846554bacf90eb4ba33673f3d19508dbd87a430c8ef8e4d55756c0
0,0,0,3,1,0,0,0,0,0,1,0,698,16000,48000,3.0,8ef0509c8336d66f9d9df3c0b9fd1e09ba27984137b67044afaf76ad7b0dcd7e
0,1,0,0,0,0,1,0,0,2,0,0,699,16000,48000,3.0,a5c5f1d6437c3816d3e80deaec58e7fcf945310e2e38aca613b8c81e9d50ff34
1,0,0,0,0,0,0,0,0,3,1,0,700,16000,48000,3.0,044f7a9d41b327639d467f7e80552ce66ff3ff537c82c11b73129ad2795d7315
0,0,0,0,0,0,0,0,0,3,2,0,701,16000,48000,3.0,a3480bcf0f3467be2ea32eae11917e4daee5865296be654290ed20b98dceba0e
0,0,0,0,1,0,0,0,0,3,1,0,702,16000,48000,3.0,792d59319f7cfeb8b16c6dee9f3d93a23f1022bbb4613abe653e4243926e9d5f
0,0,0,0,0,0,0,0,0,3,0,0,703,16000,48000,3.0,24a2c1909663b9f76fbf7b8dcef33113f0b4b0376445f605b3e1ee82fe1f91de
0,1,0,0,3,0,0,0,0,2,0,0,704,16000,48000,3.0,8bb8be331040467c33eb131a684fd121972ea444557259167917734f1b1ed8a5
0,1,0,0,1,0,1,0,2,2,1,0,705,16000,48000,3.0,04421856ac65b773386dce2c1532779593e1bc8fd3f20a762fca77069700b05c
0,1,0,1,0,0,0,0,0,2,0,0,706,16000,48000,3.0,406ee7e1b44530ca9d9a5ad7ca3202110ba6406a5697473b7e82266df0397b17
0,0,0,0,0,0,1,0,1,3,1,0,707,16000,48000,3.0,165e56917516ee5bb85c73eb0c49583dc3137c9d7e9255eb57a816307b62245b
0,2,0,0,0,0,0,0,1,1,1,0,708,16000,48000,3.0,a2050daf6a2e368ac1d147a36b9d24928d028d13131870b2ccc43d5a1b9e604f
0,2,0,0,1,0,0,0,0,1,1,0,709,16000,48000,3.0,07f3ffd66e5fc298ef7689c0ea472bea2483ad79f62e2bbd1c4cb17beccaa2c0
0,1,0,0,3,0,0,0,0,2,1,0,710,16000,48000,3.0,1fe7a6e8d070519f7a9a61da11bc6033ac0c816283963fe8e065eabea3f85b01
0,0,0,3,1,0,0,0,0,0,0,0,711,16000,48000,3.0,0816ec850b7adc2cf1f8caeb4d71d92291d54299d467ba01597b965f0b5a0bba
2,0,0,0,3,0,0,0,0,1,1,0,712,16000,48000,3.0,4bd90343733d5a3284ec636d68631a2c126b647cbf05661eb5a3ac9254a26ed7
0,1,0,0,1,0,0,0,0,2,0,0,713,16000,48000,3.0,a5ebfe9addd67f07b4b7288917f85a0e94f7e27f6b921d9d0df614608250b48c
1,1,0,0,3,0,1,0,1,1,0,0,714,16000,48000,3.0,0b0b97252d22b5c295401b45ad53c2028aec1036b9efff4833efe43990191e75
0,0,0,0,0,0,0,0,0,3,0,0,715,16000,48000,3.0,bda798d923d311b60c80ec5685495447504de889577d16265ec14f3b9b4d098e
0,0,0,3,1,0,0,0,0,0,0,0,716,16000,48000,3.0,69f7819881d447c91d16f5bfff92f30118f80d67422975c214f810764d1c254a
0,0,0,0,0,0,0,0,0,3,0,0,717,16000,48000,3.0,ea864c9134c3b948179b49054af09e9a16b35a769434ec43f99ffde27ce902fa
0,1,0,0,0,0,1,0,1,2,0,0,718,16000,48000,3.0,eb1896280ba6a82a9f7fd4e43d6cfb722d64525efb92a23954bb65975ac30ad7
0,0,2,1,0,0,0,0,0,0,0,0,719,16000,48000,3.0,956aceef4d1244bb58eb887599e370b42c9e9c3f06a75348aad394bb0241ff8e
0,0,1,2,0,0,0,0,0,1,0,0,720,16000,48000,3.0,e1a57c97d9f23457c3f84a46f157a5bb0842388e0b64139e831d0d3e94fe14d9
0,1,0,2,3,0,1,0,0,1,1,0,721,16000,48000,3.0,97d442ea308da447e5324ab76ee27c961a6e3bea6558f66b712d83273ff5eceb
1,0,1,2,1,0,0,0,0,0,0,0,722,16000,48000,3.0,27838447725787db82e2f43dee98ee05a5f20ced5cb70ea5caa9ab4ba999059d
0,0,0,0,0,0,0,0,0,3,1,0,723,16000,48000,3.0,82e2d9ea67a843bc1d3a22c266b4b6bd7ab05b96f75388cbe2d7e7894667b43d
0,1,0,0,1,0,0,0,0,2,0,0,724,16000,48000,3.0,4a29da2e0fac0126bbd14684157a49480f30850ee6e3a4467d98b5f6b4d29f10
1,2,0,0,0,0,0,0,0,1,0,0,725,16000,48000,3.0,74d58dfd1c9f901802782428ffdad4959adfedfc7c7f6bb6aa0a65cb3a5c18f8
1,3,0,0,0,0,0,0,0,0,0,0,726,16000,48000,3.0,ace7b604aa00c89b9b843dbefa9c6deeffbf2d99789467447b35465609fa5375
0,1,0,0,0,0,0,0,0,2,1,0,727,16000,48000,3.0,bd5fb81c063b5465ef0c3765e99206899312c9e590548012d3e4e24d08c9e957
0,0,0,3,1,0,0,0,0,0,0,0,728,16000,48000,3.0,5260b7e91f3930ba993769310d55d735eee5b5fa535a34aa4f1a12afb1644928
0,0,0,0,1,0,0,0,0,3,1,0,729,16000,48000,3.0,6ca61b4c686f53b9e02a89433fe0eaa2d910338ca2a02dec43922df06b3c216c
0,1,0,0,3,0,0,0,0,2,1,0,730,16000,48000,3.0,0955df3043f040f8ad664ec02f0a7e16767a86fdc6707e91f4752491bf65853e
1,1,0,0,0,0,0,0,0,1,1,0,731,16000,48000,3.0,0c1ecb687726508d174c6dce84ff017cfb3a86a1d46153fe48a9b7ad80150a9b
0,1,3,0,0,0,0,0,0,0,1,0,732,16000,48000,3.0,b00fb512d227af995b4647f12a9d704c8f961717c4d1a8a35c439a2055222a62
2,0,0,0,1,0,0,0,0,1,0,0,733,16000,48000,3.0,5562dec143fa6d955a73bca021916712a09d15d3ce1acf11b13d091e92d895ad
1,1,0,1,0,0,0,0,0,1,0,0,734,16000,48000,3.0,5e776bbd01d4da0c9f73a2ba0692e1d406b4855e751a171cf70e2ab6f765db8b
0,1,1,0,0,0,0,0,0,1,0,0,735,16000,48000,3.0,bbe0b84088e87b13718b6f90dba2cd9ae0f0d026d57cd21bc78883b555415dda
1,2,0,0,0,0,0,0,0,1,0,0,736,16000,48000,3.0,3d67b2815c0c351a3f5cb4bfb619bb00aa443d7e099e935ac2ed8d301db1c176
0,1,1,1,0,0,0,0,0,0,0,0,737,16000,48000,3.0,edb05dbc6f8bfd6d4b620be9def07a65a0fd177d1b76b830add7021fb2839168
1,0,1,0,0,0,0,0,0,1,0,0,738,16000,48000,3.0,e8540e24e63a61a3708d325b673abe759eb6713f526056018974679e2eb56a25
0,1,2,0,0,1,0,1,1,0,0,0,739,16000,48000,3.0,b8ac97e0ad92aa83c1724fb86b0537676a9099fef083fb09aff205572a2ea6d4
0,2,0,0,0,0,0,0,0,1,0,0,740,16000,48000,3.0,c6cbaf508ea8f3460d570bf738f6208a637493943ee9512a5253448052662bfe
0,0,0,0,0,0,1,0,0,3,0,0,741,16000,48000,3.0,d083d78ebe6fe6e3362ccbab3fb0945288c96b4620f7bcf56418a921fe1d721c
1,0,0,0,0,0,0,0,0,2,0,0,742,16000,48000,3.0,7f9c5a170733590d34cb2c363dee55d1c5d089ce37e73531ab4cd30a0a90daae
0,0,0,0,0,0,0,0,2,3,0,0,743,16000,48000,3.0,f48e12b7292f15fb6e7fbea01d6e202cee32642a25e2cfde48bf94676eeed7b6
0,2,0,0,0,0,0,0,0,1,0,0,744,16000,48000,3.0,88d865d5ab93da6a6b91b4c3bf7abff06f0d093df463ddafcae6f361bc6f7050
0,1,0,0,0,0,0,0,0,2,0,0,745,16000,48000,3.0,a82bd271d74dd5d261fd5ee741f5575d7084f72a18d8580d6c27f23c92118c52
1,1,2,0,0,0,0,0,0,0,0,0,746,16000,48000,3.0,7b61fdde41ef94d3f6283a59731659cafb801429ac5ca18f51e80b38242c0a50
0,0,0,0,3,0,0,0,0,3,1,0,747,16000,48000,3.0,9a7c8d989573f01431b1f854396c33d904d608c00ee375005e8432d7cd134b25
0,1,0,0,0,0,0,0,0,2,0,0,748,16000,48000,3.0,30e9ac5fb3a4e94cd3ef276dd9309f59fc2196e1d765b53cc53a454753f91689
1,1,0,0,2,0,0,0,0,1,0,0,749,16000,48000,3.0,e7997b7e507f2bc31a862cf285ad61832bb40cdc97c436a4228d0026bb9c1c4c
0,0,0,0,0,0,0,0,0,3,0,0,750,16000,48000,3.0,c4c0fe04b0aabb6ed2535b944e62a065be0ac68c2fdd92df0ceab790c28ba980
0,0,0,2,0,0,0,0,0,1,1,0,751,16000,48000,3.0,68ae5f13eec03df7f075961e85c2d60c74265c33c1df1071f72e9ed97ac8c1fd
0,0,0,0,0,0,0,0,0,3,0,0,752,16000,48000,3.0,8e44db275cd953382ce428a497d1b60958e555a35d1226c0d8fff8a055616fb9
1,1,0,0,3,0,0,0,0,1,0,0,753,16000,48000,3.0,2e1b2c3d268170e5d3a95037ae928418ae980100504b3893803eaad481de2b37
0,1,0,3,0,0,0,0,0,0,1,0,754,16000,48000,3.0,b763d7a03206a457d21d6c260233a3fd427f9d6db3d7cbce0f171cfb55898f7e
0,1,0,0,0,1,0,0,1,1,1,0,755,16000,48000,3.0,88d9f9111ceb152a9d32f4b72b0855efabe86e594fb86d074f8d984276452991
1,0,0,0,0,0,0,0,0,2,0,0,756,16000,48000,3.0,fbb7cd02039c618c0d4eba5741a59d21dd5eca08db79291441b4d1a5211f51c4
2,1,0,0,3,0,0,0,0,1,0,0,757,16000,48000,3.0,138ab2f04ccaa9b315cd94063b9e20406d71cb7612a0908b1be78e2b88cfd105
0,1,0,0,3,0,0,0,0,2,2,0,758,16000,48000,3.0,f2bac1480a7a24786830b5d843aee39bbd374a2cbe9dc3775846f401bdc546e9
0,1,3,0,0,0,0,0,0,0,0,0,759,16000,48000,3.0,f4ac6f7ba2f297862d841ec3cef70d5378924cd27a94a9c5a8698baaef392e52
1,1,0,0,3,0,0,0,0,1,1,0,760,16000,48000,3.0,479124075333dd28652e5b73d059a6096855a596c7762a9e4ad89e324d26e740
0,0,0,0,0,0,0,0,0,3,1,0,761,16000,48000,3.0,39c1b8f4595b74654a1c6c215015de172debb1c8496075bbe6b47affea6666c8
0,1,0,0,2,0,0,0,0,2,1,0,762,16000,48000,3.0,f0a95fba5dc45f74f8f3d4209eb98ea66251b3489e120135cccacd8a0a6a3c4d
0,1,0,0,2,0,0,0,0,2,0,0,763,16000,48000,3.0,2d77128eb12dbee8193d565c9f675869be633719bfeaab34a623a9d9eb97de3d
0,1,0,2,0,0,0,0,0,0,0,0,764,16000,48000,3.0,5e8f2c8571f981ca3b7d166e430e03f01ae028de877593d72f9f0fd17bfc2490
0,3,0,1,0,0,0,0,0,0,0,0,765,16000,48000,3.0,b031cc84080b17076aad0aae8d1730f43e62cc724b18d28019198b4e4a2be34e
0,1,1,0,0,0,0,0,1,1,0,0,766,16000,48000,3.0,00cda4043f77cad97670737c72c84be41da7f23a7017677b41a744727d267388
0,3,0,0,0,0,0,0,1,0,1,0,767,16000,48000,3.0,cbab5649bcfd3f8228ef95052f8f405e5059d42fc7becbb9c2418abcc78af9e4
0,0,1,3,0,0,0,0,0,0,0,0,768,16000,48000,3.0,80440bc1e43e0c081a268e60b07fa4302b80121294f480dd35f9d6c95718cc1d
0,1,3,1,0,0,0,0,0,0,0,0,769,16000,48000,3.0,0de05744d83f8ecbee1030bf666a736068e8700d670027bae7a1b7b8fd6ae8ab
0,0,1,0,0,0,0,0,0,2,0,0,770,16000,48000,3.0,e23b64829e99cd6123d50b792475854884763aded42c4d6eea4aa736215aabfe
0,3,0,0,0,0,0,0,0,0,1,0,771,16000,48000,3.0,38fbecb6abba1a93929b53f5061d60f1535b4e4896b24b6c4b22d4d1a9c0e062
0,0,1,3,0,0,0,0,0,0,0,0,772,16000,48000,3.0,b62ed097881d7e5f4d0fdb65d92ea77e0696c82e62ca70fb8d7d93dedb7e6711
1,0,1,0,0,0,1,0,1,1,1,0,773,16000,48000,3.0,0d5008211f2f439477beb8cc1d6d1b1c6a129df9cdd4ade8bb6b61fcd85538aa
0,1,0,0,2,1,1,0,1,1,0,0,774,16000,48000,3.0,b1b99c6f0a55136d95316338e7023e6a17ebf9ccf32db68209552c1a7ec37cbb
1,1,0,1,0,0,0,0,0,1,0,0,775,16000,48000,3.0,38d1edfc98f166b2c962a7ecfffe9d68070d7760a56518af70cc5c11100188c1
0,0,0,0,0,0,0,0,0,3,3,0,776,16000,48000,3.0,e9f6b7323d81167d721871e1a9cfeb044776b201abedcaa98d17d9f6940440f4
1,1,0,0,0,0,0,0,0,1,2,0,777,16000,48000,3.0,fc8baae0b389890cd8c984bbf3dc051b649488a7f3111afe6bccc3070a4fabfd
0,0,0,0,1,0,1,0,1,3,0,0,778,16000,48000,3.0,e2d901e00df661bb08347487cfd0f04fc35da7051ee151564a060f3d4c39cef4
1,1,2,0,0,0,0,0,2,0,0,0,779,16000,48000,3.0,a3a2e9244744dbc989a437f7fb53f351c6f8d69fa7a4c9fb888f3c59d77dc49f
2,0,0,0,1,0,0,0,0,1,1,0,780,16000,48000,3.0,267c572c9f3dd2a3f353aeb587afe803789371ddcea24aaff06a6f30e636b2cb
0,0,0,0,1,0,0,0,0,3,0,0,781,16000,48000,3.0,58f7bbaed6664185bef45144a09d80c712f502b99d4b923fb70eebf3db01ba16
0,1,3,0,0,0,0,0,0,0,0,0,782,16000,48000,3.0,87777c3642c1de1b8047468f9b3b12eb6f3eac88c83f3fb137c25b7055f56d67
0,0,2,1,1,0,0,0,0,1,0,0,783,16000,48000,3.0,844b2c28ec7935955b1f006d7d6323f2d36628f0dec9ec832568602a7c937985
0,2,0,0,1,0,0,0,0,1,2,0,784,16000,48000,3.0,84e70e056548f4f7ffefd33567e1fd941c2779c371f630eab780d012f18bcbca
0,2,2,1,1,0,0,0,0,0,0,0,785,16000,48000,3.0,3e70ac5c86ec1fdde30d030a1a2c44df305e537e54c19d4c25fdbe15eea6d7d4
0,0,2,0,0,0,0,0,0,1,0,0,786,16000,48000,3.0,c3ca122c3967f51df9a3584a423492779d3e724ddc3452aab7660c03ec131907
0,0,0,0,0,0,0,0,0,3,1,0,787,16000,48000,3.0,e5f3b309318825df818bd618912b5f8e9a7ec31b6b99a9c8bb9adf1a2c0eed12
2,1,0,0,0,0,0,0,0,1,1,0,788,16000,48000,3.0,508f9d64257bf63708fcb7a8ecd345f9e3c4171992a60d6911d56f5954a39ce1
0,2,0,0,0,0,0,0,0,1,0,0,789,16000,48000,3.0,56ab884bba5b05389bd010ddca7b4f0924f6bb78c46a737f21ff0b5fff82f597
0,3,0,0,0,0,0,0,0,0,0,0,790,16000,48000,3.0,afa1f22395c44c886fd776f8dbea67419f8bbddb5dd83068f4b86a055f224261
1,0,0,0,0,0,0,0,0,2,1,0,791,16000,48000,3.0,5253688b60c341513a3e53198743b793cd7d996e4e6328ca55e0b0dfaf9baab5
1,1,0,3,2,0,0,0,0,0,0,0,792,16000,48000,3.0,1744ea479b4a99bf3da06e1108e255f58918606054d0be9d763e414a9e79018d
0,0,0,0,0,0,0,0,0,3,1,3,793,16000,48000,3.0,81b74025624cd4052d8c3be03b515029c8f124fca5bc962bd9d909f7db4dd836
0,0,0,2,2,0,0,0,0,1,1,0,794,16000,48000,3.0,c17d0a50cc559fd9960a90380f206281305af9292867df0b4b0371a6128e19b5
1,1,1,0,0,0,0,0,0,1,0,0,795,16000,48000,3.0,0da9f2fc17eb8a83c83a9d25cee0fb43302a21ce46e3107f5976de0a21de18f6
1,0,0,0,0,0,0,0,0,2,1,0,796,16000,48000,3.0,b94a9b3ee4d903459ef2b5bf8d8e6d3ed16ac899e834e7b6facc78c7a767b819
1,0,0,0,0,0,0,0,1,2,0,0,797,16000,48000,3.0,d9c3ae41d27dab2a420fe8bec015dcf35063daacd39cd13ad77cc757b79186bc
0,1,0,0,3,0,0,0,0,2,2,0,798,16000,48000,3.0,122a72b5d67e4102bc578a426127696943eb9e4eb2e06f353f8428dff0e4d773
0,0,0,0,1,0,0,0,0,3,0,0,799,16000,48000,3.0,1adf646e70fd89050a612b86e995a4c1f1384233412b79b160f903cfc912cbf2
0,1,0,0,3,0,0,0,0,2,1,0,800,16000,48000,3.0,df95f482472d4a9b0064793f63016d69fef13b2ded98d7f9c1c86932a90ff8b1
0,1,0,0,2,0,0,0,0,2,1,0,801,16000,48000,3.0,cf2d4779fd34bb433afe8c1b99762fdd7b03390911e325bddd6004ba4870773c
0,0,0,0,0,0,0,0,0,3,0,0,802,16000,48000,3.0,078383fccdc143152bf3b1bb8bd023d0c1eb47ee89636687d3289f1d5bf40cf1
1,0,0,0,1,1,1,0,2,1,0,0,803,16000,48000,3.0,b0d9ea5d7980cabd0036a9d3f1acb183bb9854d7291e936f3f78d8ae70a3c9db
0,0,0,0,0,0,0,0,0,3,0,0,804,16000,48000,3.0,f4b36dca6d5cc0ce84f876cb1b55b4130446253b5b7d32cba318de51dc87af51
1,1,0,0,3,0,0,0,0,1,0,0,805,16000,48000,3.0,93d1f001a0babcf63da1a56c99c16da054553402d52e893ac9304db6d25115ac
0,0,0,0,2,0,0,0,0,3,1,0,806,16000,48000,3.0,053bb3d47fd9ae8abecc524761e5c1f9be0fee75ebd62470b23dd295525ea4c1
0,0,1,2,0,0,0,0,1,1,0,0,807,16000,48000,3.0,f891952e12f160c3ad2f9b81fdb10954a9ce356aa5c88119712f31b5757a6079
0,1,0,0,0,0,0,0,0,2,0,0,808,16000,48000,3.0,c85cf1e356beaca4ca370bb76adf0fe798b7beca69e70f05584dd30e78324aa0
0,0,0,0,0,0,0,0,0,3,0,0,809,16000,48000,3.0,53d458a1567db08fe136c66dbafd3ded3e4b117d6600fcaa7aa05912afe31028
1,0,0,0,3,0,0,0,0,2,1,0,810,16000,48000,3.0,91e691bf1c6f5b0d275c5a9c636faf3a063dee063f4acfe12ce30a768c8574dc
0,0,0,0,1,0,0,0,0,3,1,0,811,16000,48000,3.0,6f2bb66a1678870cb20530f9d51e979d53ce3be2da077ebcc29de8699f710fcb
0,1,0,0,0,0,0,0,1,2,0,0,812,16000,48000,3.0,6ab619ca743fc1bcac1baec6fe49a5159efd6b09f59e0c6fb031f4222f4feeb9
0,1,0,0,0,0,0,1,0,2,0,0,813,16000,48000,3.0,3753d21077bd1ea39378a0911554296ae32611793b115dc5542afe0f44ceddc4
3,0,0,0,0,0,0,0,0,0,2,0,814,16000,48000,3.0,de6361eae646b4dd49cd5137f2aa069e4b7d88a636a5f2d6f578907a1fbf0149
1,1,0,0,1,0,1,0,0,1,0,0,815,16000,48000,3.0,6f1d54c902aaf082c6eb73ab0e0f66ad198ec98e5173c314296b859f613b637d
0,3,0,0,0,0,0,0,0,0,0,0,816,16000,48000,3.0,73cb5ac763703fb4a6618dde931f78d8c759e0a2f2648bdebdd9dbc8855d720c
0,1,1,2,2,0,0,0,1,0,0,0,817,16000,48000,3.0,bfa32791c9d8f13764a94d7ecdc1cf4c9de5635498972082279160f0ece854a3
0,0,0,0,2,0,0,0,0,3,1,0,818,16000,48000,3.0,fe8c1819cb546717ffe5e0ed911b42b6f8f8ab73557d7c4883a1425fc3def5d4
0,1,1,3,0,0,0,0,0,0,0,0,819,16000,48000,3.0,0cf794f2df793c7820bf43f05a07fa68a674472f9706fc3371189cedd5c1becf
0,0,0,0,0,0,0,0,0,3,0,0,820,16000,48000,3.0,4ea060e45e47f993b9976bd0a7249a52cb67a90ed9f054852bfc07893c3803f0
0,0,0,0,0,0,1,0,2,3,0,0,821,16000,48000,3.0,7171f28e6c46f9307817641a5db132708741dfa8ac00330ad9a9cd44bd1aa80a
0,2,0,0,3,0,1,0,0,1,0,0,822,16000,48000,3.0,b6018feda0c7fc8ccd38e29e6b3c754aae68f4a7b0ed2b805ac0448dde847c70
0,1,0,0,0,0,0,0,0,2,0,0,823,16000,48000,3.0,f2fd5ae6e681a64c189e23494915512c74913fecc565f96fb49d98f5bfbf3325
0,0,0,0,0,0,0,0,0,3,1,0,824,16000,48000,3.0,10f1d8e6762e5574c3fc11cb3156d5e3f1982bc7a5630ff8b024c621a7139a8d
1,0,0,0,0,0,0,0,0,2,0,0,825,16000,48000,3.0,9ef62a0ba8f937f8ad74221a32cc11490876cd16c98426ef567bd4ee03447d94
0,0,0,1,0,0,0,0,0,2,0,0,826,16000,48000,3.0,35365f6e3f15ffeccd0a95588eb4c06b5ea8e62bdd6206a21c404f7a1c23ef37
0,2,0,0,1,0,0,0,0,1,1,0,827,16000,48000,3.0,22767c20bc1b0fc6330731a73eb3d642708be84fc7a8c5bb8273afb948873877
0,0,0,0,3,0,0,0,0,3,0,0,828,16000,48000,3.0,7d9adf03bd973a6d84d75dd898096dd1d7e2428859967e1d9db97f4306695085
1,2,0,0,0,0,0,0,0,0,0,0,829,16000,48000,3.0,1f9ca649d220083d157a8d38c53cba410ca2c0380002eeb61ef664a55bc5830d
0,1,0,0,0,0,0,0,2,2,0,0,830,16000,48000,3.0,92391992369ee007eabced9a98228fc1d58a0629664e9c2cac3c6692f9128743
2,0,0,1,2,0,0,0,0,0,0,0,831,16000,48000,3.0,3f21f17b67ba700094d12ca042b1411373d30f90e47c481715e4e676288fd55c
0,1,0,0,1,0,0,0,0,2,0,0,832,16000,48000,3.0,485104866e0be1a8302387b526a6263d79f78a45438178faaeb7595e9e396fd1
0,1,0,0,3,0,1,0,0,2,1,0,833,16000,48000,3.0,3be4f980ac7be48589d03f0387f9fa34d38a07416d11a7a0e029b865d443b83e
0,0,0,0,0,0,0,0,0,3,1,0,834,16000,48000,3.0,983579456f6838ea7404ca4309ac4a1020c0178e7fbb1afdaf6b49f06b4503f2
3,0,0,0,0,0,0,0,0,0,0,0,835,16000,48000,3.0,f7dc347cc84c719ef621668797cb777401a5280247ef5b0ae7ef32ee1593039a
0,0,1,1,3,0,0,0,0,1,0,0,836,16000,48000,3.0,6bc79b0fe0b73d42adbca33ef23f71decc67c0d9d53e0789977566603cf1e49c
0,0,0,0,0,0,1,0,0,3,0,0,837,16000,48000,3.0,64e461a10fc18bd72fcf9f0583454e8bf5773aaf35e4645aaeaa38a85e38d787
3,2,0,0,0,0,0,0,0,1,0,0,838,16000,48000,3.0,6671efd3e7a2800931f484f3904e0138d54aba122d33f73eb0fe43f7fce53123
0,0,0,0,3,0,0,0,0,3,2,0,839,16000,48000,3.0,69898b0ed6fc86062a4cc7813f8b6646a7b2099646b593a99a7268e8e6cda320
0,2,0,0,0,0,0,0,0,1,0,0,840,16000,48000,3.0,4b09ddb27e86c59033a37ca54dd4075d118eead8644201d493fd45c7414726c0
0,0,0,0,0,0,0,0,0,3,1,0,841,16000,48000,3.0,f75746a892d7c133db3b5053a6b4b282d039142619191d8be315c871b2be41b4
0,0,3,0,0,0,0,0,0,0,0,0,842,16000,48000,3.0,908d54efe4af4dfa3a164c23a4094c691a7100fd7449351411cee389a885d76f
0,3,1,2,0,0,0,0,1,0,1,0,843,16000,48000,3.0,87bc391bc0abe63a9543d52902607facd05d3a392be55327f1371cf7d0860021
1,2,0,2,0,0,0,0,0,0,0,0,844,16000,48000,3.0,00bca62ddd67f46ed0bcb877445eb287e88ac621c1b1e82a5d43812350ea4277
0,0,0,0,0,0,0,0,0,3,0,0,845,16000,48000,3.0,99445c177b482e66d8ecf40dfbab96e3793655c7118c86fa0f8cf0503dd3cb05
1,0,0,0,0,0,0,0,0,2,0,0,846,16000,48000,3.0,77565bf53df0f16cb6e0503c86c7a657518e6c178970df47a15c30740ace66f7
0,0,0,0,2,0,0,0,0,3,1,0,847,16000,48000,3.0,daddc81b7d38ad2f502236d957124ab386a6ff194c35289058403c81153cd37b
1,0,0,0,0,0,0,0,0,2,0,0,848,16000,48000,3.0,5c1363bc559505c5e6cd5e081b11f45e25c36424b7c1730a39ca60acb9243cfb
0,0,1,0,0,0,0,0,1,2,1,0,849,16000,48000,3.0,463202fd9278fd38d8bb5115a70f43b4920c3f06dd07e227a642e897a23ef71c
0,2,0,0,0,0,0,0,1,1,0,0,850,16000,48000,3.0,08312942e1e3334c86cae1f6030a52e47b2384ef34632da263231af541ee7259
0,0,0,0,3,0,0,0,0,3,2,0,851,16000,48000,3.0,1b72a189620aef6918ef7ef1efc6b81bbd699ca95bd3e8224a244e3ebefb842a
0,0,0,0,0,0,0,0,0,3,0,0,852,16000,48000,3.0,66fc1138764c13c8f51dd2a32a966c5b2b46ec12876fd1e943f888d11e3e79e1
0,0,1,0,0,0,0,0,0,2,1,0,853,16000,48000,3.0,508dda01f803e2be5a4aaae71c8cde31684fdd3f4b49d7a4cab98e49fafd2ace
0,0,0,0,2,0,0,0,0,3,1,0,854,16000,48000,3.0,8406318a4f598c17141cdd22ae31d7fd0dc6295a5a33891a4f6868c1e35217ea
0,2,1,0,0,0,1,0,0,0,0,0,855,16000,48000,3.0,ba7122f95bb973357beb403fce42650b39c780e643851e6d35462892d3a50001
1,0,0,0,3,0,0,0,0,2,0,0,856,16000,48000,3.0,27dce21c2f1bd251108c02c6d96638275326a3c7324d11a4b8b238b6aea9be0e
0,0,0,0,0,0,0,0,0,3,1,0,857,16000,48000,3.0,8609aa6116e2d8518d6fa345b6df61fd1e8d521605e605207ba3e65c860bdee2
1,1,0,0,0,0,0,0,0,1,1,0,858,16000,48000,3.0,9e838b998b009e43920d10e3b545592ab22294bb025ecfe8903370a1a3524d47
0,0,0,0,3,0,0,0,0,3,0,0,859,16000,48000,3.0,387c5642a14575bfb5be8d2971eddbaa2c7506a96e64962aeefd1cc284a5dc9e
0,0,0,0,0,0,0,0,0,3,0,0,860,16000,48000,3.0,4b1c91498d0359bb077588afa1ca4cc7905dbc37b61eb94560313821dcef7c63
0,0,0,0,0,0,0,0,0,3,1,0,861,16000,48000,3.0,1820b6dba34d1c8fbd1fbe6b587fb03cee0439319cb2dccdacfc8d6c2b266b19
0,0,1,1,3,0,1,0,0,2,0,0,862,16000,48000,3.0,b539a69aceace662602756ecbf76e8b0096667c1233b3adb0c9601a658c65356
0,2,1,0,0,0,0,0,0,0,0,0,863,16000,48000,3.0,3367e7f5e01969dcb4f4314483146fdc29038db9e83ae2dbab11d44da86e993b
0,1,1,0,0,1,0,0,2,0,0,0,864,16000,48000,3.0,b1a74cabeee6493de9816e86cbce5bb818e06c33f4dd8ce13e241a24d505f420
1,2,0,0,0,0,0,0,0,1,0,0,865,16000,48000,3.0,234876491eaba898525083433ab5258d31eacbf11b6e2bbe1c9a4008178341c2
0,1,0,0,0,0,0,0,0,2,2,0,866,16000,48000,3.0,8ae37c26f4e0e74684579ff6a1c47c79e828bbb10e4bc7e43213610544461ebd
2,0,0,0,0,0,1,0,0,1,0,0,867,16000,48000,3.0,a3f88a509cc0bd81ae05adecbcf5c76201deb07fd6d908e225fa41cc2b057955
0,0,0,0,0,0,0,0,0,3,0,0,868,16000,48000,3.0,8406da85b83bb70200568768debde96bb079a21af87282812b86e04f27beecfa
0,1,0,0,0,0,0,0,1,2,0,0,869,16000,48000,3.0,62bfb5839131974d1cca1f751b24b501269eb82c52e394f6e38c99b10c2d4eb9
1,2,0,0,2,0,0,0,1,0,0,0,870,16000,48000,3.0,e0ff94c2f540f883efe81c5837ca98e3de9a734ad56e183f062d26450e35f68e
0,1,1,0,0,0,0,0,0,1,0,0,871,16000,48000,3.0,066fac91a8dc863b005347125b84c5cb3a593f9853dcd4c5f109c529a1e39bd9
0,1,2,0,0,0,0,0,0,1,0,0,872,16000,48000,3.0,2ea269ac8bb4fde21742c06ce7ca6fc9337a8d8bd6d2d1c66b351fbf273aef57
0,0,0,3,3,0,0,0,0,0,0,0,873,16000,48000,3.0,4341a1d60868c6ba19f544fa44abc961b2f75f8d9a55fcf296d583347bce395f
0,0,2,0,0,0,0,0,2,1,0,0,874,16000,48000,3.0,ed16575686ac1d27f626c4542fd6aa181ab36886968ed9141024bde57d76021b
0,0,0,2,0,0,0,0,0,1,0,0,875,16000,48000,3.0,bbafac787a84d32953268a7c7e73bfe90edc9acc2df15fbb5a0c1b42fb23618c
1,0,0,0,3,0,0,0,0,2,1,0,876,16000,48000,3.0,5839942c09a48bf2e5880b47733ff368e9b322b0dff175164fb95164f7bd82df
1,1,0,0,0,0,0,0,0,1,0,0,877,16000,48000,3.0,dbddb2f00b5a607a9066e043ed64f69c2fb8b410501b5107ce5519e475f12324
3,0,1,0,0,0,0,0,0,0,0,0,878,16000,48000,3.0,4304b674ff321597fafacf26621b1ca1f99a74dfd325a19bbbc96a1f2ceb0316
0,0,0,0,0,0,0,0,0,3,1,0,879,16000,48000,3.0,9d8288b4d3ef007bebad356badfc6de4cab5aae038a0a0999fbb3f1117f247ee
0,0,0,0,2,0,0,0,0,3,0,0,880,16000,48000,3.0,c57e5580bc296fa9dd01598d8534218f3554df9bba834322e1da33092fa3c23b
0,0,1,0,1,0,0,0,0,2,1,0,881,16000,48000,3.0,92939b0637e61411ae6773a47b056289b42fd1d3829d2a2b57fced3566c1b4b2
1,0,0,0,1,0,0,0,0,2,0,0,882,16000,48000,3.0,f07d4602f9c4022c7df0f6672c54dd0ab7d80c31ba3b51e2fa7c0b3f804e9bd2
0,2,1,0,0,0,0,0,0,0,1,0,883,16000,48000,3.0,b53c9468f4f652d000bc5c6b96e56f741786bff327f6e0bf0931794271ab492b
0,0,0,0,3,0,1,0,0,3,0,0,884,16000,48000,3.0,61765351f5165e8d60a54d4f714d2df29480bd18aacdfc1bbd0204e77da3532c
0,1,0,0,0,0,0,0,0,2,0,0,885,16000,48000,3.0,13673bca74e3a6580b21d48fa381b0a7ccf1f2be5d2e73a64326a41ffe97b7d6
0,0,0,3,2,0,0,0,0,0,0,0,886,16000,48000,3.0,8fc2c171a6ffb538814722516dae4b0229b6553b7d4064e5e4ef14d73e75cda3
1,2,0,0,3,0,0,0,0,0,2,0,887,16000,48000,3.0,ead43120bbf7e7320e488d9e1921a305e95f83f265e6e782f602c759362618d7
0,3,2,0,3,0,0,0,0,0,0,0,888,16000,48000,3.0,34f4fe5849535e679896c17de2a26e4ca5315e09e52ea4725c62dc4d3e80217d
1,0,0,0,0,0,0,0,2,2,0,0,889,16000,48000,3.0,da0045120fbba389fb5d9eef4e2f874f7166e50095cb393513f6679ac341d263
1,0,0,0,3,0,0,0,0,2,0,0,890,16000,48000,3.0,a9c20110ecbf65d210871dcbc3babc329a6e2e94877913fd7ad53cd2b3fc6d50
0,1,0,0,1,0,0,0,0,2,0,0,891,16000,48000,3.0,c9181c1d0fe887da1d5bb6fdd2a13fe37e77e7498cc1a76e489b8023b8f01068
2,0,0,0,3,0,0,0,0,1,0,0,892,16000,48000,3.0,5cf7694f4f7526c423ab0555c377a792ea882d923dc7aa5ad21a15c00184cc30
0,1,0,0,0,0,0,0,0,2,0,0,893,16000,48000,3.0,ee6669821342d26a5f10bd9d02e604414d19ee2939f450a81d37bdc92fde5858
3,1,0,0,0,0,0,0,0,0,0,0,894,16000,48000,3.0,ab5590497b51bd8eeb89090db4a14804b086619ed1a15f4885097cd8434a5695
2,0,0,0,2,0,0,0,0,1,2,0,895,16000,48000,3.0,7eea6b98b26aa6aa7c77201e6fcb0cec3a54ccf2fda2a15c8c8ba9ff95f2bd5b
0,1,0,0,3,0,0,0,0,2,0,0,896,16000,48000,3.0,a78a8c37a942954bcab8836d09ad8f1f93bb8b391fd3d8a63ef8f0fdd0c14adb
0,1,1,0,2,0,0,0,0,1,1,0,897,16000,48000,3.0,8450b87ab5c6bee583774688f18f1206be454cb40197c326d81041783825a5d8
1,2,0,0,0,0,0,0,0,0,0,0,898,16000,48000,3.0,7bbf7b51506d570fc7d6cd1b6ec73f09dde998ce5f7304f6e20e7df7bde16604
0,1,0,2,0,0,0,0,0,0,0,0,899,16000,48000,3.0,e881505891d7b26016d8c88ca243aa2dd953ceeb8d19368e98d06fd175b1459b
0,0,1,3,1,0,0,0,0,0,0,0,900,16000,48000,3.0,df1aef2d015a3d603fc71526fb4ba54cc4580fcbd51ce32f3703d9a00f90ba3d
0,0,0,0,0,0,0,0,0,3,2,0,901,16000,48000,3.0,b4f48ee94d86a7986bbe63b94058e01f9fbf76ebd78c68479bf0bafc5224f757
0,2,0,1,1,0,0,0,0,0,0,0,902,16000,48000,3.0,13d9530e99c2c1a7cc7033debfb7e4b6f95b44e1ba3a8f8b15e51c35d7a24b4c
0,0,0,0,3,0,0,0,0,3,1,0,903,16000,48000,3.0,e32ab48a682ccda864e2a5e101357d11885802ec1b9223c4a1c973ccdfa0bab5
0,0,0,1,1,0,0,0,1,2,0,0,904,16000,48000,3.0,65b07feeb87534797439bd412bc7b7b893a33f84e89d238cac17465759b302a6
0,0,0,0,0,0,0,0,0,3,0,0,905,16000,48000,3.0,eab6b0f8ad12767887ba71ab47f245fd3505198a8465dd2eb7c0d317ff9ced92
0,1,0,3,0,0,0,0,0,0,0,0,906,16000,48000,3.0,201600dde9ade913f0a6dae1848ff734b5b82746fd8ee444cbe164146f987328
0,0,0,0,3,0,0,0,0,3,0,0,907,16000,48000,3.0,232aa9fa6cec74ac34d531da9eaa05f48a0903089fa9dd094f29411e88b7bd03
1,1,0,0,0,0,1,0,2,1,0,0,908,16000,48000,3.0,a452098e8b7bf21a775960ab21972234124a3d165fedc59275f7f09b6c05b8ff
1,0,0,0,3,0,0,0,0,2,0,0,909,16000,48000,3.0,cc8c061a5da19a932472b048f2fb9a839b81a4a3c389532b5f42d24affbea2fd
0,0,0,1,2,0,0,0,0,2,3,0,910,16000,48000,3.0,e906ba82ab18fdf60143674406342312f7411f300ce3343e5ef5c0db82dae1a4
0,2,0,0,0,0,0,0,0,1,0,0,911,16000,48000,3.0,8a5677ff7a7d3150b927e1ed36c64cda89e819e22871a26e2ebe086df385546a
0,0,0,0,3,0,0,0,0,3,1,0,912,16000,48000,3.0,24634cf964df806b4d90ff0d2344bb5133c5f63b49197fd0c332600937ae5bba
0,0,0,2,0,0,0,0,0,1,0,0,913,16000,48000,3.0,37deb7f6e1318c82a6571eb830a8059e9032ed30d424f29decb8cefeead469c5
1,0,0,0,3,0,0,0,0,2,1,0,914,16000,48000,3.0,672ad263010c3cbdf32a6f569e3c1d6556215bc3c2c41a06f16cb9d2aed31903
0,1,0,0,0,0,0,0,0,2,0,0,915,16000,48000,3.0,ac6bc298634295b0b49ce2dd7f59c320a06ba18f235ce6860eb878a6dfc9e913
0,1,0,0,0,0,0,0,0,2,1,0,916,16000,48000,3.0,3d8994e33d8436ffdb7fa7793afaa1802653d10ad42fcc0b5fc65a63cdde2d4f
0,0,0,0,0,0,0,0,0,3,0,0,917,16000,48000,3.0,b08161a808b2bc9593b69ffa00951e2f2273ce227534b9fc3d03ca1df81027c6
0,0,0,0,0,0,0,0,0,3,0,0,918,16000,48000,3.0,f213b21ad64c18231bf8d3a43c61e98c8139511bdbdabdc9573eb7d255c5d68c
1,0,0,0,0,0,0,0,0,2,1,0,919,16000,48000,3.0,9a104fb0a8046572d2d9063069d54f63dd5d2293c462e104b9727bb2fc40beb6
0,2,0,0,3,0,0,0,0,1,1,0,920,16000,48000,3.0,a0c2d2ac79e34d44b79407c53f45a18df8c8911d861d3d94b4ab9890733fd0a8
1,1,0,0,3,0,0,0,0,1,0,0,921,16000,48000,3.0,6ba38b264c312225e2c027eda4ad2957e3691251aa9c11786df16466d4d10a1f
0,0,0,0,2,0,0,0,0,3,1,0,922,16000,48000,3.0,914223825da4529e46ff695a7466e135a75375253c9bbd99e277b7747e0f001c
2,0,0,0,0,0,0,0,0,1,0,0,923,16000,48000,3.0,b17811503a09b400fadd59fea00ee509cdc42771ff0db18f465aa321a239441b
1,0,0,0,3,0,0,0,0,2,0,0,924,16000,48000,3.0,af830f170d9037e99d2cfa71d25b80d4d32959987574696183a852bdf6b668a5
0,0,0,0,0,0,0,0,0,3,1,0,925,16000,48000,3.0,088db4044407533ada309d47e5079cab7b659c6dd37b78608ea92615e326c2b4
1,1,0,0,0,0,0,0,0,1,0,0,926,16000,48000,3.0,8f9a2a64fac8f8b977f3f11fd7dbc5fce2f7134d24621bf011d1da7794747585
0,1,0,0,3,0,0,0,0,2,1,0,927,16000,48000,3.0,84837126fed40a480bd12c8e867bd6420124bd969ee52da57ce8808f2b8eab85
0,0,1,0,0,0,0,0,0,2,0,0,928,16000,48000,3.0,980c37cf26e2fc0deea29311df7b4ab89866d64cd4ddf0d3cd3f67eadaaf1d04
0,0,0,0,0,0,0,0,0,3,0,0,929,16000,48000,3.0,42bf75c359bdffe7a010d416349c04d2cc4ffff7b600ded13a8f5ee24de8cd49
1,0,0,0,2,0,0,0,0,2,1,0,930,16000,48000,3.0,42909ce2aefc30f46572961b8886375faacb1fd575c43fe5bf5ebd6a856d166c
0,1,0,0,0,1,0,3,1,2,0,0,931,16000,48000,3.0,76e609bd5f2a5f2b67f5872acee2b618b09195ae4cfd31dc8df196ea1a103ed0
0,0,2,2,3,0,0,0,0,0,0,0,932,16000,48000,3.0,cea758562cac79b0ecd742e404d94177492b70bd1ebed329274390ecd8d1d8f8
1,0,0,0,1,0,0,0,0,2,0,0,933,16000,48000,3.0,3e60e64d0aa12ad8fd714558992cfc910c6b306a494170e15ce49fee527d21a4
0,1,0,0,3,0,0,0,0,2,1,0,934,16000,48000,3.0,812a550ad8578c4cd601714639fafacc22272890e1b0075d625f0687d093d1f4
1,1,1,2,2,0,0,0,0,0,0,0,935,16000,48000,3.0,e9b91dd0d6491f284dbcd17f224a71c608b1c5b2512a474e109949511154aa3d
0,0,0,2,1,0,0,0,0,1,0,0,936,16000,48000,3.0,1e733604d0714b4366965a9f2935705ba088637b754db4e119aa7989d879c980
1,2,0,0,0,0,0,0,1,0,1,0,937,16000,48000,3.0,5cb9fb657fbc91e2d165b3049db3788851f3dbbd0b4379bc50d96a44ecfe8b41
1,0,0,0,0,0,0,1,0,2,2,0,938,16000,48000,3.0,46fb8607642cc29c3651496c848dbd56d2d8e7ad08b70f7d022bb5193a5238b6
0,0,0,0,0,0,0,0,0,3,0,0,939,16000,48000,3.0,8981711301a20384063a5a420a887ea83b08064fa9efe8df60b2448923b102f2
0,0,0,0,0,0,2,0,1,3,0,0,940,16000,48000,3.0,355ac5c02904c918fa30ff472e42eef2c51489e31642776dcd7a817fd879c4e9
0,0,0,0,0,0,0,0,0,3,0,0,941,16000,48000,3.0,2609f6fcf2471795066fcd8472480a0a3386f24a1a83a452b86545f671331a82
3,0,0,0,0,0,1,0,0,0,0,0,942,16000,48000,3.0,a388d50bc26395ed494af568fe70ea562dc3e88bb252d87ff50f14e0e744432e
1,1,0,1,1,0,0,0,0,1,2,0,943,16000,48000,3.0,4f0702bf10967dc54d5decf65632c96f4c757ad037be6449284c86609ce147e4
2,0,0,0,2,0,0,0,0,1,0,0,944,16000,48000,3.0,ab09b74d8a362a84690db7b54413e042ea2bb22f1aaf164f39220614638e4d1f
0,0,0,3,1,0,0,0,0,0,0,0,945,16000,48000,3.0,2e6c159215d1c58065abaa274213c6828c249c88180c5ffcf94fd0c75999d8f3
0,0,0,0,0,0,0,0,0,3,0,0,946,16000,48000,3.0,961b5fb3cd188b2fd742a609703e16b2f2b60d63241bd8d598d56f67b4af1917
0,0,0,0,0,0,0,0,0,3,2,0,947,16000,48000,3.0,39cfb84b52ee0388c1e4004ad5c251c41feafa0631c31b3639e2d73b78ad5f53
0,0,2,1,0,0,0,0,0,0,0,0,948,16000,48000,3.0,c33926bcd4f7acb3b0b64b39c76d74ac72620ca2b59e703e3d5707b17f086a47
0,0,3,0,0,0,0,0,0,0,0,0,949,16000,48000,3.0,59b511eedbe774c544df72e40afff4738e81b5221a1427170a4baf9f168ed4ce
0,2,2,0,0,0,1,0,0,0,0,0,950,16000,48000,3.0,b24c3409a13cb9ae60d297d1b77adb7eba04e6266576d8c4d5706e3e8be2fe39
0,0,0,0,0,0,0,0,0,3,1,0,951,16000,48000,3.0,caac1aa60f40e02bfbd8c10c801252e6f7c912233abd7cf14a729bdaede43541
0,0,0,0,1,0,0,0,0,3,1,0,952,16000,48000,3.0,ec1c3bdc9ee328ef5c398d6fb1b909bbdbf417421edec84012ad99df0be67272
0,1,0,0,0,0,0,0,0,2,1,0,953,16000,48000,3.0,9f2241147793c222903f3827fd3f17b2a1e9c5ca865241fc7d6bcc7e86dc7ae7
0,0,1,0,1,0,0,0,0,2,1,0,954,16000,48000,3.0,f0f5f745c90ea808b9be18f8f8aa4392d7050f243ad1ac10d99aab44c6f5858e
1,2,1,0,0,0,0,0,1,0,0,0,955,16000,48000,3.0,423346d48841bf22b747e6160084886b503dca847d99a093ae8fc6a4d20e4076
1,1,0,2,0,0,1,0,1,1,1,0,956,16000,48000,3.0,13a739e4f90d88dc2151d6a469d9316e43ca14ebeeac67863e177e854173c2b9
0,1,0,0,0,0,1,0,0,2,0,0,957,16000,48000,3.0,87a4aa7586d2cd1c898d5f1451f7c760e65de168f20e3c07c9618fb4be4afc18
2,0,0,0,1,0,0,0,0,1,0,0,958,16000,48000,3.0,535097345d6e8d03cf7a9a7d568de39996847369466e51ff2cbd7001a7fe6009
0,0,1,3,2,0,0,0,0,0,1,0,959,16000,48000,3.0,4d9504fb5cf5456a9bb038f999b14bc1a5737bfcd04305425e4ef2681c621e8a
1,0,0,0,3,0,0,0,0,2,0,0,960,16000,48000,3.0,9bd5232ec3bd82d11a81a9775a9e9351454b08ba19716f5e15eb587d02b1106b
0,0,3,0,3,0,0,0,1,0,0,0,961,16000,48000,3.0,ea2852f3fb32e74c90794922ce6bd76fbc369537d7510b8ef608d1e468b8906c
2,0,0,0,0,0,0,0,1,1,0,0,962,16000,48000,3.0,52f060e170c5558324c7288ae88e4c7a622f90faa4e40caddc6017ea73c597e1
1,0,0,0,3,0,0,0,0,2,0,0,963,16000,48000,3.0,7a29c26d0a7f93aef47ff93f3f545028c07c0c7d529bf50827593032caf6978b
0,1,0,0,3,0,0,0,0,2,2,0,964,16000,48000,3.0,815988f1c1bd4f3ae5276fa2cd01a2b87d89613be1357b7240888ed1f07c95b1
0,0,0,0,0,0,0,0,0,3,1,0,965,16000,48000,3.0,b8e466c9d1cb453365f89faa13c8a3793287068c2cce008f16aeb981868f3c6d
1,2,0,0,0,0,0,0,0,1,0,0,966,16000,48000,3.0,7e273943b9902624669d3295c5e39f52093ea5e1435acf2575546ca4fd974942
0,1,1,0,1,0,0,0,3,2,0,0,967,16000,48000,3.0,39f5d058b1985d7d5a7477b6377e2dd5ba654b5fcd1ed683985ef2ad39d484bc
1,2,2,0,0,0,2,0,3,0,0,0,968,16000,48000,3.0,764f87a9a0d3c09cfe12e237b5eb1943daef1698c2f5d92fa28eb68f76f73455
0,1,3,0,0,0,0,0,0,0,0,0,969,16000,48000,3.0,68c273d861b4e863062ba3e05a6d1fe0a216b2ed3b2160ccb6ae04f8f84d6f99
0,0,0,0,1,0,0,0,0,3,0,0,970,16000,48000,3.0,1e52b28b0b62434a7e53d6abab2476637ff122afc24ea2322a9327b081186170
3,0,0,0,0,0,0,0,0,0,0,0,971,16000,48000,3.0,d820a3b87bbe47bfbbf691925955d7f44fd1fa6238126adb9ee64e5fe383295e
0,2,1,0,0,0,0,0,0,0,0,0,972,16000,48000,3.0,4fde4761da3e158bef59093be59f8b4bd6e5597d3115deb75c1cefb02cdcf06e
0,1,0,0,0,0,0,0,0,2,0,0,973,16000,48000,3.0,ced216ca5f885da8fd6c9baae7919839cb7157961d4298de127cff47b1df7e4f
1,1,0,0,0,0,0,0,1,1,1,0,974,16000,48000,3.0,eb9c06ba9fa3d390b4a096cfcde6fa268063c35779e1bb5952c15d7de023530d
1,0,1,3,0,0,0,0,0,0,0,0,975,16000,48000,3.0,bcdada69abd132ce74cc35110c6a6a48e58413d5b730fb62c1ab7aed40b57565
3,0,0,0,0,0,2,0,0,0,0,0,976,16000,48000,3.0,afeca0969d2a990f4ce6f631508ab86f5d80d877c9b3ff7f3bcff4828c8494d1
0,1,0,0,0,0,0,0,0,2,0,0,977,16000,48000,3.0,fcd9a340d202a8d5f514fd0f1148bdd62ce67ebbcec145336bc304cd471ad4cd
0,2,0,0,2,0,0,0,0,1,0,0,978,16000,48000,3.0,59bd67277e221bfc7ab42987ee09a67c636ef5359f41d6998b12d8a5a951b25e
2,0,0,0,0,0,1,0,0,2,0,0,979,16000,48000,3.0,0a54c4bfd8d40569ccdfe9b9d7fa01e32a3857c5ff35dfacc61c853d1c8b38d0
0,2,0,0,1,0,0,0,0,1,0,0,980,16000,48000,3.0,d01fdb27af28514e7d545365917207f8ab1053e5a12c0989482a65d8a6f545f0
0,1,0,0,2,0,0,0,0,2,0,0,981,16000,48000,3.0,419cfd672b9f0b141bdbd04be28e99f921ddb9c95ea8be536fcf5cb456748190
0,1,2,1,2,0,0,0,0,0,0,0,982,16000,48000,3.0,671858e0dcdf2a27b549e6dbf86f6bc6949c42c1ffb0e6d192d0bb3e46773816
0,0,0,0,3,0,0,0,0,3,0,0,983,16000,48000,3.0,23c5b2f9c402b1c75dd1e90ddb5e36fcc9f18e7e87a642656469482dad028015
0,0,0,0,0,0,0,0,0,3,0,0,984,16000,48000,3.0,5bfb8dcc6e52f8f7f4d74a87c35118abbf88d740b154378a12e3a0df3f0906a6
0,0,0,0,0,0,0,0,0,3,1,0,985,16000,48000,3.0,82f925a220a068392423a972ff62f7a3313dcc36e567e3a3c0efec6c14b1c4fa
0,0,0,0,0,0,0,0,0,3,0,0,986,16000,48000,3.0,6a40d6b9d12fda26b626da656e6e803ab891924b44adf72c9e2a5f2f3e0e2e6a
0,0,0,0,0,0,0,0,0,3,0,0,987,16000,48000,3.0,3c5c50134e128db92edcd17c6f54588d198b3846b557122def51df2615ad3446
1,2,0,0,3,0,0,0,0,1,0,0,988,16000,48000,3.0,86a96c744f6b5bb6dfb96477dd5c08ec7feb632ba178805cc3a8e0c04fcdb317
0,0,0,0,0,0,0,0,0,3,1,0,989,16000,48000,3.0,6f76db8351cde665ae259b3c9609a909b5110c5f824dea0f4ee9d74d4659050b
2,0,0,0,2,0,0,0,0,2,1,0,990,16000,48000,3.0,8afb87c240bce53046f054b21c6c8e5719e0204ac7318e74893b0fa00860cebe
0,1,2,1,0,1,2,0,2,1,1,0,991,16000,48000,3.0,371477c59e02ed92f9e1ee8951f5a9b00160e3ccfc90916aa853b2d6d2c88e14
0,0,0,0,3,0,0,0,0,3,0,0,992,16000,48000,3.0,e69d8b45c5fa295f70c18798b2b8dcd9a8d89bf214d29a5c792bf8e410d1a44e
0,1,0,0,0,0,0,0,0,2,1,0,993,16000,48000,3.0,d95df02926e40189c5971842d4bfdbd44e0c1b17c3ecafa185465d9e506bd077
2,1,0,0,0,0,0,0,0,1,0,0,994,16000,48000,3.0,0bdef5f52d3331c09ac56a287c5b2415b0ffd147eb640166d34a23ef388ae397
0,1,1,1,0,0,2,0,1,0,0,0,995,16000,48000,3.0,367216ff52daf910dddc5c6f98d596a7fc8810aa5ac2fb0693109a2cca2643fe
0,1,0,0,3,0,0,0,0,2,1,0,996,16000,48000,3.0,fb7c5d8e73087125c1d329f2b93591f237ccbd7387c86dbe724959c8e2a96d40
0,2,0,0,2,0,0,0,0,1,0,0,997,16000,48000,3.0,050a5550befd9b2ba336aeabf7e7524934b51e074e14eb5c5b5f41735150121a
2,0,0,0,3,0,0,0,0,1,1,0,998,16000,48000,3.0,47f15ebbb898775ebb7da1ef0690bbf141fc275d447337b82248325b376d6d84
0,1,0,3,0,0,0,0,0,0,0,0,999,16000,48000,3.0,7073e3a965e3633b42ec3530e842a328148c02ba67fd442ed15026a3ee97ca49
0,0,0,0,1,0,0,0,0,3,2,0,1000,16000,48000,3.0,ef2ac73c3fd3a08f8ce442627f073ad5ae45f553d4c2d225c4993e836cfb3e6f
0,1,0,0,0,0,1,0,0,3,0,0,1001,16000,48000,3.0,f1ba49429ae1f8f7e19a2a8a699b6ed9799b1d45b589de422604771f5462f704
1,0,0,0,0,0,0,0,0,2,1,0,1002,16000,48000,3.0,dec851603ac07917bed760563d085edbf6e51fdba578ba1a2b57c2de0e064caa
0,3,1,0,0,0,0,0,0,0,0,0,1003,16000,48000,3.0,acad1a4c82550e46b6e74b30afcac0bfa2b1552fd6f4b883ffe6fd3b602c7a45
1,0,0,0,0,0,0,0,0,2,3,0,1004,16000,48000,3.0,de74262872ccf3fa7870e83f2b678ad21d7f1fc4f3e5b35038314603f6ae7b20
0,0,0,0,0,0,1,0,0,3,0,0,1005,16000,48000,3.0,0d684e9d1a7ca50db9cc4b4ddc4b9606da0dc7af6de0c1f8d960d5271031403e
0,1,0,0,1,0,0,0,1,2,1,0,1006,16000,48000,3.0,663e434d7fa4e9e00b71754a75c2d3f678f4969ac0fde59665b46accc317f51a
0,0,0,0,0,0,0,0,1,3,3,0,1007,16000,48000,3.0,7e7f6cdfd39fba5fb78a21d6667dcef05d9b7f9e3a26e749b0896d3543fa8377
1,0,0,1,2,0,0,0,0,1,1,0,1008,16000,48000,3.0,a5882f6c073621bd53d9b893fc230a25f412c481228b589d96106dd247d11c8b
0,0,0,0,0,0,0,0,1,3,0,0,1009,16000,48000,3.0,d588f18676a1d77cf1e424d052095fba0686b02fcc7059a5420fcf5d69f87964
0,1,0,0,0,0,0,0,0,2,1,0,1010,16000,48000,3.0,eecbe610c4920cbc7a3ec4fca01a27c379bdead5702f53cdc94a211cc2147933
0,1,0,1,0,0,0,0,0,1,0,0,1011,16000,48000,3.0,78ff1f5f3d67d5aa879c178a470c8ccc9bbc9fc3ce0ff6db86ef1c099c711016
0,0,0,0,3,0,0,0,0,3,1,0,1012,16000,48000,3.0,0ca7ca83fe3f31b45e89db68de9798a8c21a9211f94564b72105f01ef01a4dc5
0,1,0,3,0,0,0,0,0,0,0,0,1013,16000,48000,3.0,2b14d7abb8674a7c096dea3e14cc93d609e51971961aa51787d8cac680943dde
0,0,0,0,0,0,0,0,0,3,1,0,1014,16000,48000,3.0,dfab06e01be7ec1834d6ab863b008586b6135c48f057d2d70f3ed1a43e4e3816
0,1,2,0,0,0,0,1,2,0,0,0,1015,16000,48000,3.0,21f2d6b73e7ba11ff1de65c19a38d7bba8292a41156e8127aa3d61cf1146ff54
0,3,0,0,0,0,1,0,2,0,0,0,1016,16000,48000,3.0,037d0c9db4072f924de8b2bcbb126606a3b92821892d28c9da812fe14b3fd913
0,0,0,0,1,0,0,0,0,3,0,0,1017,16000,48000,3.0,f2e428350b9993cf0e44f597b7333440eb97fb8e85a965c61cd73c30be891864
1,0,2,0,1,0,0,0,0,0,0,0,1018,16000,48000,3.0,84723395d0e6dacf026d1eac2952d4916ac8ca3898888f1feaf27b7a72f21f97
0,0,0,0,0,0,0,0,0,3,0,0,1019,16000,48000,3.0,5368146d094f36a41ad64e6948afe24008f6742225a898aede3a1deee21b5e72
0,0,0,3,0,0,0,0,0,0,0,0,1020,16000,48000,3.0,f89d68707d08a14905d1fcf9c062f854aaba711bb21a3e52d4ca72e14c7e92e9
0,0,1,2,2,0,0,0,0,0,0,0,1021,16000,48000,3.0,f3101e564c93d7295c502472c1f110d308aa1875910c3ab9d757c975a7bde21d
0,1,0,1,3,0,0,0,0,2,0,0,1022,16000,48000,3.0,89b629ae88828889fc6ab45e2148667955a7beec10d6d4a5405f237f5a3fe708
0,0,0,0,0,0,0,3,0,3,0,0,1023,16000,48000,3.0,13594dd95c48d1b6a7817577ef512f9f564634da87826d061595a302cd0975ce
0,1,0,0,0,0,0,0,0,2,0,0,1024,16000,48000,3.0,0aa1997549a243850ab4b1c4fc78c42c6d407fec2daec272e0ec76c0a0145716
1,0,0,0,0,0,0,0,0,2,0,0,1025,16000,48000,3.0,b259dc7c1e41384a3830556d4f1b4f5f7f65b9a8bcd3ce0cdb445e9a79aeb2a2
2,0,0,0,3,0,0,0,0,2,0,0,1026,16000,48000,3.0,a18e0ee42afee370162814bd84832ada2b2895287e262636949e35e95852d8ab
0,0,0,0,2,0,0,0,0,3,0,0,1027,16000,48000,3.0,5f8fa425e52aae4dd537bfb5400847a2fa89f4b9013da453a1575ca026766f42
0,0,0,0,0,0,0,0,2,3,0,0,1028,16000,48000,3.0,046a7437b83021d5fdc52132c4d1665de1de6e50b9027125b2ac2cbdea5fef46
0,1,0,3,0,0,0,0,1,0,0,0,1029,16000,48000,3.0,d1bb8d7f1645354fbc6a800ed93ff8c8401ce6cdaf3d84254150a1aae7f56dd1
0,1,0,2,2,0,0,0,0,0,0,0,1030,16000,48000,3.0,efb8b5919a92aa47b733fcbd25c474b187ebcb77a744cb6552e082a41cc3518e
0,0,1,3,1,0,0,0,0,0,0,0,1031,16000,48000,3.0,0f613ecf4286fb27791f3b4a84eab75d7bed1e419360a613041d55f31bdc6337
1,0,0,0,3,0,0,0,0,2,0,0,1032,16000,48000,3.0,8cd4d4917bb76f842f609ee80f36087027190776110f7495b1beb7522e86c06d
1,0,0,0,0,0,0,0,0,2,1,0,1033,16000,48000,3.0,69d26ccabc6e10c7f351bad22463539f4e0a4420e00990141b2ff86ee8b6c80e
0,0,0,0,3,0,0,0,0,3,0,0,1034,16000,48000,3.0,7260041e863206dbf39f291d306c3356c141cf4fd2c27413322b698eefb795a8
0,0,0,0,0,0,0,0,0,3,0,0,1035,16000,48000,3.0,34919fe8c723b9986fbdead70a6282a7a3bca7409b0439d02372a7365d5813d1
0,0,0,0,0,0,0,0,0,3,1,0,1036,16000,48000,3.0,645a500c2268214e0c144574f615780c3a0f0b084a2be240ec4ff19638df2d8c
0,2,2,0,0,0,0,0,1,0,0,0,1037,16000,48000,3.0,03bf136b89de46800e783c6f59a7b039350a0732d602a21fabafc357b40a364e
0,0,0,0,3,0,0,0,0,3,0,0,1038,16000,48000,3.0,0bf3d121dba5db33f015e6174e246da8dc784345746ff003db24b98f129ac962
0,0,0,0,0,0,0,0,0,3,0,3,1039,16000,48000,3.0,e856569d93fe685157314ff7ff50787e2cef7a0fc24611ce4d794c60da6ca7fd
0,1,3,0,0,0,0,0,0,0,0,0,1040,16000,48000,3.0,30deff14d90cafd97007935324b0a82472f02cccb6ae2d2b16eb8f7a35e9467f
0,1,0,0,3,0,0,0,1,2,0,0,1041,16000,48000,3.0,b8eeb87419f55cbb656f3ce9faccbaed43c936a5c3f250fe849d8be93b361d03
0,2,0,0,1,0,1,0,1,1,2,0,1042,16000,48000,3.0,a322f3e43ca60c09b9f097afad2cad84d5859e242a220a2124c0a7ef9b1f4ca5
2,1,0,0,0,0,0,0,0,0,0,0,1043,16000,48000,3.0,dc5b70d8984944ec6f6d727a8de7610f97b776ceb86236c9143a8b6b798d5831
0,0,0,0,0,0,0,0,0,3,0,0,1044,16000,48000,3.0,2d663f5f32862a8317f849b076f57bc3dda6237bd64c7f256a83cfbe8e683a15
0,0,0,0,0,0,0,0,0,3,0,0,1045,16000,48000,3.0,4357b7e218912e3e57b6a0840968a4c1c0efc66e5a23ac1102aceb36ef7689d5
0,2,1,1,0,0,0,0,0,0,0,0,1046,16000,48000,3.0,c9ac1df2191d3c59aa7387d92734f5681e45e933ba56b47b746ee95adbcf0862
0,1,1,0,0,0,0,0,0,2,1,0,1047,16000,48000,3.0,71b8161ef8a9b9ee2db1c614b094c63b4aed3d1f0fbf4bada13256e690b6eb6b
0,0,0,0,0,0,0,0,0,3,0,0,1048,16000,48000,3.0,a14bedffe514b4679be4b68278801e8831c155701aaccfb784d5ae31763e5330
1,1,0,0,1,0,0,0,0,1,1,0,1049,16000,48000,3.0,b32f9919e46dbcaf042fda5de6a0ba99b83c4b21955e2c8e4c5a6cd7d88ca523
0,0,0,0,0,0,0,0,0,3,0,0,1050,16000,48000,3.0,a008590e6d111cb8234b879dee2fdb2e4c9c230dd3dd2fefd5add0681a346e78
1,1,1,0,0,0,0,0,0,1,0,0,1051,16000,48000,3.0,8a3329b26bedf9fa26a1d959d0c1f8f1383142daf589709c486a0e3d07e6b5f8
0,1,0,0,3,0,0,0,0,2,0,0,1052,16000,48000,3.0,569ba3e62b8bae4f78f348d44f55d9cd4dae741abb7d3f3f01123da40f1215aa
1,1,0,0,0,0,0,0,0,1,0,0,1053,16000,48000,3.0,688d95d3952e117751f795c0d5cffcccc45feefe43506c34ad5fa0d72e3ad3c9
0,0,0,0,0,0,0,0,0,3,0,0,1054,16000,48000,3.0,139fdb584062740f1e8c4041136fed48aa8ebc98ba9b4b2f755a6513bdb302cf
1,2,0,0,1,0,0,0,0,0,0,0,1055,16000,48000,3.0,14b51fd418ac20a4c64f5228aa913cdfbf0d0a0ae436ca4ed62006f45e488bb9
2,1,0,0,3,0,0,0,0,0,0,0,1056,16000,48000,3.0,33397a37cd93bc415c056a5ff4b93151b014b84275a0afe177b508054a4412bb
0,1,0,0,2,0,0,0,0,2,2,0,1057,16000,48000,3.0,c4fb56bc2d859d5e6e63c946866442fdce078d1d1310595c9a589d41a118627d
0,0,0,0,0,0,1,0,0,3,2,0,1058,16000,48000,3.0,527007471273eac908afbcb5e89ba83a12ef682c1a19313237040d10cec7f2ab
0,1,0,0,0,0,0,0,0,2,1,0,1059,16000,48000,3.0,aa83bba22edf49033f7b55c7c9653685436faab8ec380131e7d5db0877a5fb6f
0,1,0,0,0,0,0,1,0,2,0,0,1060,16000,48000,3.0,faa4a13fc987e47d21b354128d905989e29b40afbfb731529c80191e9cade4f6
1,2,0,0,0,0,0,0,0,1,2,0,1061,16000,48000,3.0,d824daf61be88ef60f2dd2a815c118c97f400f9aa43e818e9bb2f126ec5ef0d3
0,0,1,0,0,0,0,0,0,3,3,0,1062,16000,48000,3.0,120f5117aaa152bdd81afee89fb3e0e9e9300db8be93ffd3f73b5aa7df3f2c0e
0,1,2,0,1,0,0,0,2,0,0,0,1063,16000,48000,3.0,d24888eb75eef1b82ba6cb9e5b773acbfa8c41bba136bef3cadc5cb9b78f194e
1,0,0,0,0,0,0,0,1,2,1,0,1064,16000,48000,3.0,072a433531b9cacb8d69f1cfa5bde23313b61a15d9d6802c9ca0b3b5a5ba4041
0,0,0,0,0,0,0,0,0,3,1,0,1065,16000,48000,3.0,87745bf810296f6e4e46d43085ac1bed26103ca06e8f5dbfaa6fb2d78a20dadc
0,1,0,0,0,0,0,0,0,2,1,0,1066,16000,48000,3.0,ab639088a2abbe5bf5350f66ef35139f3ef90d071f7c772a56109e8586da3022
0,0,3,2,1,0,0,0,0,0,0,0,1067,16000,48000,3.0,1408d8d856dfedcea7c8304437440ba3d8c01fccc1d8b057ac6ffa636e0f5922
0,0,0,2,1,0,0,0,0,1,0,0,1068,16000,48000,3.0,d018a35c97da6fe7a76a32a108c013c763d89b2de17b59558e3eb72cf6cea845
2,0,0,0,0,0,0,0,0,1,0,0,1069,16000,48000,3.0,1f0355aa5d2e3516853c58cacc96cfcbfb3105603cb2f31d6c26d116c6595193
0,0,0,0,2,0,0,0,1,3,0,0,1070,16000,48000,3.0,a1b406e76ed3509a31b1e8a330936a5b175afba6fb17738f98bfdd2ddc623464
0,0,0,0,2,0,0,0,0,3,1,0,1071,16000,48000,3.0,bba0191133695bd1c104b424cc5d7b52960c37cd7cd0fa0a5c2395eeb2a046e1
0,1,0,0,0,0,1,0,1,2,0,0,1072,16000,48000,3.0,2918bfca1e0a06ea6a8477fad0b9810cee6667e1974213cbeb2f1b6b5dc59944
0,3,0,0,0,0,0,0,2,0,0,0,1073,16000,48000,3.0,02832ad1c56dbe0d1b4e09c4003f096f824ba88f5174c80e7d02c6b2f7e16da6
1,0,0,1,0,0,0,0,1,2,1,0,1074,16000,48000,3.0,74bfa75d3ce1b932d3a6c553a33ac8ae2caf077ac9545dae5734c781c281ed3f
0,0,0,0,0,0,1,0,0,3,0,0,1075,16000,48000,3.0,a97ee74f97849e606dc6984b351de9ad6a0425f373783c477d720972df8f775a
1,1,1,1,0,0,0,0,0,0,0,0,1076,16000,48000,3.0,121e6135d147fd71ed319ca3fd0cc2d7b10d836f98c5180186077aa3ca0a424c
1,2,1,0,0,0,0,0,0,0,0,0,1077,16000,48000,3.0,6de0094849e46c2c8772068b6337330517dce51e508f0dc94f2472a2fdc24bca
0,1,0,0,2,0,0,0,0,2,0,0,1078,16000,48000,3.0,1eb99ae8bf3c1b03040df02b5a7b60218fbd025f9a147059fff8d7066fa691d3
0,0,0,0,0,0,2,3,0,3,0,0,1079,16000,48000,3.0,277220c0e74905936e416a1248b79b6676d6b95f44eb6b157bc23fe697e8fb81
0,0,0,0,3,0,1,0,1,3,2,0,1080,16000,48000,3.0,f519e3eed85387748e73812de3cc1b6c5f856c098b6bdacf2c0d04a7d86410d5
2,1,0,1,0,0,0,0,0,0,1,0,1081,16000,48000,3.0,29d7531738ae55b744befb4c25d51435aa2de55627b800d48cbfe0eed8fc50f8
0,0,0,0,0,0,0,0,0,3,0,0,1082,16000,48000,3.0,b210d1d7dcacac483d89755430b38d63bcd2daa109e835cd5e6fa50c295b139f
0,0,0,0,0,0,0,0,0,3,0,0,1083,16000,48000,3.0,57463ca04264ea26d182a11799213c9e203c2f68595f8e673c13729cf0b3e214
0,1,1,3,3,0,0,0,0,0,0,0,1084,16000,48000,3.0,b1e9663858caba3f36a9f0826673af19fc00af8ca6c9c540a2d9d445f6cd381f
0,0,0,0,0,0,0,3,0,3,0,0,1085,16000,48000,3.0,601534647906cc7a21d4260c2d375241a703af8344cf2f8bd3270d7214415757
0,1,0,0,3,0,0,0,0,2,2,0,1086,16000,48000,3.0,3ddc976e16d7879704eb1767d2dcb44cfbb449a7ec3798ff7f30c4166e546095
1,1,0,1,0,0,0,0,0,1,1,0,1087,16000,48000,3.0,6f4bec8db774a5174075df46f5e4fd79c6fd096c628fbbe4ce085692010ed32e
1,3,0,0,0,0,0,0,1,1,0,0,1088,16000,48000,3.0,c9a0ee3314ff108d73334ce472afe18dc7c25f03535daa0b2debf4dcdcd62ca8
0,0,0,0,3,0,0,0,0,3,2,0,1089,16000,48000,3.0,81c47237ac53b55c7bc1445a6359eb1f1d28ae91faf2310b72be9204c5ff9e34
1,1,2,1,0,0,0,0,0,0,0,0,1090,16000,48000,3.0,a7b01d7daa69582917616fdb31fd38554f350954967541a630a3d880b1394cff
0,0,0,3,0,0,0,0,0,0,0,0,1091,16000,48000,3.0,bab1e6f12b0b08460014ce0e0e4dcc80649de4d7ae3214020671986e7784f71b
0,2,1,0,0,1,0,2,0,1,0,0,1092,16000,48000,3.0,bb4645206081fb4a90c5fd93eda17b219e423d00328b9e12eb1202b20400e648
0,3,0,0,0,0,0,0,0,0,0,0,1093,16000,48000,3.0,cbdedfdfd7c1329496e63bd23308ff2c9a04f8b7e7e553b5a75aedfccab05e50
2,0,0,0,0,0,0,0,0,2,2,0,1094,16000,48000,3.0,315b4be0e25ff21e4b4fa14d491a5ed9ed037a7a00fe86a0020de24222701dc4
2,1,0,0,0,0,0,0,0,0,1,0,1095,16000,48000,3.0,04155f2d04890259709db97845c4b79c4108bcdd17c09a1d6889c4f079c5e23c
0,1,1,0,0,0,0,2,1,2,0,0,1096,16000,48000,3.0,ce1020e40c5c86d3a1d50682b58970131f4201103fad790727d2393e72539ae8
2,1,0,0,3,0,0,0,0,0,0,0,1097,16000,48000,3.0,a307622fc9d4dc5bb1e83f3ca1c9e384a32dfc4bccdcbaa20b642f82989fde4b
0,2,1,0,1,0,0,0,1,0,1,0,1098,16000,48000,3.0,79cf3d1e4de9519ab0bc3d86192bb6d3fe2272923249499db544ef700cb7ab8c
0,0,0,0,0,0,0,0,0,3,0,0,1099,16000,48000,3.0,a9fc54d97d06028e8de20cfcc36cd106db6cd763b5e8a66235bd34fb2a1e3a98
0,0,0,3,0,0,0,0,0,0,0,0,1100,16000,48000,3.0,2dcd92db211e81b1936cd3660e48cf810b6845f07840e867b793dae4e4269de2
0,0,0,0,2,0,0,0,0,3,1,0,1101,16000,48000,3.0,7eb67b0625896e709e36aa1868862093f5c5b415717ac6958867e1cc9ec7f07b
0,0,0,0,0,0,0,0,0,3,0,0,1102,16000,48000,3.0,b6240658d48bb2b8de7a971637b3e37ca507ce0ed225982dd59e557654032913
0,0,0,0,0,0,0,0,0,3,1,0,1103,16000,48000,3.0,b7b23d3c2e6b7e51ab306c17aa620ae38aca8164894baf35022a446e76b00661
0,0,0,0,0,0,0,0,0,3,1,0,1104,16000,48000,3.0,a9944709bbc543a327483e9f2dc680313d9a1ba88515e354a6f1222a02bd059b
0,1,2,0,0,0,1,0,1,0,0,0,1105,16000,48000,3.0,064e8c201fb537278de4802ff976c4de20a4633b144b1b433421bafa549b215b
0,0,0,0,0,1,0,0,0,3,0,0,1106,16000,48000,3.0,17bf476711744b221f888e079bcb53ee1d0559e2e2b328451f0b2b539f191004
0,1,0,0,0,0,0,0,0,2,0,0,1107,16000,48000,3.0,e72054cb9c47a2d19199f5b427b361b25fdef31bb639d93a3db3ec350f536edb
0,0,0,0,3,0,0,0,0,3,0,0,1108,16000,48000,3.0,e56a21c084521a6e8559f807561646c31cfd9a5c2f5ef7f71deb4f87765c1227
0,0,0,0,2,0,0,0,0,3,0,0,1109,16000,48000,3.0,b942256794eea0964d0132902e56866c36b20cda0c67f4b2c1cdebeb784e3895
0,0,0,0,1,0,0,0,0,3,0,0,1110,16000,48000,3.0,210b96d35910def2bc48ad1394a0fec8e55838e8743859250d31ea201152aa68
0,1,0,0,0,0,0,2,0,2,0,0,1111,16000,48000,3.0,802fe16fb0c423f62a67d35aa8d84fcfa2c8ddda22a21751f657a75f81cfb2ef
0,1,2,0,1,0,2,0,0,0,0,0,1112,16000,48000,3.0,35399a81eecd94bd4870f34e22438fb358b78e6f446855776506b343497a6217
0,0,1,3,1,0,0,0,0,0,0,0,1113,16000,48000,3.0,80a32d459045713e333bb4688d09c6b8c9fa234aa848e8561b06dd64e26c7a45
0,0,0,0,0,0,0,0,0,3,0,0,1114,16000,48000,3.0,cd86cf7f7b047bb346c53ae34cc20953b28ea5833cf61d0bbab5ef22087f5f8d
1,0,0,0,2,0,0,0,0,2,1,0,1115,16000,48000,3.0,3919d731cac7fa7412b8ba3a64a5826314d877d62acdc7d56dd4060dde65a262
0,2,1,3,0,0,0,0,0,0,0,0,1116,16000,48000,3.0,61d24c1e884290070d8e47541e8c2d9063dbb39f8207c18cbe7b77fd0c154670
0,0,0,0,3,0,0,0,0,3,0,0,1117,16000,48000,3.0,2d19c04545c2ca0e91651c5e164f356605dd2f34c64d4862befcb7a6ec7562ca
1,2,0,0,0,0,0,0,0,1,0,0,1118,16000,48000,3.0,148dd5c751693a08398f4aa18d688656e80b89ad64038adeb9a49d82eed968fd
0,1,0,0,0,0,0,0,0,2,2,0,1119,16000,48000,3.0,8eea36297fb58e7680dc70d48a3b2810b0710b71e00b7c2980b0aaffb6546404
0,0,0,0,1,0,0,0,0,3,0,0,1120,16000,48000,3.0,d8b8f53e02dd430568a0562b82f6695b1f6c31680846631d2544734964e9d7a5
0,2,0,0,0,0,0,0,0,1,2,0,1121,16000,48000,3.0,a1c03c71ee680424fbcf9184f8cfeb5ec51d2dfc6d0a0a940af3dcc805db116d
0,1,0,0,0,0,0,0,0,2,0,0,1122,16000,48000,3.0,4dddc39ef6f9b5fcb20ecf7f89a4b233b8eac7ca0132faf7f2eee9733d36a4bb
0,0,1,2,3,0,0,0,0,0,2,0,1123,16000,48000,3.0,33815ced98553313c0b6d42b28ac8489a0bf7922f981489e72ec95d5d10f219c
2,1,2,1,0,0,0,0,1,0,0,0,1124,16000,48000,3.0,c61b8f84dc0771e04b8abce4e45da84f210ee79d400b83d3c0f6adb0a03de50e
0,1,0,0,0,0,0,0,0,2,0,0,1125,16000,48000,3.0,b3d1e2387af85ccde80b1eb97fbfd25bb63ddcb7a028bda34090910289b6fbe6
1,1,0,0,0,0,0,0,0,1,1,0,1126,16000,48000,3.0,78985cfa0d6ce9e265e96af152ce980aba6b2a839522c4d96af08e07544a1ba3
0,0,0,0,0,0,0,0,0,3,0,0,1127,16000,48000,3.0,9ff306440b7e2bb534ba1a7b5e7b6736491bce2917e59da660fe0b3d6b79c706
0,0,0,0,0,0,0,0,0,3,0,0,1128,16000,48000,3.0,822994e616469dfb0a0c649a88ea14c722fb524e60828ce9c56cd50932aa4170
0,0,0,0,0,0,0,0,0,3,0,0,1129,16000,48000,3.0,3b93f3ea99a59ecff1631961ac3e9194bb6cfa6cbf5dda57beb3ce9a6c7c6900
0,1,0,1,1,0,0,0,0,2,0,0,1130,16000,48000,3.0,dc05a346126abd926a99179d0a86e5821e363e8faf9c6d914f50ee954202db3e
1,1,0,0,2,0,0,0,0,1,1,0,1131,16000,48000,3.0,9da1d6767cda0f39f6de505b89998f2a657c5072d423ebf15ebdb4d859cbe717
0,0,0,3,0,0,0,0,0,0,1,0,1132,16000,48000,3.0,2dd3b879e4ba62dbb909f34d97a747de0b54841b9f2a057c64d2b5bf13722320
0,0,0,0,0,0,0,0,1,3,1,0,1133,16000,48000,3.0,3aa84e383cb283d22ad31ba6a1ac0a5d494b3062eac79d3b23852fe163d67ad4
3,1,1,0,1,0,0,0,0,0,0,0,1134,16000,48000,3.0,41e065d3555bd5638960b28dadd2848090262e0d103edab37b0566cb1816088a
3,0,0,0,0,0,0,0,0,1,0,0,1135,16000,48000,3.0,ef96411e60e17748c5c5ea4f2c15b762b21a85ac8758afa5796a165b4ac86aed
2,0,0,0,1,0,0,0,0,1,0,0,1136,16000,48000,3.0,34f3469a4e781fc6765f5c7cb67a3b76cc729de326421c93b2c0707f7adcdfb4
0,0,0,0,3,0,0,0,0,3,1,0,1137,16000,48000,3.0,0e8ca4e1e717d66fa4aed0dfa5a28c772eab1a2fd53d0ed87397fbebb7185857
0,0,0,0,3,0,0,0,0,3,0,0,1138,16000,48000,3.0,311c8fd4a22cc93a0cf7c06f8b9c7b4eb6a6c872c6019ebde8339f0069897475
0,0,0,3,0,0,0,0,0,0,0,0,1139,16000,48000,3.0,20b97f223216cb1160067203bbf84527e639680272cfe8242bd170566c2746bc
0,3,2,0,0,0,0,0,0,1,1,0,1140,16000,48000,3.0,192efa8313f88ab891be6af49263e37818b96f3c793b978a4c42a12dffc23020
0,0,0,3,0,0,0,0,0,0,0,0,1141,16000,48000,3.0,69c198d2170b2d9d5238644d70506ef3b26a79e440356c2aba69a3123ff87fed
0,0,0,0,0,0,0,0,0,3,1,0,1142,16000,48000,3.0,20528ab62f4716c4300e272bc6ee742ce5d81fde64dbc65baeaef9e7f171dcd3
0,1,0,1,0,1,0,0,3,0,0,0,1143,16000,48000,3.0,e8438597bb28527987641a78e8e6a260e1a914748b4b674ebd652aeb466a2efe
0,0,3,2,0,0,0,0,0,0,1,0,1144,16000,48000,3.0,d8f07db278e4ca74ab03a870ec41604d281017827b482614bcba08af8a40e25c
0,0,0,0,1,0,0,0,0,3,2,0,1145,16000,48000,3.0,1f0131462ae43789876dd29818610ea8421d9f79aa3501bab4d35f9d94aa8842
0,1,0,3,0,0,0,0,0,0,0,0,1146,16000,48000,3.0,ffb25fbb667c6f2c1200528f8edcb3674cb3f0b90640890563508e370da190e3
1,0,0,0,0,0,0,0,1,2,1,0,1147,16000,48000,3.0,3ccc9ea82f46cae9b37f5892fc9fa030b0bba91ae94d5d2687fbf01b656599e2
0,1,0,0,0,0,0,0,0,2,2,0,1148,16000,48000,3.0,fbaaa8e4df5785dc0fbe9c75301c1586bd8b19659e49504ecff11da24e47be49
0,2,0,0,0,0,0,1,1,1,0,0,1149,16000,48000,3.0,6dc65734790b90ad8b9d9801d9a1810b2039101130ae2cdb0812dbed2056580b
0,0,0,0,0,0,1,0,0,3,1,0,1150,16000,48000,3.0,eb10d90265e9f6bbcae29bf2b5c4f8f0b69b75368e4950850a51f10460944ebf
1,0,0,0,2,0,0,0,0,2,0,0,1151,16000,48000,3.0,a208012adceca47736ed6bfae7f4cb44dececfd87fdc0f3d5e1728e7beb82276
0,2,1,1,0,0,0,0,1,0,0,0,1152,16000,48000,3.0,20ea056280762662e52fe64351480563a1e44f85c22bc6068827aa56d6e8eecf
1,0,1,1,2,0,0,0,0,1,0,0,1153,16000,48000,3.0,71f220d7fde65773c23b7b85272648e41313d0a46efc08796cdf15cb1df9bf50
0,0,0,0,0,0,0,0,0,3,2,0,1154,16000,48000,3.0,b49175ccea766a876dd83369c03a8bd8cd18c0e6a01d26cde29ad3deb03ed801
1,1,0,0,2,0,0,0,0,1,1,0,1155,16000,48000,3.0,b73f9f9dcaf21ed068046c8bb69e9264362004faa66f96aef92edc3bdd5bdd46
0,0,1,0,0,0,0,0,0,2,1,0,1156,16000,48000,3.0,88c0434e599d140e74dd89a3754272a4dbfea0dfe78cc27037fec3b3a2a39343
0,0,0,0,0,1,0,0,3,3,0,0,1157,16000,48000,3.0,9410121c5d9a2a425eb556bf06822aa3c6ae578c7ef2839e0f0d5c9821d6eac2
0,1,2,1,1,0,0,0,1,0,0,0,1158,16000,48000,3.0,2a8685f420faeba3e76e03c3a73b06d3c3636bba105eeed5ab6d01b0ec9907bc
1,0,0,0,0,0,0,0,0,2,0,0,1159,16000,48000,3.0,e1156d5d6f1aae24e8b12ceeeef384259bef98b33cff899e48c784fcb7958c85
0,0,0,0,0,0,0,0,0,3,0,0,1160,16000,48000,3.0,4f56ca2b3aba9b4185eea6bf4c1fb515c8f2a14689160c6ca1a9f7acc5429af6
0,1,0,0,0,1,0,0,1,1,0,0,1161,16000,48000,3.0,f0016c3728fb5693c9b1af37cee728fc753f782f6239cb38d7bd1d7c0882cbf6
1,1,0,0,2,0,0,0,0,1,1,0,1162,16000,48000,3.0,cb66a96f0cfaa9cd9bb31c734a032b1924619293e29927bc68de3f8e38ea80d8
1,1,0,0,3,0,0,0,0,1,0,0,1163,16000,48000,3.0,d479f9beb3f7d8e81bafcf42629b3bc1af3d13ee1b27ccf3e720c6043efc0706
0,0,0,0,0,0,0,0,0,3,1,0,1164,16000,48000,3.0,83892fd4f7cde3d473646a0c103192c8cb3dc8e388a6024df1fd3d5688ff7b4c
1,0,0,0,0,0,0,0,0,2,0,0,1165,16000,48000,3.0,52a13195c928a94be6d2c16eea76bf82c6f1bed43c046fdce14f7cb2f4b4c78f
0,2,0,0,0,0,0,0,1,1,0,0,1166,16000,48000,3.0,8ac44c83edb4ae4231770cc7a300a1e2b5c07028460a758a5236820cff7a9359
0,1,0,3,0,0,0,0,0,0,0,0,1167,16000,48000,3.0,c4ad09d100b9ca52b40f2347041c2ddec24cff268d91fa2d4c0d7406c0736a51
0,1,0,0,0,0,0,0,1,2,0,0,1168,16000,48000,3.0,ccb5de949ad3db8478e0519accf3081f37955da06f1eab233d4c22db47534cd6
0,0,0,0,3,0,1,0,0,3,0,0,1169,16000,48000,3.0,4942ac729a0cd79d24a0ff7e9db9a4d179b6022860126cd274e26b2651cc568a
0,0,0,1,0,0,0,0,0,2,0,0,1170,16000,48000,3.0,20a2769eb2dce249d0a264d185a31d69f3efef48715687d689111d8e247ad508
1,0,0,0,3,0,0,0,0,2,2,0,1171,16000,48000,3.0,4db068d6a949d00bed191b6943c81f9c8c94d114119aad74800859634281fd19
1,0,0,0,3,0,0,0,0,2,0,0,1172,16000,48000,3.0,97e91f93e7263007a011c516a005d6690058e073350f4a05233f0d4f143a8bd1
0,3,0,0,0,0,0,0,0,0,0,0,1173,16000,48000,3.0,8d4ddddf7972d12ea4c64156aca95afaf8583b83c56075c3d1d2ec2bb5bab5fd
0,0,0,3,1,0,0,0,0,0,1,0,1174,16000,48000,3.0,39f4c181f5ae01b4358662a59f8f3c667e8f4947514f41dbb8a31b891954313e
0,0,0,0,0,0,0,0,0,3,1,0,1175,16000,48000,3.0,dbb5176671869d4e2fe04a7fd789f03b3dc28ff4f33369650beac14d7874d817
0,0,0,3,1,0,0,0,0,0,1,0,1176,16000,48000,3.0,59a856bb1c06fea2e7e6dd1178b7f4fa96c132f1acb4c370d52435d179a2d70a
0,1,0,2,0,0,0,0,0,0,0,0,1177,16000,48000,3.0,9ce80396fc6548cf240878f125e98dad91dc1ae926b38ecc88cceed9ef91aeb9
0,0,0,0,0,0,0,0,0,3,0,0,1178,16000,48000,3.0,b206d7fc40e9e2659599d18b72f09703df043b8584395860297ed53d22ad21af
0,0,0,0,0,0,0,0,0,3,1,0,1179,16000,48000,3.0,c4498a7a18b73a3907971447eb51aa55cfa52a04afc6fa38ae7d79de5f561995
0,1,0,0,0,0,0,0,0,2,0,0,1180,16000,48000,3.0,4f26ec533b20a642cc500386751df6bb1e5a413141ae3701fd3af7f5ef5faa65
0,0,0,0,0,0,1,0,0,3,0,0,1181,16000,48000,3.0,5ba70065c12d33042a3b8c3c6b9a8ab289c4dc557b526d017e13e5975a995caf
0,0,0,0,0,0,1,0,0,3,0,0,1182,16000,48000,3.0,69e7f4d25de3bdffe258d9dd70071151535155ceb30dd2e9b54771a7f3d26dbd
0,0,0,0,0,0,0,0,0,3,1,0,1183,16000,48000,3.0,a1445ebe8740e487fda79dc660f0d3a257dec4565f68e4670d9666883a26e4a4
0,3,0,0,0,0,0,0,0,0,0,0,1184,16000,48000,3.0,07ee2b3ca681a9be07374da6f675d3ed50f68e3c9a5aba1268ae8763961f7d91
0,0,0,0,0,0,0,0,0,3,1,0,1185,16000,48000,3.0,bd782f688818562cce584968470f11db152de25623aa9d36d6008145405d316d
0,1,0,0,0,0,1,0,0,2,1,0,1186,16000,48000,3.0,48e10de04004c4567e2c2deb4cee6217613ede45ee5b96c1aa5c0eb7cde041ca
2,0,0,0,0,0,0,0,0,1,0,0,1187,16000,48000,3.0,006b80a92a357458f02fd853fa2182267548a8d89e9b353fc1eb115ccf03640a
0,2,0,0,1,0,0,0,0,1,1,0,1188,16000,48000,3.0,7648cf5b3b43f4437dc2de450ac3145599becd7a1be29e64a2d7a708054f928e
0,0,0,0,3,0,0,0,0,3,1,0,1189,16000,48000,3.0,a60b469675698d6d2f23dabf885fa2cb4a38d3fc8fb253ebac5e73b2b58c28d3
0,0,0,0,1,0,1,0,0,3,0,0,1190,16000,48000,3.0,7741d979f4ee03194ca119d1351f420668f5be9f0d56866634c83b101d348f35
0,0,0,0,0,0,0,0,0,3,0,0,1191,16000,48000,3.0,95ca2c79b851d272172bf30525cbaaa6245bc98be29a4f14abdaa273277fa220
0,1,0,3,0,0,0,0,0,0,0,0,1192,16000,48000,3.0,a421905eff04e5115d6dbfe104a494277148fa387e138390f87cc61d31ac2033
0,1,2,0,0,0,0,0,1,0,0,0,1193,16000,48000,3.0,fa3964396db7a93e9bb8ec9cd4358191f1d78cb408e0b5c9ebe16bc84b265d54
0,2,0,0,0,0,0,0,0,1,0,0,1194,16000,48000,3.0,03eb156b1ca99de40d2f12eb6121279a724f2caf8cc438a0e48ac4f288f53d09
0,1,0,0,0,0,0,0,0,2,0,0,1195,16000,48000,3.0,a1fb7f67cf58e3ba28a0fd0c5a7a42abb0c994577dc3bc6f89b512a3a32626b0
0,0,0,0,0,0,0,2,0,3,0,3,1196,16000,48000,3.0,0ae9c45d3719da41dfc8e29094a481e757dec82b6ad9635cd63af897b2fe941f
1,0,0,0,0,0,0,0,0,2,1,0,1197,16000,48000,3.0,1b2fc5cfa224f3b8a60dd0d62b553e7eb795367bd019d0cdb97eac858fbfa4dc
0,0,0,0,0,0,0,0,0,3,1,0,1198,16000,48000,3.0,c4cf4615c831eabdc6493bf73a5cbde28229375e6219f966fdb95102ed415471
0,0,0,0,0,0,0,0,0,3,0,0,1199,16000,48000,3.0,51a36da7ce2fa32620ab7be519c6c8ca132c66bcf6d59e6c58a8d60bef4a7cb4
3,1,0,0,1,0,0,0,0,0,0,0,1200,16000,48000,3.0,76cf46da14d647c601910f68e7d03347917bb04db8b4ea9627567c49cd34b776
0,1,2,0,2,0,0,0,0,0,1,0,1201,16000,48000,3.0,9a3dee9ac59f6c0eded10e5f9b43c9e981d034053a63b8b73d29c4dc0d5b58b6
0,2,0,0,0,0,0,0,1,1,1,0,1202,16000,48000,3.0,93d9c86d9832b63fc5f46c6e50f368db26e7682ffed0bb3f79c24c8b9019e776
0,1,0,0,0,0,0,0,0,2,1,0,1203,16000,48000,3.0,4baa5d8afc8a8896233f176eedc639af3b614f711b30b892f0577d2c68cf7c79
0,1,0,0,2,0,0,0,0,2,0,0,1204,16000,48000,3.0,34c5983d3f746a78e4eacd94a8f7344ff5981a988e9d5d9d0cd7d01eeeca5e8f
0,1,0,0,0,0,0,0,0,3,0,0,1205,16000,48000,3.0,5c9312d4433f9c3cfd790bfa23c3b66142af8f95bfcac4f93598cfee65a28b2b
0,0,0,0,0,0,0,0,0,3,0,0,1206,16000,48000,3.0,32b7b8b76b4147ab4e14bfcba7485fdb1deaa888502dbe8005e86d00ad8c2627
0,0,0,0,0,0,0,0,0,3,0,0,1207,16000,48000,3.0,4944770d53ac58db6e78035f2e7592c5128cb61a2b8d5f8308ccacd79bd97acf
3,0,0,0,3,0,0,0,0,0,0,0,1208,16000,48000,3.0,7a0de044f18476e72341cb5e688ef431654dea8e0c09bc2ef56000501dd33da7
0,1,2,0,0,0,0,0,0,0,0,0,1209,16000,48000,3.0,cc5650cee1f5b397420fd1aa441896ab84e756074d04ee7f7c1a245468205ce9
0,0,0,0,0,0,0,0,0,3,1,0,1210,16000,48000,3.0,4da02a7d71e32881438597f7ea204032bb9c96bf3e44750c64325ebf87f5b436
0,1,1,1,0,0,0,0,0,0,0,0,1211,16000,48000,3.0,01c9b74f9812a9f95538f37247143040720f7eae0c0f388b865a71babcda9221
0,0,0,0,3,0,0,0,0,3,0,0,1212,16000,48000,3.0,67699b6feb70cf5bbe5f3c4581f75bfdad6f24b29691e50a14b5a4ff0f7749b6
0,1,0,0,0,0,0,0,0,2,1,0,1213,16000,48000,3.0,11e3fa7e617c60baf484bb4d9c09615688b31c5faec6ba32bc450e6b5f639bb2
0,0,0,0,1,0,0,0,1,3,1,0,1214,16000,48000,3.0,d88cb8e363cfe97b86e74f05f7b427142e381c52cbf99d3885db639210818d68
0,1,0,0,2,1,0,0,0,1,1,0,1215,16000,48000,3.0,818f99fa2a2bb7bb828d7b7c96d7b3f9a31e9677c0a8b139fd952649aaeb7ca3
0,0,0,0,0,0,0,0,0,3,0,0,1216,16000,48000,3.0,b749e7e977a82eb8df104acdfa32ebcbe4dc21ee4c620759604bd5724673893c
3,0,0,0,0,0,0,0,0,0,0,0,1217,16000,48000,3.0,9c437d515c384c9a039a04e14b1f3bd5c014c6b10e02c9195dbd3301eab75a12
0,0,0,3,1,0,0,0,0,0,0,0,1218,16000,48000,3.0,b839169d3aea330aa62f51ecc834c105b98673ad2695c7dfddd9f8029894b9e2
0,1,0,0,3,0,0,0,0,2,2,0,1219,16000,48000,3.0,7a595ff7c177c525f020a9af9a1e9182bbe99827877ce495143ec45415ca7b75
0,1,0,0,0,0,0,0,0,2,0,0,1220,16000,48000,3.0,480edaf10c899693e885768dbd0d6d43ce9c192e515ce5e0913e57a5f5863c75
0,0,0,0,0,0,0,0,0,3,1,0,1221,16000,48000,3.0,0903985171b2d35e965fcc6229518677820e9f0fbb1a0fe071f5c668222535c0
0,0,0,0,0,0,0,0,0,3,1,0,1222,16000,48000,3.0,bc14bc88024d71b65b04e6190447cc149f661260a95c97ef271dc4cdc1067d15
0,0,0,0,0,0,1,1,0,3,1,0,1223,16000,48000,3.0,136d1937fbe6660adfc6073aea3a526c7890a3ef1647f7af15ffc7619621aaae
0,0,2,1,0,0,0,0,0,0,0,0,1224,16000,48000,3.0,335d6679780a03ce6962b34c3d5301a786f1b75210cee28b02f8fb9cf2bf2ecc
1,0,0,0,0,0,0,0,0,3,0,0,1225,16000,48000,3.0,c40c74e40a7a6d314705df4e4c61b021b3fa5b0cfc08169752af1e0db69c6452
2,0,3,0,0,0,0,0,1,0,0,0,1226,16000,48000,3.0,28095b2f9d540d85b3715f10e7f20ca8329695aa60849fa20a8b3136122f634b
0,0,0,0,0,0,0,0,1,3,0,0,1227,16000,48000,3.0,691f252fc18cf3237a38d5ff5d1be804d75831ae7b4eca3be5a3918f0e3068a1
0,1,0,1,3,1,0,0,0,1,1,0,1228,16000,48000,3.0,90671bebdd93ac75de22b402967f53db52de0c43c817c565b1e20fce247ea2c7
1,0,0,0,1,0,0,0,0,2,1,0,1229,16000,48000,3.0,5a84a0d29afcbe50a80b10a8a3332bf689f62f8bc0fcc69825d53d05c671d0d5
0,0,0,0,0,0,0,0,0,3,1,0,1230,16000,48000,3.0,3ab5a9d4616514d9434894568145e8dfdbbfb13624001ce47aed4bc13911beb7
0,0,0,0,0,0,0,1,0,3,0,0,1231,16000,48000,3.0,a1e846b7d6a4321fefda8b982733ccbeb5d0888bf98a6342ad83c1c919557d70
0,0,0,0,0,0,0,0,0,3,0,0,1232,16000,48000,3.0,550c7baaa3c43a7b4fbc9577764d25f804796a1bb187ccaa7d021339f4736d3a
1,1,0,0,2,0,0,0,0,1,2,0,1233,16000,48000,3.0,88ad73cf5934b6580d92783ccec285c5bfd22f576c5fd8151e164c3676e695a3
2,1,0,0,1,0,0,0,0,1,0,0,1234,16000,48000,3.0,987c1e239973925a2eac24f0d8cf474a3df6b2d4c111666858632cf16a4890a6
2,0,1,0,0,0,1,0,0,0,0,0,1235,16000,48000,3.0,9545b269b909a5d1e4ff97caab4e6eeeed60973c116e04af0be20e3d6bc305fd
3,0,0,0,1,0,0,0,0,0,0,0,1236,16000,48000,3.0,59df9ccb68b5a6b94a164655ecfb32aead37e0ce6ac536e0c7e0af5127154fdb
2,3,1,0,1,0,0,0,0,0,0,0,1237,16000,48000,3.0,e4831bf5a07156f209994227cd9ed191fb78c0167c8603c903f36731496b3acc
1,1,2,0,0,0,0,0,1,0,0,0,1238,16000,48000,3.0,fab85b9c2e3649be35f3d6a2e3d22acb91e622b2f064523c063b9599a7098709
0,3,1,0,0,0,0,0,1,0,0,0,1239,16000,48000,3.0,b0817ff3c86b3a237b143b950d220692299aa2aa8a265e788cfa502208e47c68
2,1,0,0,0,0,0,0,0,2,1,0,1240,16000,48000,3.0,fb2aa6fedc8b029a9019a02aa9a5d0ed8bb2b070a82a5b45fa8161409abb8124
0,0,0,0,0,0,0,0,0,3,1,0,1241,16000,48000,3.0,898d91e18578fa6054b5474e1de0a20098df023a36176ba2666937c79cf87bb4
0,0,0,0,2,0,0,0,0,3,0,0,1242,16000,48000,3.0,644b50eed029d7ee517524a93a694ad323575b82ea281f1c72046a49c51d39a8
0,0,0,3,0,0,0,0,0,0,0,0,1243,16000,48000,3.0,767187d319fdbda2e19719e7cc2044173d74be882665179ecc9fc52c8d2192c5
1,0,0,0,0,0,0,0,0,2,0,0,1244,16000,48000,3.0,4d631529d03f90f5bd8fcca0cf5abebc9a2c4e1326cd2fda9ca8cc7fdf3d6a79
2,0,0,0,0,0,1,1,0,1,0,0,1245,16000,48000,3.0,146c004cf76ae965fa2ea63e5e147e1e9da0a23ec996d271c983e5eea8ab833d
2,0,1,0,0,0,0,0,1,0,0,0,1246,16000,48000,3.0,a9aea4bd53a758241c889b3ad41cb9bf73641c670162a6a17651af34ccba21b6
0,0,0,1,0,0,0,0,0,2,1,0,1247,16000,48000,3.0,c37cb19a5a1ab4367dadebe8311561786b1ea3a868f2899ed3b5876ec227acde
0,0,0,0,2,0,0,0,0,3,0,0,1248,16000,48000,3.0,6d2d198d21c9ca1689a5ea7de7eedee8f9b3c0220effaf010dedf4e13bf8f15d
3,0,0,0,0,0,0,0,0,0,0,0,1249,16000,48000,3.0,002d4b1580dd29f9ae43a12bb2f01cfb51795c7eac3d6c936ca4addeb78feccd
1,1,1,0,3,0,0,0,0,0,0,0,1250,16000,48000,3.0,feaa5a0457f81ccb3c208786474adc673e03c325333f46a9435e043d330bb845
2,0,0,0,0,0,0,0,0,1,0,0,1251,16000,48000,3.0,10fdc69fd34c5550abf4bc24734133ecf28dfc127cd6554a7863fb1c66141143
0,1,0,0,1,0,0,1,0,3,0,0,1252,16000,48000,3.0,ca4978fb2075e0ab292ead6043ef60858bb68823965415cb335463c5a55bd424
0,1,1,0,3,0,0,0,0,1,1,0,1253,16000,48000,3.0,c8242c8ddffc844d6fe09cc499c8ae2f8169fe630140e63e6926ccfaa870bd0e
0,3,2,0,0,0,0,0,0,0,0,0,1254,16000,48000,3.0,ccfa8e34ac89181bfcd8eb4aeb0d8ac4c6239e08e70f822273563c926533f474
2,0,0,0,0,0,0,0,0,1,1,0,1255,16000,48000,3.0,33f59d4e1f0c0453b25fe3bde48dc81df226ddd3ee8a00c6f601f4dd657eabec
1,0,0,0,3,0,0,0,0,3,1,0,1256,16000,48000,3.0,e8724e67c06507969fa11cca7432300da69b4e91a405002c8d8495b79c8e92b5
0,1,0,0,2,0,0,0,0,2,1,0,1257,16000,48000,3.0,1622b36f790714b6db41916e3a6ef4694ca70b6da345e1606284a9d420b33aca
1,1,0,0,1,0,0,0,0,1,1,0,1258,16000,48000,3.0,c933beaee80b9024ee23f7f6b9a61c7dd047781f90155252431f708fc5e38faf
0,0,1,2,1,0,0,0,2,0,0,0,1259,16000,48000,3.0,99960e1817a78157f326ed53c4bce18020b090dce4e02b7c8275be9656204527
0,1,1,0,0,0,0,0,0,1,1,0,1260,16000,48000,3.0,523ff48a7ba4981348b207b440ee5d4190653d0c914b22cd11e4a3bb54f64e8d
0,0,0,0,2,0,0,0,1,3,1,0,1261,16000,48000,3.0,a81706a2db2077cc01e3e13e49384c6e79a0ae1e6b1748c307d68960ccb860b4
1,0,0,0,0,0,0,0,0,2,0,0,1262,16000,48000,3.0,000e80134ea4efcb91d9c082cf2a1e52aa6ad1a9301f89804b7c1418ff63df8a
0,0,2,0,1,0,0,0,0,1,1,0,1263,16000,48000,3.0,3ce3dac9b862683c5b6eb057c484f1036b604f16e2bded6ec3cbac07955cbcd5
0,0,0,0,0,0,0,0,0,3,1,0,1264,16000,48000,3.0,585d729c736b7c04da7868844300b1f5489e1620c6889f36356e93dba77a8168
1,1,0,0,0,0,0,0,0,1,0,0,1265,16000,48000,3.0,09992d62192fd36368f24ca94654b9b248ef22da5b027b145c2bfe5045200e81
1,0,0,0,1,0,0,0,0,2,1,0,1266,16000,48000,3.0,dbd4b0ff3168f467302a020934699741c826186d51240001743df23e8bbb1d5f
0,0,0,0,0,0,1,0,0,3,0,0,1267,16000,48000,3.0,4853a6d875d7b6fa7c007e2e76ef5d8585c83e60b961c4f2928039140265bf72
1,0,0,0,0,0,0,0,1,2,0,0,1268,16000,48000,3.0,d825619035667ebecefa0cbebcb1208ff94f4e9623f13381241fe2dbd8406b5c
0,0,0,0,3,0,0,0,0,3,1,0,1269,16000,48000,3.0,4a7ca2a4bcc93d82fda351758b5ceeb88d3aac3c74d198659083658bda3856c1
0,0,0,0,0,0,0,0,0,3,0,0,1270,16000,48000,3.0,1dfe38f62804210bfab33e2c1e275b3950c9f92b01e0ea4e6eda427331c9ed3f
0,0,0,0,0,0,0,0,0,3,0,0,1271,16000,48000,3.0,0ac641e6b648d2f9028d99caa98d89ba871dafa1911b91fc31881f9eb541c5bf
0,0,0,0,0,0,0,0,1,3,1,0,1272,16000,48000,3.0,6682f03d8315a7d9fbaec8315e5a04a799cb6ad23a1aec06949e10d57f6d2a15
0,0,0,0,0,0,1,0,0,3,0,0,1273,16000,48000,3.0,ddbec057714c6318bbfb2e7f433017d362897bb54b6bc1ae8ed22079039d57a1
0,0,0,0,0,0,0,0,0,3,0,2,1274,16000,48000,3.0,9a876257953eb344c311504c43e7e3270f74973eb0d31a23c22e8659b194c9b7
0,2,0,0,0,0,0,0,0,1,1,0,1275,16000,48000,3.0,34ce322fb5e3be7c7d72f1a1a76c540b8171be5551a2cd38ca3ed9f5a374c214
0,1,0,0,0,0,0,0,0,2,0,0,1276,16000,48000,3.0,0f48d6c3209c7c862a0d73b28947a40294df0d179fa2408481eea7d47e513d97
0,0,0,0,0,0,0,0,0,3,1,0,1277,16000,48000,3.0,ad481c1cfdcb1e225fa61c00740e766cebb2396b93592763e45aeedd68e023da
0,0,0,2,1,0,0,0,0,1,1,0,1278,16000,48000,3.0,4f055cd6ba0125f192fe9ca48a9fedd35ff4d68916b924c1750f32f6f23f2c7b
1,1,0,0,2,0,0,0,0,1,3,0,1279,16000,48000,3.0,fab0e46e98cf5e5bc4b56672c7a3fbf29b1d483636272e10bd54420565870a07
0,2,0,1,2,0,0,0,0,1,0,0,1280,16000,48000,3.0,781e3f0c69f7e00d378ee3df853e5978a64f90f020d73fe2e1f06372a27ff4a4
0,1,2,0,0,0,0,0,0,0,0,0,1281,16000,48000,3.0,49595af54e8afe0d0f57e777670b6a5a0ab90d82ad1c3291bc208c401e348e2c
0,0,0,0,0,0,0,0,1,3,0,0,1282,16000,48000,3.0,baa838bf6c9860847f8a00f35b909e0d8e430e338aa48923b2ddf86250a00888
0,1,0,0,0,0,1,0,1,2,0,0,1283,16000,48000,3.0,31dc7055950f2cfe5189d83fb631a3ace351edc35592148fdd81abdb704727ab
0,0,0,0,2,0,0,0,0,3,0,0,1284,16000,48000,3.0,5d3b3f77c41d3d4ee23ef5969d0d4ff41b0654744526ea63a6f92604982c5179
1,2,0,0,0,0,0,0,0,0,1,0,1285,16000,48000,3.0,51e6a59d82c371a8ef03796ddaf839646586f6a9bf18339a5c887a52477d6d9c
0,0,1,2,2,0,0,0,0,0,0,0,1286,16000,48000,3.0,83f2644ee687181d91a0a4a312e885525cf4f4d29757be3d7d22948d339d1c62
0,1,1,0,1,0,0,0,0,1,0,0,1287,16000,48000,3.0,d243e83d99d714effea7588116deb160a98c4c4c9ab5bbfe068b3c47285bee01
2,0,0,0,0,0,0,0,0,1,1,0,1288,16000,48000,3.0,46e2c84a5e8af5710336e72a6f14c17964db7578fb5f605c6f62403605bca8b3
0,1,0,0,0,0,0,0,0,2,0,0,1289,16000,48000,3.0,8692f49b38701cedef10cd36d10bd70f56512feaf26a4ffba6590c373c73376b
1,1,0,0,3,0,0,0,1,2,0,1,1290,16000,48000,3.0,0d271c1c2ee718180364adde81113582d4a9a193051336596610d8a62090fbd5
0,0,0,0,3,0,0,0,0,3,1,0,1291,16000,48000,3.0,f38359ca6e9afd467b449b572948d5433f928ae26b3e1e58bae3cf12323db34e
0,0,0,0,0,0,0,0,0,3,1,0,1292,16000,48000,3.0,9466ec23f843276566dcf11599152a6e3560623534327133aa729fe8faeb3270
1,0,2,2,0,0,1,0,1,0,0,0,1293,16000,48000,3.0,89f9e8b9141323bf37bd8deb0cacadcea6b20c4a3abdf3e31e727dcf1fb4e04c
0,1,0,1,0,0,0,0,0,1,0,0,1294,16000,48000,3.0,018867c5c4d825939d3a6caa7ba89a63a8cc22cd7e2613fb8bc3e0ef863b3508
1,0,0,0,0,0,0,0,0,2,1,0,1295,16000,48000,3.0,38b11a7c980ec0e2012e557b953aa007fcc15d2b819bad300547bc648230e413
1,0,2,1,0,0,0,0,0,0,0,0,1296,16000,48000,3.0,0fe24a58395c46714216e2a98f162adcaa3f9196e02a424a99fdca160aa891c5
0,1,0,0,0,0,0,0,1,2,1,0,1297,16000,48000,3.0,3c714ccdc46fab848dc119b76303d85eae8b0e4d1c785b38fa8db2cc23d9e06e
0,0,1,0,0,0,0,0,0,2,1,0,1298,16000,48000,3.0,b772a537f7267c861c292573ac50b76b5364ac41a7b7df74fa29668d2c21cc47
0,0,0,0,1,0,0,0,0,3,0,0,1299,16000,48000,3.0,7a2c817f46ff23747444a527b81d5c28e15d1d7dba8ddf7e2b6b4fd7692077cf
3,0,0,0,3,0,0,0,0,0,0,0,1300,16000,48000,3.0,d39f043c599aa23e67ddd91a436dbb95d04b778fe8eaf5bfd1ecf27d33b90635
0,0,0,0,0,0,0,0,0,3,3,0,1301,16000,48000,3.0,3df7a21592b757b34822bd25b98f7eb57bc6bd6f66ad290195c249873c76b100
0,1,0,2,1,0,0,0,0,0,0,0,1302,16000,48000,3.0,52c801ae9833b6443811880dc08a7bef6d80f85ef559c584a29d03edd68f1667
1,1,0,0,0,0,0,1,0,1,1,0,1303,16000,48000,3.0,b5b62697240135354b139bb2c82344ed7e609425cc1360a7b7298bb98c543d75
0,1,0,0,0,0,0,0,0,2,0,0,1304,16000,48000,3.0,9de9da30c498c86f545c25e8335ad77f7430adba038ee9c35fc66970ddfc2561
0,0,0,0,3,0,0,0,0,3,1,0,1305,16000,48000,3.0,440ed5d1828635a2988bcc76b83dd90a083d2676aebb54488b1558b3a7d7b27a
0,1,1,0,3,0,0,0,0,1,1,0,1306,16000,48000,3.0,ea744eaa4a62dc65981959b020234cfe913e52e496733fd042033fcecea11079
0,0,0,0,3,0,0,0,0,3,0,0,1307,16000,48000,3.0,ee90b1217c9d4d4ed478b802f02a65ffb88b1203e60a8b60a32f3cb7dd93f8ea
0,0,0,3,0,0,0,0,0,0,0,0,1308,16000,48000,3.0,2b7ccc0cf35accdb532f70b292f717a06f34d4d64d0ac064d95881bef663ef31
0,0,0,0,0,0,0,3,0,3,0,0,1309,16000,48000,3.0,2ebf31c20784925617c5223364502e066799621cd698c0d3459161a310d638d9
2,0,0,0,3,0,0,0,0,1,0,0,1310,16000,48000,3.0,19c3275f7442fb372b274ca58728a287b52e9c90e6f6aef0756e18fe7eb51def
0,2,0,0,0,0,0,0,0,1,0,0,1311,16000,48000,3.0,dd7c4cf4a320183e123c84b13c3da6edc54154a5012096ba68289272e9f4e4c7
1,0,3,0,0,0,0,0,0,0,0,0,1312,16000,48000,3.0,66621c47b413b283a4c55d293a67559f8db9eae3067653b760f859eea16382c1
1,0,0,1,1,0,0,0,0,1,0,0,1313,16000,48000,3.0,932ac4ca8d5e2bd54f7d0cb1e19cac6b463f6c4acf2ad3e798fc3761ae7604d3
0,0,0,0,0,0,0,0,0,3,1,0,1314,16000,48000,3.0,69cb8c423faedb02cef579f967b0ec7bfdf2856ccca1fe09e9f53b687179bb19
0,0,0,0,0,0,0,0,0,3,1,0,1315,16000,48000,3.0,65c8724e5a81d9a5703d946ad166fb48a23e62c1933623fbdb992e3a3e1d735d
0,0,0,1,0,0,0,0,1,2,0,0,1316,16000,48000,3.0,3cc192ec12dca451446b2436855e98c8362f2159eb68fba4ba17b93fd8d8eb52
0,1,2,0,3,0,0,0,0,1,0,0,1317,16000,48000,3.0,d1c9cebca2f1b1d40ca627505d126fb8b5455fb1d6bd8f02526e83d86504a8b6
0,0,0,3,0,0,0,0,0,0,0,0,1318,16000,48000,3.0,81903bed6a0d8b60751cc3ee23f50062ab16109fe3455b7232086eaa6e5306e2
0,1,1,0,2,0,0,0,2,1,0,0,1319,16000,48000,3.0,6e3d97481318dcba1a5da8629a3964d3558eaef2f998096417d48734044fa7e0
0,1,0,3,0,0,0,0,1,0,0,0,1320,16000,48000,3.0,15985c8038af44b466556621b754298a431f11f4e98ff8e4418c12bd44a4893a
1,0,0,0,0,0,0,0,1,2,1,0,1321,16000,48000,3.0,59873c097ed3ae277161fa8da3974f127fda16cb65b3a03ecbb89aa14ef5a2e9
0,1,3,0,0,0,0,0,0,0,0,0,1322,16000,48000,3.0,c869d830785d4c89c2a3f4db433548cd5d7fcaac312ff5608133cac075388b67
0,0,0,0,0,0,0,0,0,3,3,0,1323,16000,48000,3.0,389718416331f1560701612f300493928e6770fa3750a99afd0d1cfa8ba67c14
1,0,0,0,2,0,0,0,0,2,0,0,1324,16000,48000,3.0,c9cea9ee1bf61562fa134267426b29ad709a95addea4f253931c0ab8eb40a5b2
0,2,2,0,0,0,0,0,0,0,0,0,1325,16000,48000,3.0,6e0d950f6e7d4cc697864a1772cb044c42ce82e540a00d06425e9d1e240e120e
0,0,0,0,0,0,0,0,0,3,0,0,1326,16000,48000,3.0,3b819b1950ad0e3d35750a2d1e8be70bce6b9d852763e2556a2e2ea8545b382d
0,0,1,0,1,0,0,1,0,3,0,0,1327,16000,48000,3.0,0e4286d90ebdc91adc7c02fa30861fc6e5d9125f7b0eb869dd668cbc71be426e
0,0,0,0,0,0,1,1,1,3,1,0,1328,16000,48000,3.0,45ee2b6797349f8bd0185299aaf9eb6c372c160e55d125fa566f7e02b8d63c54
0,1,0,0,0,0,0,0,0,2,1,0,1329,16000,48000,3.0,c069005f8d6c1138e3bb79cd73cdbfd26abeb03b49023e1010bf9f5033d2e3fa
0,2,0,0,0,0,0,0,0,1,2,0,1330,16000,48000,3.0,e18452319730c51356e536653ec8930e2bcf98a57f58f521195568a384e70d68
0,1,0,0,3,0,1,0,0,2,3,0,1331,16000,48000,3.0,1dc3ec7b120d515e1c8f25e784a8f9542e811c1c3d3f774b14f6fd78d324349e
0,3,0,0,0,0,0,0,0,0,0,0,1332,16000,48000,3.0,057013a1d1d6e98355f10936d7d285186cf00ea8d244129ed7dee6e7db5f2253
0,0,0,0,0,0,0,0,0,3,1,0,1333,16000,48000,3.0,a8fd989a51d280e031dd2bbd4b04ca1de0b7dd51275daaadf6c214f6180be760
0,1,0,0,0,0,0,0,0,3,0,0,1334,16000,48000,3.0,f9160d24202d841938b3df6e792308c1b6a0b18f8315e0411149ad0d0e8cfb9b
1,1,0,0,0,0,0,0,0,2,1,0,1335,16000,48000,3.0,08f91ff035a8e5bb4102c8c36f5f635f8a17762001125b65a8e7a49ce830ee29
1,1,0,1,1,0,0,0,0,2,1,0,1336,16000,48000,3.0,bafb1490d467c8bd9a5fcefb1ba54f3d095df519dd4a9da687af25f168342b9a
1,0,0,0,0,0,0,0,0,2,0,0,1337,16000,48000,3.0,1ae0d78ba5e31bdffa5fb2b80f9a6368fb3be7bc2446ed6ff1a3cff585a2c160
0,2,0,0,3,0,0,0,1,1,0,0,1338,16000,48000,3.0,647c05f75e9b502f65e87db1d5f508e973573637b8e54ea02693de5630bcf3cf
0,3,0,0,0,0,0,0,0,0,0,0,1339,16000,48000,3.0,a2f78db784dfa0afbf2914379391106713bbb549feabc441bd5b9737a01c3266
0,0,0,0,0,0,0,0,0,3,0,0,1340,16000,48000,3.0,17d6ff9e049dbe7067e8ab2c8094c6860dd94b8f7f2267c6c491347db403f17f
2,0,0,1,3,0,0,0,0,1,0,0,1341,16000,48000,3.0,3e4e1cebeff506e7f69243aedd1a184506d618f0b938da9c9ac0d0c1dd4197bd
0,0,0,0,3,0,0,0,0,3,1,0,1342,16000,48000,3.0,30ea1dc4997af86011cd3a93abbe1ef5b063d0440ae987e650dea587609e3214
0,0,0,0,2,0,0,0,0,3,0,0,1343,16000,48000,3.0,0711d8ab1abfa7fd0745a10235cc275bafb6f2f17d748dfd36af83c43acc2ade
0,0,0,0,0,0,0,0,0,3,0,0,1344,16000,48000,3.0,b0d72110eb50670195a10a6dd0cdc4c939869b035da3dcce4316ad10363b88d0
1,1,0,0,0,0,0,0,1,1,0,0,1345,16000,48000,3.0,2bb077054c3a3b49a529014542db3579a9abeb0710ef541df3eccb757d0594c5
0,2,1,1,1,0,0,0,1,0,0,0,1346,16000,48000,3.0,801ed9be6d5c60a48dceaa6e41d1b16bd0fba1b5cd97f2347d55e3dbcbc2545a
0,1,1,3,1,0,0,0,0,0,0,0,1347,16000,48000,3.0,b22677b60f5f5d99c9b029c435bebf7771ae7c11e59193d170e25a06f86e1832
0,0,0,0,0,0,0,0,0,3,0,0,1348,16000,48000,3.0,9ec10544cb3fc1a58f78e57abe71eecfda4ee49e116d500e7b6f54b3477cee96
3,0,0,0,0,0,0,0,0,0,0,0,1349,16000,48000,3.0,6b0c07c4f4f20028ee80ba10310cf4422a192f7ddb237738f2770b859b4301cf
0,0,0,0,2,0,0,0,0,3,1,0,1350,16000,48000,3.0,d286c79ca4b251200d4d53bfaf3ac324846d73f101dc0934fab93fa6772b5ef3
0,0,0,0,3,0,1,0,0,3,0,0,1351,16000,48000,3.0,78e9fe283c30e462cac45975c355436b01a75fc992d579a8f0a4fced476d8777
0,1,0,0,1,0,0,0,0,2,3,0,1352,16000,48000,3.0,60152b5289994db8e323a0060c7f6960d17c2e49dc5614cd0d169f9942e5a743
3,0,0,0,0,0,0,0,0,0,0,0,1353,16000,48000,3.0,bbded91a7f9900b1678b2a6a25995071d3025cc0c3b7cc8c2e27397d1390c72e
1,0,0,2,2,0,0,0,0,1,0,0,1354,16000,48000,3.0,986a75ecbc8d3b7b1315653a03f98221e1de29291300ea6181e1c2da9b7e85fd
0,0,0,0,2,0,0,0,0,3,0,0,1355,16000,48000,3.0,7b198acb362a9519650a7728fb8ed9013efe1e4640e06b4fb80154307c3c7dd1
0,2,0,0,0,0,0,0,0,1,0,0,1356,16000,48000,3.0,973d0d4d1b35772165fcc3414c7c81a3616a825ff1214bc5af9024b61f9c72d6
0,0,0,3,2,0,0,0,1,0,0,0,1357,16000,48000,3.0,5acd683b2d11e9040d1ecb5f313a08f74c92a886fa40ecb2102d8fa43d9258bd
0,0,0,0,3,0,1,0,0,3,1,0,1358,16000,48000,3.0,1207c246ffbe6d640c28f8b21accc5246477abf7c022bf08fba0e6692aa88d40
0,0,0,0,0,0,0,0,0,3,1,0,1359,16000,48000,3.0,873c802c113c3a40162672401dca8ead1da76624892b3d45b7278d557de93bfe
0,0,0,3,0,0,0,0,0,0,0,0,1360,16000,48000,3.0,99f69b852581c4f38ed8bc9b24340e70f1accdb7dac520216ebc3156ac0846e1
0,0,0,3,0,0,0,0,0,0,1,0,1361,16000,48000,3.0,1228bbe96a5115f074bd77a93170eddc84964c9815dcedc865259c1b8f697e2e
1,1,0,0,2,0,0,0,1,1,0,0,1362,16000,48000,3.0,6e8c6181543790b5d726f1ca2bbb68b8ae22a7b518e1ab27999b6b4714b52ce9
0,0,0,0,0,0,0,0,0,3,0,0,1363,16000,48000,3.0,bf6b69d97564120e5ca80b5427041c8d1effbae4d1ca0ba65638171846661f89
1,1,1,0,0,0,0,0,0,1,0,0,1364,16000,48000,3.0,d84fd9d9014dfc6ae94022dc2ef7e8e9871696d39680e3ff5e22179250757dcb
1,0,1,0,0,0,0,0,1,2,1,0,1365,16000,48000,3.0,a5b7e84f3598b57232db70a4cf149a2f2c4e8c07e72b7c21aabcbec4f444a0a2
0,1,0,2,0,0,0,0,0,1,1,0,1366,16000,48000,3.0,f5ad278e2a01ef2bcab6058b975c7acd410c5d90bad20789d4c9d151e22c55c1
1,0,0,2,0,0,0,0,0,1,0,0,1367,16000,48000,3.0,10631f2d2afab01b3bc9e9d810e33624a966a0cd8775f3c2f4e87abffb51fbb2
1,0,1,2,0,0,0,0,0,0,0,0,1368,16000,48000,3.0,eb1bb2103d72eb024d8fd76556447dfae58b97d2b5590a29436e577a6f344692
0,0,0,2,0,0,0,0,0,1,0,0,1369,16000,48000,3.0,b5e7de0f21d6fec46be30e47b9a2b9d8c1abdf42ab02c5e2ece78ff5f9938129
0,0,0,0,0,0,0,0,0,3,0,0,1370,16000,48000,3.0,d74dea75c7f6af634ebab71e0cf66e9a4ec861abdbd495fd5bcd5b75ba590a1b
0,2,1,1,0,0,0,0,1,0,1,0,1371,16000,48000,3.0,9316175f3b908160ee0abca3c6dd0201fb8a1bffc0ba2265deb6fe184bd2e95f
0,0,0,0,0,0,0,0,0,3,0,0,1372,16000,48000,3.0,8ddb74a631cf7f38c1bb3bf143898bc4f7d3ef50461b08adf1e5c5a30bf5c02f
0,1,0,0,0,0,1,0,0,2,0,0,1373,16000,48000,3.0,9dbbb8a0d0dfedbe1218b9b3371def95ff380cd4ea2f9e7fa7565e8cda1517a4
0,0,0,0,0,0,0,0,0,3,1,0,1374,16000,48000,3.0,1f33a2e2b6411429e44b9d9142a5df8e705588868aea615833c25c16943e79b7
2,1,0,0,0,0,0,0,0,0,0,0,1375,16000,48000,3.0,4955031481c32542576b55c04c58edb9e7c958e9915974334efe3579f3cc1a8c
0,1,0,0,0,0,1,0,0,2,2,0,1376,16000,48000,3.0,7ef91432005c84f01ba79600a17cb3b5f4685b6c29b7ba163c17429f435d5d54
0,0,0,0,3,0,0,0,0,3,1,0,1377,16000,48000,3.0,69a45c8f1da20de5e86b21a19bca6f7fdfea8dc453b6afe2dc279edb0344c6a3
0,3,2,0,1,0,0,0,0,0,0,0,1378,16000,48000,3.0,ca63c981e5ee63d76485559e7f4c8b103e6cd0bf892698070a3d2462699a3900
1,0,0,0,1,0,0,0,1,2,1,0,1379,16000,48000,3.0,08881dbb6b1c116daaf6be015fe41fadd8b95e1aa8a384af75576f5e3e842d15
0,0,0,0,3,0,0,0,0,3,1,0,1380,16000,48000,3.0,561bf238f03adff6aadc99f989d1b3fcd0cc3df962ca1d951f00ba13e5816b94
0,0,0,0,0,0,0,0,0,3,1,0,1381,16000,48000,3.0,9a4e690acf6fc70b4984ac0e8cb065d0a528049e218315c5ed12f415bdc50a09
1,1,1,0,0,0,0,0,0,0,0,0,1382,16000,48000,3.0,7c5bf3c107b2b4df8d3b2994991c6da46fc13194d7c19f2c23cff453dbb18861
0,0,0,0,0,0,0,0,0,3,1,0,1383,16000,48000,3.0,e85a94f3ee9228621115c0ee73532ebc2477185e2f053718fa839726cdfd7dd3
1,1,0,0,0,0,0,0,0,2,0,0,1384,16000,48000,3.0,d8eefb424687b3b99416be85bacd54b131500f4f549fbb95854578a0d94b9d59
0,0,0,0,0,0,0,0,0,3,0,0,1385,16000,48000,3.0,721c5deaafbeb255f8ec5892b8111824244b7ed2247ef0376e2e973d90f48848
0,1,3,0,1,0,0,1,1,0,0,0,1386,16000,48000,3.0,495653dd7964a5a9e141c27ca2e26df7f41c5afc61547d456d2ce1afbbb5366c
1,1,0,0,0,0,0,0,0,2,1,0,1387,16000,48000,3.0,59de30a4bbd6a93fc42f6e556bf47d720748f436bd07e858385041c196cf9c95
0,0,0,0,2,0,0,0,0,3,0,0,1388,16000,48000,3.0,527879f4ef5e3f7574c24eab3374ee8e72e58e4e1cc360e47627d69693b5ddd0
2,0,0,0,0,0,0,0,0,1,0,0,1389,16000,48000,3.0,904aa8fd85f70a3ce9432ec8054a2552871ef581613eee1028fe4692868dc8e7
0,2,0,0,0,0,0,0,0,1,0,0,1390,16000,48000,3.0,92e9e87d80b7dc233d7615c5e48184c2f4721a15da3da43b37d4b2242a376297
0,1,2,0,0,0,0,0,1,0,0,0,1391,16000,48000,3.0,270ec1c226526933ae6360a97a127d75a0b7613156872ae73183541754ebfac6
0,2,0,0,0,0,0,0,0,1,0,0,1392,16000,48000,3.0,917d4ce4360abd765710e08b1dea917c4a8f6eac67b28b63fbee45c4612f140b
2,0,0,0,3,0,0,0,0,1,0,0,1393,16000,48000,3.0,94e739a10aa5b3acb78c7c9e34bd7db36f62a0afde2512be9ec1b9f84b56f017
0,0,0,0,3,0,0,0,0,3,1,0,1394,16000,48000,3.0,4deae0fc34dc75afb6b3e1b4062c56db1d60f88a6015ba8e845bfe3d435c3f6b
0,0,0,0,3,0,0,0,0,3,0,0,1395,16000,48000,3.0,cf7820250e25c218186e54f2e2d5e1c176daa216d419d4431d504e44af106821
0,0,2,2,1,0,0,0,0,0,0,0,1396,16000,48000,3.0,1a57e987fb22895ac314cfd547b8829ded60164cbf72ac905fa07af0b9434a19
2,2,1,0,3,0,0,0,0,0,1,0,1397,16000,48000,3.0,ba7cce08a56465be38a95b5d95b359394eceed9eb1371d8026b978d808690e2f
2,1,0,0,0,0,0,0,1,1,0,0,1398,16000,48000,3.0,84243e2aba9a610be0494c164b8af080345864aaf2d1afe441d6484fa649b252
0,0,0,0,0,0,0,0,0,3,1,0,1399,16000,48000,3.0,cfb7c7b6f22b294da64385b49106f68edb6fa3cf6f608251e5635f2620c49558
0,0,0,0,0,0,0,2,1,3,0,0,1400,16000,48000,3.0,472ba841517fde2c453c7f4aa6f0dff5a50aa8f0fd2f6aa5cb613952c5c35b56
0,0,0,0,3,0,0,0,0,3,0,0,1401,16000,48000,3.0,8ecdc9b46011496be976fe420b87dbff50c20a1e64896eeddfc06e65f61c13a9
2,1,0,0,0,0,0,0,0,1,0,0,1402,16000,48000,3.0,9342a0ef9a1a76a90d0dcc62fb9070926d535a8b6d3b5aaa90e7bdc384a3b8f0
0,1,3,3,0,0,0,0,1,0,0,0,1403,16000,48000,3.0,314ff86e02db5aa78a1660a55aaaacbba62d5e65237c0012c4b9ef0959be09bd
2,0,0,0,2,0,0,0,3,2,0,0,1404,16000,48000,3.0,e831af3616ef97b0c677598981748e1c117972394521fd6b04d41c60425501c4
0,3,0,0,0,0,1,0,0,1,1,0,1405,16000,48000,3.0,dfeff6420ec055de5429f898eaf4e1d71aa75cb8672b060a437ef1d62587d0c3
0,2,0,0,0,0,0,0,0,1,1,0,1406,16000,48000,3.0,0f99c10d90f5b9c5dbc040485d05600c242098665a599e58620b26fecbba42f4
1,0,0,0,3,0,0,0,0,2,1,0,1407,16000,48000,3.0,b607abab88eff8c298353495bd338d067257e3a9b900cb8141b853f9b3674dd4
1,2,0,1,1,0,0,0,0,0,0,0,1408,16000,48000,3.0,02032deb12a848e89aead3cb5de28815237bc278ab46b46f5232eb26a72214e4
0,0,0,0,0,0,0,0,0,3,0,0,1409,16000,48000,3.0,f75304ed58663b0937908206ce578d8885762d101085be3ff5c6aacd3ae7b58d
0,1,0,0,2,0,0,0,0,2,0,0,1410,16000,48000,3.0,037697994e6f84f16b8f2ed0d75fba3767a0e3ad0ab34dcd9edfe6dd1fc0db89
0,0,0,0,0,0,0,0,0,3,2,0,1411,16000,48000,3.0,cb3003998a70643ed62cb1c3edcad00a2c0762aab5b34efc61c0eeb183ea705d
0,0,0,0,3,0,0,0,0,3,2,0,1412,16000,48000,3.0,1a4f70c07c384cc958405c3027c8011506fbaa9f554eba256fcd027f30f10bc9
0,0,0,3,1,0,0,0,0,0,2,0,1413,16000,48000,3.0,9255224330228c516f73e862951c816ed112982cacfcb289761d35282815a03b
0,2,1,2,3,0,0,0,0,0,0,0,1414,16000,48000,3.0,dd00a77095966abe39ac5ade8c14ae5e17c2244b7bb9e2e66fd2e2da42a15cda
0,0,0,0,0,0,0,0,0,3,0,0,1415,16000,48000,3.0,ffc0d5fd8de0afad6732bd126eba385d43a2baa8efa1f47fdda910ac7ca6a2ee
0,1,0,0,0,0,0,0,0,2,0,0,1416,16000,48000,3.0,265e2b535dcff1c47524fcc2d8d145ddf5d7c506241774c94a70b7743a7413d4
1,0,0,1,1,0,0,0,2,2,0,0,1417,16000,48000,3.0,b3668494144e8d9e45028b6863c97e6943f6ba9c793a7ef50916eab04c44bd18
0,2,0,0,3,0,0,0,0,1,2,0,1418,16000,48000,3.0,e2a839247c532e5763c8169bc269732fcb24305c876bedf0532df6b71c03402d
0,0,0,2,0,0,0,0,0,1,0,0,1419,16000,48000,3.0,53f717ce44f66ebc80ffe06894d98174c5dd783ef9d3e400ce381bed24f2f032
1,1,2,0,0,0,0,0,0,0,0,0,1420,16000,48000,3.0,1c6166ac4674255c4b47b50da3e69e051da2f4a19ba78ff2a42c66859c641ac8
0,1,0,0,0,0,0,0,1,2,0,0,1421,16000,48000,3.0,65da5e9e1a56ed06b7eff3cc2bea36993d3c9f51c0c8d89cfd841a22c3df820c
1,0,0,0,1,0,0,0,0,2,1,0,1422,16000,48000,3.0,5770b8d8fd9fc53b4ec4ba3a32a5ccd44e5d8e1b9a4cadb578f576fb31c4c70a
2,0,0,2,3,0,0,0,0,0,0,0,1423,16000,48000,3.0,dab55e828edcba220c31fb8264d6a2b178642d1c90df537365973f1c02f20d8c
0,0,0,3,0,0,0,0,0,0,0,0,1424,16000,48000,3.0,de550595aa4ed5cb020e1413b1fe5b65747bce9a28b7aea66fa6272c5c8657a8
1,2,0,3,0,0,0,0,0,0,0,0,1425,16000,48000,3.0,a705aead68e9d9b3dfef32353867dddc4db1746ded86cc35dd8b9e5b4927824d
0,1,1,0,0,0,0,0,0,1,0,0,1426,16000,48000,3.0,bbb006594cbc1259dd395a460072e38279e49774923f54dbfc6bffe0d2579994
1,1,0,1,2,0,0,0,0,0,0,0,1427,16000,48000,3.0,63550a07f8f155cb01839ac754290e4ff38a23704cf2b84d864382342f429747
1,0,1,2,1,0,0,0,0,0,0,0,1428,16000,48000,3.0,3384d3a461dfbf5a8ab4db5563e9c17d1b30f7456c583b1d776be941d7a363fe
2,2,0,0,0,0,0,0,0,0,1,0,1429,16000,48000,3.0,f4afba9fe7f4abf2a3ccb685c2b98e5775983176225028d6eedec3f745710247
0,0,0,0,0,0,0,0,0,3,3,0,1430,16000,48000,3.0,a522773f96974a887602127e885a1f855e0408af982ce480bda8246f81c101c1
0,1,2,0,0,0,0,0,0,1,0,0,1431,16000,48000,3.0,235358814d484eb0ebc8008090e0f1ee0b4ab5ed11a4ce05193789110dd07c39
0,0,0,0,0,0,0,0,0,3,1,0,1432,16000,48000,3.0,b350c52ee0781b629eb36124f552509603edc37679d352a02412597efe2e9229
0,0,1,0,0,0,0,0,0,2,2,0,1433,16000,48000,3.0,f0ea46e1d3e07bd4cf80286eb0f18dfe63297809d762cfaf8f8399daee06b768
0,1,2,0,0,0,0,0,0,0,1,0,1434,16000,48000,3.0,ff5256c2be675afd29af6182196e38f1ebef3f85411014b82c600e90719dc063
1,0,0,0,1,0,1,0,1,2,0,0,1435,16000,48000,3.0,b40c930f6dfbf10914763c441ae441ea165d5b26ffde4a32c0a0ca7a2d46efcf
0,1,0,0,1,0,0,0,0,2,1,0,1436,16000,48000,3.0,2cc35029e37b85bfa86e8e88323edc54f049faaafd78b91a5d7db29fd4dcba42
0,1,0,0,0,0,0,0,0,2,0,0,1437,16000,48000,3.0,2ad986b47bd9e3ffb513ce56ccd838bc03cd0f5f4d9271ae4e064b9f08646fed
1,0,0,0,1,0,0,0,0,2,0,0,1438,16000,48000,3.0,dd07dfaacc7f434beefa5b829a1c499f35bf0b40f111b47fd32e885fffd83276
0,0,0,3,0,0,0,0,0,0,1,0,1439,16000,48000,3.0,69af07a0d623baed3d475e5f8e619e83377c469bc39da237817c028ad847c5a5
0,0,0,3,1,0,0,0,0,0,0,0,1440,16000,48000,3.0,a28236729dfd9435be62cfd5f007c05c06be19da36bb17d7b70cccc610722080
2,0,0,0,0,0,0,0,1,1,0,0,1441,16000,48000,3.0,788ff6104d0977c80ea0b229b39fa074ebaa4d3017223caec59008810884e947
0,1,0,0,3,0,0,0,0,2,1,0,1442,16000,48000,3.0,4d833e1862868c037a68148b755c2ead762c008eb6d0bf2873a6baf86d230a68
0,1,0,0,1,0,0,0,0,2,1,0,1443,16000,48000,3.0,08a2c7a55297716539b7b63931c94504cdb9922da421a210f183c79ff1768755
0,0,0,0,0,0,1,0,0,3,1,0,1444,16000,48000,3.0,331447181da90ace92d038d073516a07f99424f0a6b4e1dd3de9dca41b3d41ea
0,0,0,0,0,0,0,0,0,3,0,0,1445,16000,48000,3.0,04c55727df53f476e83a21c402ddde76d7ff6580f08e41062accb27ea11c941a
3,0,0,0,0,0,0,0,0,0,0,0,1446,16000,48000,3.0,7fdc71d848af100639baba6047e095836c1051c3472df8372d179a04cd90c6da
0,1,1,0,1,0,0,0,0,1,1,0,1447,16000,48000,3.0,8a95028369ff7fb73ba613b21bb2f97c18bd19f5fc30552d0b5eb178cf2837f8
0,0,0,0,3,0,0,0,0,3,1,0,1448,16000,48000,3.0,d6c2296869e225f2e5a2bdd95af2d7eef2e3959a9b04fef0e834eb9676645848
1,0,0,0,3,0,0,0,0,2,2,0,1449,16000,48000,3.0,81741e05f66e1fbfb23ed49b413cdc71d11b981a6bbef8ee943d6f3f795e8a34
0,0,0,3,0,0,0,0,0,0,0,0,1450,16000,48000,3.0,c009a1241edc51e586780d741b14749beebe82bba004d29796de09dcb8b65180
0,2,0,0,1,0,0,0,0,1,0,0,1451,16000,48000,3.0,9be3a8637921a8c9a4549f030ac2059e5472519ac2f80a209cb64bf469623090
0,0,0,0,3,0,0,0,0,3,0,0,1452,16000,48000,3.0,89aeb3f99c1814ac72fdf5ec7bcab14232389dbc0bd404fb12941782dd4ef76d
0,0,0,2,0,0,0,0,1,1,0,0,1453,16000,48000,3.0,92d729bbe91fd39fb2c284ee6fa1a2f6cf558dae58bcaf399872b19538e692ab
1,0,0,0,0,0,0,0,0,2,0,0,1454,16000,48000,3.0,5cdd4b7b97efe6d5c44e2a4d5285fb9953e941d7b46f6cc649205cce14044349
0,0,0,0,1,0,0,0,0,3,1,0,1455,16000,48000,3.0,8e2b84df3bf7d9ccfed437f9610b6eab006eff6afef63ac1610bb2d4ab97978b
0,1,1,0,0,0,0,0,1,1,1,0,1456,16000,48000,3.0,d6c84f7b55cf6316642374c6ca07abff710f68f76340994e68c23cc089dd9c0e
0,0,1,0,3,0,0,0,0,2,1,0,1457,16000,48000,3.0,752e5bc26a44aa78d667becdde87daea7630eace83f02907624cc47c36f5008b
0,0,0,0,0,0,0,0,0,3,0,0,1458,16000,48000,3.0,0d6cf513a6a19b374d1f9ce8a74d11ad092b6068187731f19553d7bb114901c1
0,1,0,0,3,0,0,0,0,2,0,0,1459,16000,48000,3.0,53c9cddf24063373802c9639ec0e939fb11f33a1941a04842ed65ad5d11144f1
1,0,0,0,0,0,0,0,0,2,0,0,1460,16000,48000,3.0,0f57874b1c0a1b18a249e38da52d82be606a5030e61d4e8d2fcf232e3b08fec8
0,1,0,0,0,0,0,0,0,2,0,0,1461,16000,48000,3.0,3375b111a045d0006da335f25fd79ca53ef6fab328955f5b237c692076d4f1e5
0,2,1,0,1,0,0,0,0,1,0,0,1462,16000,48000,3.0,cbfb309aacfc51bfb42030adeed8644d5134f370953eabd993ae308afddb4447
0,0,0,0,0,0,0,0,0,3,0,0,1463,16000,48000,3.0,62459e1db4b835365fa6ff902623a06d8c886a886352f86a9ea0c4a290a8cc85
0,0,0,0,0,0,0,3,0,3,0,0,1464,16000,48000,3.0,73903012db68e5ea9333d1fcbe75f2c38c33a2995bc5a2991132ff420dadbdbe
2,1,0,0,1,0,0,0,0,1,1,0,1465,16000,48000,3.0,24ff8b5c019d44a212058c757b954701a45eda63e5e510373300e20bcd8303a4
0,0,1,2,0,0,0,0,1,0,1,0,1466,16000,48000,3.0,3732efd19adfd855f9c9615aeb27ef67424fbcef54a2352631c1ce8af926fe93
0,2,0,0,0,0,1,0,1,1,2,0,1467,16000,48000,3.0,76b5fc42050a44b933abdcc8d201ad20366d9942c5a9105e702832d430458bef
0,1,0,0,0,0,0,0,0,2,2,0,1468,16000,48000,3.0,92c933f662edfbce94750374e222056346d8a053d1b6d58e551ebfc9074bf597
0,0,3,1,1,0,0,0,0,0,1,0,1469,16000,48000,3.0,dc1bc4c65a73c625813795613e840d675850629334d5b40e9bdd9880174acffc
0,0,2,1,1,0,0,0,1,0,0,0,1470,16000,48000,3.0,075a6c4a5acd404e4b5824fd456ca51466be80871f6dfebf7986ed4fc9df1478
0,0,0,0,2,0,0,0,0,3,0,0,1471,16000,48000,3.0,13f62fcaca9442675d5290c978b0bd817d74fd35fe8e4f418f85a31ec073782f
0,1,1,2,1,0,0,0,0,0,0,0,1472,16000,48000,3.0,6ee86b8dd5b9255a66bde2d30a47c50650fbbd067453e7054286a10023a95340
0,0,0,0,3,0,0,0,0,3,2,0,1473,16000,48000,3.0,22a05a76e502a3b4bdcbbfe5d8e0fcef76c3b560b64dc099462d4ef73f3b5f1c
0,0,0,0,0,0,0,0,0,3,1,0,1474,16000,48000,3.0,da4f9039b763601303101aa747381888d55cf2a2c93101d2fd53a7eb883d6496
0,0,0,0,3,0,0,0,0,3,1,0,1475,16000,48000,3.0,5fbe5df34344fd3b116eae86c0920d0ecba692c54922cd772ce9883fd4818700
1,0,0,0,0,0,0,0,0,2,1,0,1476,16000,48000,3.0,a47192a7c50b657aa7c35fbfbff256ae4fb8da019cb3634b7e761956a6f5580d
0,0,0,0,0,0,0,0,0,3,1,0,1477,16000,48000,3.0,dd4a7880fa8412c9f8fe4ab6550cc5128a0055e7c1cec9fe715c6e2a715f4f50
0,0,0,0,0,0,0,0,0,3,1,0,1478,16000,48000,3.0,80942e7f0c4f0b0fd5744be8f4469f5a3d617f76d791df40415c40787ad742c0
0,0,0,0,0,0,3,0,1,3,0,0,1479,16000,48000,3.0,3071f997fe01aec6721854d6b1352ab7b4d87f1313860fb3c9fad513e80e8d20
0,2,1,1,0,0,0,0,1,0,0,0,1480,16000,48000,3.0,368fd9afcbcc3bc100edff47fbea65a28dda07ebbf655f47999cee936b82aabf
2,0,0,0,0,0,0,0,0,1,0,0,1481,16000,48000,3.0,889046c67ca008b6917c8a358e9f47f5847cdaa171d4aae441d95a87a3a727a2
0,0,0,0,3,0,0,0,0,3,0,0,1482,16000,48000,3.0,ec3c22d82cd533aaf12f06d108af25056e27952ba3aed98b2a7b9b21b2cb79e9
3,0,0,0,0,0,0,0,0,0,0,0,1483,16000,48000,3.0,e1f3ea144ef2219b796fac175f000d3c5de73c3a2502c09aa2db7e4a91e9683f
0,0,0,0,3,0,0,0,0,3,0,0,1484,16000,48000,3.0,d4c0a696f575bfbba660acf615f96881f9f29098213e58d21d78c272fcf254ad
0,0,0,3,3,0,0,0,0,0,0,0,1485,16000,48000,3.0,1b1e03458a8415a032a51fc17c80d2a426b5803f80a36347d4541225a8ab26ab
0,1,0,0,0,0,0,0,0,2,0,0,1486,16000,48000,3.0,4adf01bb04fdce46452b215e9ccc22bf33cbf7ca122f6eb2005c3b615cd18d30
0,1,0,2,0,0,0,0,0,1,1,0,1487,16000,48000,3.0,d77c2d9077c4fcd3329f6ae996acb2ce5eccb3b5c0dc4f358a79b6f3a39cebf0
0,2,1,0,0,0,0,0,1,1,0,0,1488,16000,48000,3.0,f395cf8ffb6415e101ee3b74c34359971146433a20f21bd1b5be8d2cc55a82b6
0,0,0,0,0,0,0,0,0,3,0,0,1489,16000,48000,3.0,fbdd0d4a761decdfa0e2cc346288f64c969e18ad86129c65dad2f197a6750a34
0,0,0,0,0,0,0,0,0,3,0,0,1490,16000,48000,3.0,7981623f76ebe57c0a4382c09f0817b279639df8395e724b5d3fd02fee74d820
0,1,0,0,3,0,0,0,0,2,1,0,1491,16000,48000,3.0,d3e21d0608422603747bae2988c0d61e37aa0afbd212cd309a879a306e20a5e8
0,1,2,0,1,0,0,0,0,0,0,0,1492,16000,48000,3.0,508b57991a1df1f3098f9108bd370b0e2ac99b34c1b831262e66692a29a5b89b
0,2,0,1,0,0,0,0,0,0,0,0,1493,16000,48000,3.0,1f4c72534c765b1789aa872ae99d11b892cc4b4d68ca3af14f5ffb2726eb37b5
0,1,0,1,2,0,0,0,0,1,1,0,1494,16000,48000,3.0,de2b1aced52daa9722d9ae52d3dbdb8c99d1362bcb5b66d3fada4ed3a4a4edaa
0,1,1,0,0,1,1,0,3,0,0,0,1495,16000,48000,3.0,6c100f62062384f75b215bbb7c28f3744291c3714d9eaa205da30ae69bd1433d
0,1,0,0,3,0,0,0,0,2,0,0,1496,16000,48000,3.0,f3382137844fd05934dc2ae9f5d07e8bc127dcc4c776f13342020f8fffebf1e4
0,3,2,0,0,0,1,0,1,0,0,0,1497,16000,48000,3.0,b3d3784ecd1eef9c58cb077c46f095c7a6156936425df8f4d366cc9a949e0320
0,0,3,0,3,0,0,0,0,0,0,0,1498,16000,48000,3.0,044794ac2d57dd2b2dab5bae55d69aa42ae27818d21144051063660dd3973691
1,0,2,0,0,0,0,1,3,0,0,0,1499,16000,48000,3.0,1c9f483839ea84aba7bb55d7062e4ce219050db8238aa032ab58798a8e83db53
0,0,0,1,0,0,0,0,0,2,1,0,1500,16000,48000,3.0,9f9e773b1933185852d59888c453b9ef96104c417aa9c051f8335b8729802dde
1,0,0,0,0,0,0,0,0,2,0,0,1501,16000,48000,3.0,100db0f50c2b5332eab9cd9e680ff8779e69208d80e592b71748c13b373cfb45
0,0,0,0,0,0,0,0,0,3,0,0,1502,16000,48000,3.0,98421ba6f7e68c33757d1d81c5ab6c91b591dafe690e424b89d9f2c3fce7f62a
1,0,0,0,0,0,0,0,0,2,0,0,1503,16000,48000,3.0,58acd9403f69c5c83eb304da4170989080213530ab722616f0e316e981d92450
0,2,0,0,0,0,0,0,0,1,1,0,1504,16000,48000,3.0,ea1a312325103f7ba3e164cf36d1214bfbbbcec27efe61c3495dfa5a4f2eb2f4
0,0,0,0,1,0,0,0,0,3,0,0,1505,16000,48000,3.0,903065c63a3b6dffc4d7cb96cac24bfa89d144214ce83484b45fd08641d101b7
0,3,0,0,0,0,0,0,0,0,0,0,1506,16000,48000,3.0,ca72f48e68038b81a4ce7a700c081fc82d2c60a757824391d6a5ec83cdb6e555
0,2,0,1,0,0,0,0,0,0,0,0,1507,16000,48000,3.0,936ab6e9393296dad935470189d71cac9cb335457a74f0061a17d2a9413e45f7
0,0,0,0,2,0,0,0,0,3,0,0,1508,16000,48000,3.0,0cb726066425de06d023c69b6539797d402dda3ae4d54594f20e18fcccfe2ff3
0,0,0,0,0,0,0,0,0,3,1,0,1509,16000,48000,3.0,1661e689de6bde0e16e0af0026049c260590af959960eb0835cbf898268d71ee
0,1,0,0,3,0,0,0,0,2,1,0,1510,16000,48000,3.0,499f9c4e980fea4ce380f53bcca2f13dfc4271c9288b806e013c2649926360f6
0,0,1,1,0,0,0,0,1,1,0,0,1511,16000,48000,3.0,40deb19adcf265994616178958cb35949a138c7eafc5ffd4f59cccc8b2006a2b
0,1,0,0,3,0,0,0,0,2,3,0,1512,16000,48000,3.0,54b4cf0d90d47e6b9c1718e7b67a60cc6ec8979ee37a3583321b762903e49c1f
0,3,0,0,1,0,0,0,0,0,0,0,1513,16000,48000,3.0,a4998227c1238d8ffd16a11eac25c42726f490efb4b77bdbadde7a146e9f9c49
1,0,0,0,0,0,0,0,0,2,1,0,1514,16000,48000,3.0,6dab9a84c71d0709cbcd5c1a4fc5e5f505c1b2e473e24acf7618671ea4f7234b
0,0,1,0,0,0,2,0,3,2,0,0,1515,16000,48000,3.0,b5f1c11b3e438e18162b09f9736d14e97aa13e68518daf26cceaf0716a73f1f3
0,1,0,0,2,0,3,0,1,2,1,0,1516,16000,48000,3.0,4c41cc686e9cb4d06704524c16a780abc4bea1a93df4389480b785209737e3ba
3,2,0,0,0,0,0,0,0,0,0,0,1517,16000,48000,3.0,a2780ea156d60585d8e8e252591dd63de52d2bec42df1243e7e7649b5c3d0f8b
0,1,0,2,0,0,0,0,0,0,0,0,1518,16000,48000,3.0,da6456d915d0ff369b01889ee143d6125e7aec555f63e6282b5463fa9423f357
0,0,0,0,3,0,0,0,0,3,0,0,1519,16000,48000,3.0,d2c33bad7518e818953b1adf85fc6f4b9476a1a9bc3fc4457021e4e8a542044a
2,2,0,0,2,0,0,0,0,0,1,0,1520,16000,48000,3.0,66a3508347bb0a9099fed1a8011a37827b8935b35d88112fa66450f42304a41a
0,0,0,0,0,0,0,0,0,3,1,0,1521,16000,48000,3.0,dcf45a5ce04ff45cd64d0bc1cad70d98b297937286b202c2b94b92e1a74d6c9e
0,0,1,0,0,0,0,0,0,2,1,0,1522,16000,48000,3.0,c50f2a6984a9b138e3eb4367f143207c899446d5d689cad83aa56fce6b75431e
0,0,1,3,0,0,0,0,0,0,0,0,1523,16000,48000,3.0,3f714e3ee4c4fbc2765e2a0c063af119b206f76907ab1169dc47c72c60168ca6
1,0,0,0,1,0,0,0,0,2,3,0,1524,16000,48000,3.0,4616322dd05d53e23abb2fa3a64870f6187546adc7146d22a0edba065cd91d1b
0,0,0,0,3,0,0,0,0,3,2,0,1525,16000,48000,3.0,a220691a11c836d5881ac3ab310f15e542d0879f61455af45284bcd8f0991690
0,0,0,0,0,0,1,3,0,3,0,0,1526,16000,48000,3.0,8aaaa3ec7b0e08820262f1807d2aa4a46efdbd3eac187b904ed84be157992041
0,2,0,0,0,0,0,0,0,1,1,0,1527,16000,48000,3.0,2aea2f037290692468d34ed634b6a8ae68f1ef5b24d9013b6f4881fa38dbc06c
0,1,0,0,0,0,0,0,0,2,0,0,1528,16000,48000,3.0,ba39816fba4ec24330a3dba730b19e737b7df801e8d7fa1f95f3a51ce265eda9
1,0,0,0,0,0,1,0,1,2,1,0,1529,16000,48000,3.0,3efae9e4e14d7d938142aa0b95b5bc5b2be2db84644cc09a5240eeb2717f0361
0,0,0,0,0,0,0,0,0,3,0,0,1530,16000,48000,3.0,3157e790c9be77b5798ccd2a21c73e804dfeeef6a7174414695baf56e80df6f4
0,2,2,0,0,0,0,0,0,0,0,0,1531,16000,48000,3.0,4a35531d994b21f8f9ee9070a1532477a9d1db892888ca12c6aff32e0e095d57
1,1,0,0,0,0,0,0,1,1,0,0,1532,16000,48000,3.0,48e3982a5443d3d791a9bd520895451e618e76ad33f0dd4eb32296ea98d1ede6
0,0,1,0,0,0,0,0,0,3,1,0,1533,16000,48000,3.0,b0cc2c8889b8d850ae14f3ee5b2559733cbc936cebc688af1371182fb460d8d3
0,1,0,0,0,0,0,0,0,2,0,0,1534,16000,48000,3.0,64eefa2e89855a3605143755cfc7866114594d658086b87e3e8feb769a1c9073
0,1,0,3,0,0,0,0,0,0,1,0,1535,16000,48000,3.0,a271d835deb3b1c9ff813ba1b78c29d86b80aa40150207654ca840a24cab3eef
1,1,0,0,0,0,0,0,0,1,0,0,1536,16000,48000,3.0,1920a577bb1faaf003fdbcac56cb5efc72a868a3d0f96d9e84848b806198d779
0,0,0,0,0,0,0,0,0,3,0,0,1537,16000,48000,3.0,f94d6f590d881973a53262465dc983311cf5385979d54c4f70d16dadfdd6531b
1,0,2,0,1,0,0,0,1,0,0,0,1538,16000,48000,3.0,0969efe4397ef9847ce59379aba267f94ab944c7a493a71c72725b9790390c18
0,1,0,0,0,1,0,0,0,3,0,0,1539,16000,48000,3.0,10c70e8402ad44556fcf025df87d84838e924d7a702cd1abe32a2dcc05bf606b
0,0,0,3,1,0,0,0,0,0,0,0,1540,16000,48000,3.0,2b97897ea90b69f463d5fb83ba9d7c3a9aecac3ee29110d60449a4769e8c281e
0,0,0,0,2,0,0,0,0,3,1,0,1541,16000,48000,3.0,95fb91039365c8b6437f8b1b68ae805545af67c9cb822d1d7fa07b7bfa2a2dbc
0,0,0,0,0,0,0,0,0,3,0,0,1542,16000,48000,3.0,df355f59d73b76d5d21782eb8e10b34114e7d31d6017c315a2bdfb00d2cb6a36
1,0,0,3,0,0,0,0,0,0,0,0,1543,16000,48000,3.0,292bfb6f2935d3f8c17fefc0ee42c1e427c4c9378b78a29578787c5a9f0a0cf9
0,1,0,0,1,0,0,0,0,2,1,0,1544,16000,48000,3.0,9a3dff2736db08d5ae80c46d08b61d4818099b929b407d1ab33f5c658bc62971
0,2,0,0,0,0,0,0,0,1,1,0,1545,16000,48000,3.0,5514dbb4f72d615c8ffe035b117981ea805fc338092fc8baa640da65502d6731
0,0,0,0,0,0,0,0,0,3,0,0,1546,16000,48000,3.0,b65be2eb0fc38d6560c58f522d2e4451827c2fbd3309a7525fe7c0057091baf6
0,1,0,0,0,1,3,0,2,1,0,0,1547,16000,48000,3.0,7cb1337b53a538f5eece2cbea17f71b8e16a1147f86d745f9b96525e7159b507
0,3,0,0,0,0,0,0,1,0,0,0,1548,16000,48000,3.0,9139dacdcf8c41a6daaf125430f5bac9ce23948e05364942265669e2bfdd9749
0,1,0,0,3,0,0,0,0,2,0,0,1549,16000,48000,3.0,dba00aefc70f668899bd8957a07e642080ecc5fe7f07c35e470f4401e8fb6f18
1,0,0,0,0,0,0,0,0,2,0,0,1550,16000,48000,3.0,a0b733b518151392e5cf8cf6c0b2c56966f6bf0ffc256a46bed69385f5705c82
1,0,0,0,3,0,0,0,0,2,1,0,1551,16000,48000,3.0,056a76fbe10ae122418531a57848e7f139eca58d27af4c31ebf1241ac2900e9b
2,0,1,0,0,0,0,0,0,0,0,0,1552,16000,48000,3.0,225374e720ba30b4520c9e09a6229638cfe5538394edf2f96bbd4b96056de9dd
0,1,2,2,2,0,0,0,0,0,0,0,1553,16000,48000,3.0,ca9681b22d1b5e3284ddef14d18dc2e82484b6334894a717ab1d79472ac30121
1,0,0,0,1,0,0,0,0,2,0,0,1554,16000,48000,3.0,bd6710d00ac3c1078f55b154d479a41db2af16de0eecfde5021a1a46a4f15537
0,0,0,0,0,0,0,0,1,3,0,0,1555,16000,48000,3.0,5dcff7d7d2b77c6e45fc571ffc4c0ce2121bb27044324b8a64eda6b22ba2a534
0,1,0,0,0,0,0,0,0,2,0,0,1556,16000,48000,3.0,0db6fc8fe7897f7db71a1cb0f6b5f5ce7e08a7398b993b60d60d995b9b3db4f5
0,0,0,0,0,0,0,0,0,3,1,0,1557,16000,48000,3.0,aaea5d971c829cd3a6ed08b48d5e8f2a5bccbab29d2d63d7e49ef1ab68b47a89
0,1,0,0,0,0,1,0,1,2,1,0,1558,16000,48000,3.0,3f6eba153845af9a91b9d034810e42d80bdb470dc081311ead9ce971abb2a3e9
3,2,2,0,1,0,0,0,2,0,0,0,1559,16000,48000,3.0,3b9d322f4642d83ba5816fb5068ce2475586a86658fd37dbda2c7f020a769c0e
0,1,0,0,0,0,0,0,0,2,0,0,1560,16000,48000,3.0,ef078f750de2770bbd20efb77fcfed0944ec7b5c927fa8c0d221f3aa1e25b6bb
0,0,0,0,1,0,0,0,0,3,1,0,1561,16000,48000,3.0,1e0f4876e44408a32de1eac9ef1adad22d25c39994cb394dda5245966a57e9cd
0,0,0,0,3,0,0,0,0,3,0,0,1562,16000,48000,3.0,b1fe943644f6001c532d498bf2c2fbbfb36ccce5d2b2b2d4547ad658e2460636
0,0,0,0,0,0,1,0,2,3,0,0,1563,16000,48000,3.0,c334b74efef674d7c9b8b97cb5209ddeeda34048b91135508c9573050659331a
0,0,0,3,1,0,0,0,0,0,0,0,1564,16000,48000,3.0,228d04c634412476f819a825a78bbe737522631db3fad53a53dc903324dedd0f
0,0,0,0,0,0,0,0,0,3,0,0,1565,16000,48000,3.0,27b55ca15f8902662041d3ffa936fe7a042f2232d37392916c919fc2b8d85ba8
1,0,0,0,2,0,0,0,0,2,0,0,1566,16000,48000,3.0,c656721b2b43057e401e8cd72ad4a99ed5557968032a8eaa8992a8e62261209f
1,0,0,0,3,0,0,0,0,2,0,0,1567,16000,48000,3.0,5cd5306bdba09e41d16c885f2ae9d605d3f1ead2de6bb74373c948ca1e07384b
0,0,0,3,2,0,0,0,0,2,0,0,1568,16000,48000,3.0,0b45255c3a56deda8acf95c0800a3f4e5c4aa913c5f1bb8c4d3608185b46b34c
0,0,0,0,0,0,0,0,0,3,0,0,1569,16000,48000,3.0,909fad390d0c44f724385951fec9f0cce454ea2fb66fe7dca053b4559f265423
0,0,0,0,2,0,0,0,0,3,1,0,1570,16000,48000,3.0,c7a81c0539b91f89f99b2a2ea63ead277c0a1370f2e485938d7d8304418a577c
0,1,0,3,3,0,0,0,0,0,0,0,1571,16000,48000,3.0,458b61dd1c967024ce49e1c0395112b960122ca509c70e24b7a16cfcadf87d51
3,0,0,0,0,0,0,0,0,0,0,0,1572,16000,48000,3.0,d6da258f4297af7dceb8693720819c99a4eb3aa941782c6434adb6389c5e888c
0,2,0,0,3,0,0,0,1,1,0,0,1573,16000,48000,3.0,ca728037abdfae398f484645e0668cebd08afdd840f6ec43e570aec2ee4e50d4
0,1,0,3,3,0,0,0,0,0,0,0,1574,16000,48000,3.0,f0feaa69fd92f29a8206732aa26166a8fd60eedb591727893c66523e4749b7af
0,1,0,3,0,0,0,0,0,0,0,0,1575,16000,48000,3.0,bb0165e918a4b3c8160b7b2a143547cc7c3983edd916599065ec5a1040a5cc21
0,1,3,0,0,0,1,0,1,0,0,0,1576,16000,48000,3.0,54b89646b9226599bfe2e04a38e54fb327765327e41204b05667970154c93384
0,0,0,3,1,0,0,0,0,0,0,0,1577,16000,48000,3.0,0f5efc8d62316a00f9443e94a8a6c9c4fc388ee22adc8b8c24373dca0fcf7d20
0,0,0,0,0,0,0,0,0,3,0,0,1578,16000,48000,3.0,fe5ffe332a2da320f0c93b093d4390317c79ef2c4a2f53528e1469834b4d721c
0,1,0,0,3,0,1,0,1,2,2,0,1579,16000,48000,3.0,64c942aa3e7e59b2e21b2bb7ae1f73fed605ea82f3d0bc16300569a61535ef84
0,0,0,3,1,0,0,0,0,0,1,0,1580,16000,48000,3.0,960d4ae71aa0992e414b8d5d1edb527d056f135cb27b174efc20e4df8f6c1a9a
1,0,0,0,3,0,0,0,0,2,1,0,1581,16000,48000,3.0,da1a93f2bd331472565a8731f164770dd552bc1e6671ede63b6c40bd659fe8b1
0,1,0,0,3,0,0,0,0,2,0,0,1582,16000,48000,3.0,05654deaddf44752c062566c6a5e22c69e9310ef76c35d65bb7d518e10103912
0,0,0,0,0,0,0,0,0,3,1,0,1583,16000,48000,3.0,210b21cab9410ca684b090ad6c0083c0a7e702d38ab62c3b43d991e3320fb161
0,0,0,0,0,0,0,0,0,3,0,0,1584,16000,48000,3.0,7881297ff960238f44af555faeef76a158fbc1d5a41808bbe555573f94470fe7
0,0,0,0,2,0,0,0,0,3,2,0,1585,16000,48000,3.0,e6122cb39929a14bacc2d3fbdb0eecdbef2aa3822b09f011d3549d11a0ec85ce
0,1,1,0,3,0,0,0,0,2,0,0,1586,16000,48000,3.0,d61c6c3b696bedcba65a07ff9c952dcae78b5d95ab4ab58fc628a899b52581b8
1,0,2,1,1,0,0,0,0,0,0,0,1587,16000,48000,3.0,b457498e3313fc9d5c5db30f8015dc8198da0587ab68714c31ce25556bddfcc4
1,1,0,0,3,0,0,0,0,2,0,0,1588,16000,48000,3.0,27d680f87991eb6e3616a167712ae4b92ab8ae82d4f90bf8a5463a5f1a845eba
0,0,0,3,0,0,0,0,0,0,1,0,1589,16000,48000,3.0,a872ff0bb7380b9411c5006a44a16e96dacf5f7a96d9d3bc0ce4675e02e436ea
0,2,0,0,2,0,0,0,0,1,1,0,1590,16000,48000,3.0,63b1c0ffcf1a883368e2890b4a326d0552aeb8c0561958c3f2f45bc49e30d4a9
0,0,0,0,0,0,0,0,0,3,0,0,1591,16000,48000,3.0,bcef96f9cf33d0ab6fca6a6820fd322fbcb00f62ab11ad466c7473460f39e73d
0,2,0,1,2,0,0,0,0,1,0,0,1592,16000,48000,3.0,f35b0a71d94994a8ee21d1ab77e62aec31a930e2b77fa04d7fa49606f291a0ff
2,1,0,0,2,0,0,0,0,1,1,0,1593,16000,48000,3.0,87bc498b479d1fd0889c12d6c53f5413177f26b52df42e6be26acd58450d4fb7
3,0,0,3,0,0,0,0,0,0,0,0,1594,16000,48000,3.0,9e9d507061fa5fd5eb0f658826c74528e6dc8e94f1812da3d3636b7cf9c9e427
0,0,0,0,1,0,0,0,0,3,0,0,1595,16000,48000,3.0,35fcbcd746fcb144bc3b3eab09d8d561ddf9a5b6afda5e3d46416e7538daa6aa
0,2,0,0,2,0,0,0,0,1,0,0,1596,16000,48000,3.0,2dc2c8a628edd774aed74d482eda7088261f13336bcf695fa05e0715ffc7272e
0,0,0,0,3,0,0,0,0,3,1,0,1597,16000,48000,3.0,514c3be4f65f190fb6f05efe6f3eb4a82304c8a390df98b74880fea3b05efc1e
0,2,0,0,0,1,1,1,1,0,0,0,1598,16000,48000,3.0,8305f6adbad7655c2e651d1b9409c3f25f8cfc69ade025f8c96b25094e12525f
0,0,0,0,0,0,0,0,0,3,0,0,1599,16000,48000,3.0,c6bf3e877a4f7de17d3b0f43f876e8dca093ede0fe0a0886217a027d81e42559
0,2,2,0,0,0,0,0,1,0,0,0,1600,16000,48000,3.0,4f55121660102c7fdd7858c9faf5e0586e595a4a4834c9d4da9c88a3d464738a
1,0,0,0,2,0,0,0,0,2,0,0,1601,16000,48000,3.0,1080c21f0e354195cae2881aad567bc1adfc2dea67ab34361995f4bc6f750d61
0,1,0,0,0,0,0,0,0,2,1,0,1602,16000,48000,3.0,e86a607bdf0f13947f8dd590a479a4861a0af8140e240a893f051701baead070
0,0,0,0,1,0,0,0,0,3,3,0,1603,16000,48000,3.0,af179aa131888489ae02ce99c976e2eb38ff52edf5d5e3716310aab976665a97
0,1,0,3,1,0,0,0,0,0,0,0,1604,16000,48000,3.0,5e07d488b2ce0244e065b99d073386abd401cce7e7c5ae14e5f774d075c5d0e5
0,0,0,0,1,0,1,0,0,3,1,0,1605,16000,48000,3.0,6417cf80dd4ae820411d1c44bbfdea2cbd66b9070dd6d41f4595835297ead2ca
1,0,0,0,0,0,0,0,0,2,0,0,1606,16000,48000,3.0,184578c6929b6301c885dd33a2451e9e879091609cd76cd2790887d52e6843ef
0,1,0,0,0,0,0,0,0,2,2,0,1607,16000,48000,3.0,a292bf0375ecd1835b4f43e9c374b90cebe25a1fb68871426a5e53502a9466d9
0,1,0,0,2,0,0,0,0,3,1,0,1608,16000,48000,3.0,c634775a43c9551d27a46c0cffa4dea4d8abf7282d1f5fcf8199989832f0f4f7
0,0,0,0,1,0,0,0,0,3,0,0,1609,16000,48000,3.0,386c88aea18ae0a0ac6e4733ad52ce33f8475dcee4db68e7a23b54f282d576ed
0,0,0,0,0,0,0,0,0,3,1,0,1610,16000,48000,3.0,72e5d793531c4f4f6af2ca6c10b6138452a6e6c7d55a7afe379192d703ca6521
1,0,0,0,0,0,0,0,0,2,1,0,1611,16000,48000,3.0,7ec6c79fe4a9986677cedec75f84615bf7a54d692b742608a0c1f409abb46d2d
0,1,0,0,0,0,1,0,1,2,0,0,1612,16000,48000,3.0,a601c86bc48f93d67c376e1d57ca5657525aaf8f8ed27e47c9853511eb69637d
1,0,0,0,0,0,0,0,0,2,1,0,1613,16000,48000,3.0,69336aed6037c6217391c4a6f8e72413a86fdf0f9b54a77a90124ed29e8fce9a
0,0,0,0,0,0,0,0,0,3,2,0,1614,16000,48000,3.0,e78884c0f26747a2305d7d022878ce21fcc42312ca787d368fd5d6d7a475a988
0,1,0,0,0,0,0,0,0,2,0,0,1615,16000,48000,3.0,611a3016523ee8a8afa87ab8cf8ba9d8d73206e169de845db9dd9b5da32d9f09
0,2,2,0,0,0,1,0,0,0,0,0,1616,16000,48000,3.0,d72402a841b5c1d5599a40cce07bc0bf1485793b35484898f5cc32b84e221320
0,1,0,0,0,0,0,0,0,2,0,0,1617,16000,48000,3.0,8175f9b363947966f0f7bdf4b6beaaf6a5ad3ddf2babcc804e34b222914ebbfe
0,1,0,0,0,0,1,0,0,2,0,0,1618,16000,48000,3.0,28075ba5ee628a4a17956b67498f1db27ed380017213558a0e5bc32894d357ef
0,1,0,0,0,0,1,0,1,2,0,0,1619,16000,48000,3.0,b66d987702f723981970ef9d1421ed080e149878c67c7ffabff840460789ed01
2,0,0,0,0,0,0,0,0,1,0,0,1620,16000,48000,3.0,2f4b9c4634da9e38416c90f84e3bf540a80a8b86a6f235f3e188d09f9e317369
0,0,0,3,1,0,0,0,0,0,0,0,1621,16000,48000,3.0,ff2adffae3d387508d6856c79b39d5e8d852e7944c4f741eaab586d479d65dc2
0,1,3,0,1,0,0,0,0,0,0,0,1622,16000,48000,3.0,b3b9a13028031dd727f41d5defee2a76df520e18754c520df68f3d6b75f97a54
0,2,1,0,0,0,0,0,1,0,0,0,1623,16000,48000,3.0,a45dfaede5f2579ceb435794fb0ae7c27c6f04a8eac4068cf1988b7c171c2c9c
0,0,0,0,0,0,0,0,0,3,1,0,1624,16000,48000,3.0,f10052778598cbabe7545aaa5d8a5137c3306e6d39cf7d11aacb72b202274d4e
0,0,0,0,0,0,0,0,0,3,1,0,1625,16000,48000,3.0,7d8fa4086761800bd0c982c261e8bbb02f2d79e827352cf7b486049df26351a1
0,0,0,0,0,0,0,0,0,3,1,0,1626,16000,48000,3.0,846fbbf0d6131cacb73e99ad99806a5a0c97719780cffb0f56b3e469c6e4c536
0,0,0,0,2,0,0,0,0,3,0,0,1627,16000,48000,3.0,0da054abe93795018260dfac715855d07900c63150be7e92a170ebae306a6a35
1,2,0,0,1,0,1,0,1,1,0,0,1628,16000,48000,3.0,b68de0bb68a962da6d18c05db7bf94363f3284a9ef85db936f2b0e8c31ecad72
1,0,0,0,0,0,0,0,0,2,0,0,1629,16000,48000,3.0,176f44e8241e49d44e12d969035c0e89ef0c6d149f5088c38903712b9d91342d
0,0,0,0,0,0,0,0,0,3,1,0,1630,16000,48000,3.0,f31d01ad339329123f9912b0e99cbe1df46bc3577d37ab63aaaebba83eee9043
1,1,0,0,0,0,0,0,0,2,0,0,1631,16000,48000,3.0,6352ad4b91207feacc7b7773dacd676a0a2099c9040556f0c65a2f151db15945
1,0,0,3,1,0,0,0,0,0,1,0,1632,16000,48000,3.0,f752ad50bf1a50dfa6e4eeb2ac8927a1984a971295e3adf00c102bab13e29848
0,1,1,2,0,0,0,0,0,1,0,0,1633,16000,48000,3.0,735fbe54211c0a9a3c0e9fd8ec9635541bb3c03b22f31101cf2326ca76f36f68
2,1,0,0,3,0,0,0,0,0,0,0,1634,16000,48000,3.0,6f740e90995ff2f38ee4bed6d9541d79e582f93a4c5f5861a8c6896dfb2bea03
0,0,0,0,0,0,0,0,0,3,1,0,1635,16000,48000,3.0,25e7d945da9aadbf460247e4e52b6b60ec575d99106355041b89a3bab53db56d
0,0,0,0,0,0,0,0,0,3,0,0,1636,16000,48000,3.0,e6f48fb229c00c4e52dc2c4f3a847dd0dcf64e75b3c2e920ab47504e3e43d675
0,0,0,0,0,0,0,0,0,3,0,0,1637,16000,48000,3.0,a55eedcc46d7bc43cb76eb60497c10053e3e091865d43a54567abea6ed9b1b28
0,2,0,0,0,0,0,0,2,1,0,0,1638,16000,48000,3.0,6104d6d1fd056b759957beeb0cb3053229ee41838eeb1e738fc52eeb37bb564c
1,0,0,0,0,0,0,0,0,3,0,0,1639,16000,48000,3.0,da748309ec58a0c746f1b50722394594d2adcbbb6a36ffea270af624615211e4
0,1,0,0,0,0,0,0,0,2,1,0,1640,16000,48000,3.0,0e58e3b852268d6eba5e5a0c207594902e1281e0a7b1b332f68a4abedafbdddb
0,0,0,0,3,0,0,0,0,3,1,0,1641,16000,48000,3.0,31e7f6eac003319c68172bf900cc9b235bfdc5f049b9d9ff1def105cb8a394cc
1,1,0,2,0,0,0,0,0,0,0,0,1642,16000,48000,3.0,1bb0dc09987bc2e26dd3ea96b2e0f121ad4f7d37f4885fdf42e937a62dbb24af
0,1,0,0,0,0,0,3,0,3,0,0,1643,16000,48000,3.0,d1ad6750a0a0cc9f5750ed48fc79776286a1cf7216b7d2406e261e3a89a6832a
1,0,1,3,1,0,0,0,0,0,1,0,1644,16000,48000,3.0,738b2364aa01b0b70049644b1f4f386fb33ed56a2e64ea242b1d9eeed16159eb
0,0,0,0,0,0,0,0,0,3,0,0,1645,16000,48000,3.0,393748d422cd563a1b64ad2b7818d9aa1cba1e990a8b8e051f54709456e25e40
0,1,0,0,0,0,0,0,0,2,1,0,1646,16000,48000,3.0,2c27ec7c00db05d8e586c5daa7d44b3e53a2e9f6d3802411eb11d4ab5a3ee8c3
0,1,0,0,0,0,0,0,0,2,2,0,1647,16000,48000,3.0,0a3321171be03c938fa01aa7af37f35dac2fbae42b93202db472d2792a4ff29f
0,0,0,0,0,0,0,0,0,3,0,0,1648,16000,48000,3.0,9ed40b9ead2fa7ce607c5095c6c962e7f0ef94e35607388f1372fc22b72869b2
0,0,0,0,0,0,0,3,0,3,0,0,1649,16000,48000,3.0,266b04774a0d2f0b614557e65449b3c03ea302d778ae93b1df7705319615ab76
0,0,1,0,1,0,0,0,1,2,0,0,1650,16000,48000,3.0,a2dd6e70eaf0058f06f1f8778c53b4c311614c6afc7fae4aee8ebec7e30ba4fd
1,1,0,0,0,0,0,0,0,2,0,0,1651,16000,48000,3.0,add9979792279a0dcf27cd89b2b28e2d211ad12c9d8bb8bcdbc371039ba5062e
0,0,0,1,0,0,0,0,0,2,0,0,1652,16000,48000,3.0,798dadffbb69df566fd2285c159cb11806a2f8e0000487e2836bc827af58392f
2,1,0,3,2,0,0,0,0,0,0,0,1653,16000,48000,3.0,a624a3d08273deff4bbd94429d78898940f17c34c2b619d64b6cd05eb480b963
3,0,0,0,0,0,0,0,1,0,2,0,1654,16000,48000,3.0,49752d3a2ac67070c938069586c03a6a7700643930d67650f56bf75ea97195ea
0,0,1,3,1,0,0,0,0,0,0,0,1655,16000,48000,3.0,fca07ffd1941cbeb5fb2a8324b572678086ea9b472788fc176e4b7fafd9520e1
0,1,0,0,0,0,0,0,0,2,2,0,1656,16000,48000,3.0,84c9af6b15b3c927e7b94e6e2f2780444de56ac3484fe86baa6549f1bd127621
0,1,0,0,0,0,0,0,0,2,0,0,1657,16000,48000,3.0,b18f009814f1da09249a1fc64f1427e8db25ce31c45fe33d5d3839dabdb5533a
0,1,0,1,0,0,0,0,0,1,0,0,1658,16000,48000,3.0,1709bb8fc993c2401897884898578ab60609a8e2f906fe4887189b91b986447c
1,0,0,3,0,0,0,0,0,0,0,0,1659,16000,48000,3.0,45b6444ae609b9428b6ca6d5188c22ff52fd8f982ba36840f1a5b70018c97215
0,0,0,0,3,0,0,0,0,3,1,0,1660,16000,48000,3.0,7b6abb9f9155630994e20fcfa8b351fafa80c1f1c20972ef3feaaf440a4576ad
0,2,0,0,2,0,0,0,1,1,0,0,1661,16000,48000,3.0,c85e72e3ad71602dc139523d1f0c3cd49fe7b7b9f8f2d4adf964efc0c5d3edc8
0,0,3,0,0,0,0,0,0,0,0,0,1662,16000,48000,3.0,4d8557394be9fd4ad462fe076e474865aa1084428582dd02663d4c4340f19574
0,0,0,0,0,0,0,1,0,3,0,0,1663,16000,48000,3.0,271c0682a0853679270c7e1e473447164dabb943dff90f4b5c3be01b118e0ed7
1,0,0,0,2,0,0,0,0,2,0,0,1664,16000,48000,3.0,989efc2fc68d9b8cc4035c2f4076b62ec903bc1c37d1dc4c1951e10ee75855bb
1,0,0,3,0,0,0,0,0,1,1,0,1665,16000,48000,3.0,28bc171a491197641f78fbd83ea947f7116905d282da952461e41c9211d3bc73
0,0,0,0,3,0,0,0,0,3,0,0,1666,16000,48000,3.0,ba088dabc5b4648df51a993ba3b49be19e33ccd737cce86350ad2b30377daaf4
0,0,0,0,0,0,0,0,0,3,1,0,1667,16000,48000,3.0,d6018ab1522d046c9c8f60189d77e12ced953ae4a21f19c8f5c475f5c1ac3c8b
0,2,0,0,3,0,0,0,0,1,2,0,1668,16000,48000,3.0,93ec45c82e5f477d4456dd393f35a1480ef29897a259cc7a04f498861ea8180a
0,0,0,0,0,0,0,0,0,3,0,0,1669,16000,48000,3.0,3281ec0fd2f8508f9f2c282e73f5500ceba0d31c52713ade9249755fdb751bcc
0,0,0,0,3,0,0,0,0,3,0,0,1670,16000,48000,3.0,06085f182d133ae4c44b700b4cf6a6781fbee21a2865152a89f9fa859ca76dee
0,0,0,0,0,0,0,0,0,3,1,0,1671,16000,48000,3.0,17efe597f284cf946325994eb3162492e39e0dd6f6cde304db333c8f32d66447
0,1,1,3,0,0,0,0,0,0,0,0,1672,16000,48000,3.0,a6d600625bafe40c1c8a9315e89bc29f37989f99ca4025d4b192921fbe7907d6
0,0,0,0,0,0,0,0,0,3,0,0,1673,16000,48000,3.0,e823aec3037275632e1e3dec87d3667bb3eef248755d81859c96431ca67ae8fc
1,0,0,0,1,0,0,0,0,2,0,0,1674,16000,48000,3.0,b67ac49033832b7ece16f41bffd2350e925ef469f6baa243a56fd491732bf219
1,1,0,0,0,0,0,0,0,1,0,0,1675,16000,48000,3.0,da8ff173edce1062ce0e842172f091002643c1fae17e59e53a801c698f802095
0,1,0,0,0,0,0,0,0,2,1,0,1676,16000,48000,3.0,39a4e14dd1daf95fcc4851e8236879687fafb0367619c9de918acb5a919fc9b2
1,2,0,0,0,0,0,0,0,1,1,0,1677,16000,48000,3.0,c2bc5981e16d775356936d8aa1382c1495cfc5c6498c0fbdbaf01797fa75c04d
0,2,1,0,0,0,1,0,0,0,0,0,1678,16000,48000,3.0,41edcd5ec80c73ce7025e6719c5eb7fe64ab9f60dcd156cbd1001dda33e7bffc
0,0,0,0,0,0,0,2,0,3,0,3,1679,16000,48000,3.0,9a3b7d7b166ea55063db090a33a02744264752bbad57855e2bf49c05f29ec5ca
0,1,0,3,3,0,0,0,0,0,0,0,1680,16000,48000,3.0,701071d900682958b3f329d1a4fde1cae3b6d745d1d6d0f60462c189c3686a3e
1,0,0,0,3,0,0,0,0,2,0,0,1681,16000,48000,3.0,1c62434fbf0c5c3ba5f4c1ade2254235ef1a45941c859e16cf4bbe6a49431278
0,1,0,3,0,0,0,0,0,0,0,0,1682,16000,48000,3.0,4bade885d6e35505eed3696d97591502af89861aa1926781389adbc250ec0562
1,3,2,0,0,0,0,0,0,0,0,0,1683,16000,48000,3.0,a5c73ac06d71f4a6342720d7eddfbe2fb88bc538c834a84a8745eced5e07ab67
1,2,0,1,0,0,0,0,0,1,1,0,1684,16000,48000,3.0,6ee15cab39c94334e9cafdfdc94f1db8c0b7f24f4e32043ef6745e6af872a8c8
0,0,0,0,0,0,0,0,0,3,0,0,1685,16000,48000,3.0,12dc23909a19bc51cbdb16c28596c80cd7797373f30f714097b9b89e1ab9149e
0,1,0,0,1,0,1,0,0,2,0,0,1686,16000,48000,3.0,14d8022ac96f2de99505fa9041d78e7f9022a19a18b3795cce3c0952c44af39c
0,0,0,0,0,0,0,0,0,3,0,0,1687,16000,48000,3.0,7074fb5994132d57e45e425ebad2cee3b5c3b224591b3374eb124f7c81dd55b1
0,1,0,0,0,0,0,0,1,2,1,0,1688,16000,48000,3.0,21ff0f6051618c7abdc17f33e529c265011a62bd2c3786d185e96460f8d010b6
0,0,0,0,0,0,0,0,0,3,0,0,1689,16000,48000,3.0,cdb5c333dd08003a937900bf29c17f06fd221b40c3391568b3c2845be01d2a28
0,1,1,0,0,0,0,0,0,1,0,0,1690,16000,48000,3.0,dd188209b19355c8ef89ae7deba33147f00f1480adbfef7e5c339bd4a1112c08
1,1,0,0,2,0,0,0,0,1,1,0,1691,16000,48000,3.0,5df3c8ae9e17973a26f94b3b502708b9df46d66cfe1d4598aca9c7136e87096a
0,0,0,3,1,0,0,0,0,0,1,0,1692,16000,48000,3.0,1325bad2d501aa98d348c8c5a7637b11850542ad0d3a73a8e0d3a3cf134bba68
0,0,0,0,0,0,0,0,0,3,0,0,1693,16000,48000,3.0,44d298c35cd55a07e2441bfd9c81062b890a7b947ba51965e538ae6e25f00d86
0,0,0,0,0,0,0,0,0,3,0,0,1694,16000,48000,3.0,ef1e449da6735ddff84562d50cafed7b36f305376b7e1f3a4cd0d4609295e93c
0,0,0,0,0,0,0,0,0,3,0,0,1695,16000,48000,3.0,ad9ff4c1f415698a60b1ff8d5263b93a94598765499580faa747cd0e6056fd77
0,2,1,0,1,0,0,0,1,1,2,0,1696,16000,48000,3.0,bba8530ba7e576c31f38d32e36e6b279d1bb53398f50695fe32801ae66d8f8a6
1,0,0,0,3,0,0,0,0,2,0,0,1697,16000,48000,3.0,cc58a4b8e418427a632c2d51bcd1acec488e77415f2ae388bf12fc32c78854fa
0,0,0,0,0,0,0,0,0,3,1,0,1698,16000,48000,3.0,835c09c8f1cb3e34b75acc3f7fd58099f71d67d86eaa147e64a3b92e43fed7da
0,0,0,0,0,0,0,0,0,3,0,0,1699,16000,48000,3.0,cf9a08ffbd8dd4ee237dd10ae2d3c37f4a48fbe6ff5cfbbd211c0d0432d63567
0,3,0,1,0,0,0,0,0,0,0,0,1700,16000,48000,3.0,8a60605da4c92b5c2b18e2118bebb0f3f80cdb62a4f8340ac49592215c49d6ef
0,0,0,1,0,0,0,0,0,3,0,0,1701,16000,48000,3.0,5243d2c48c230f13e8e84ae037cb671704e876ca4a9187a97fe2aef8a62bd178
0,1,0,2,2,0,0,0,0,0,1,0,1702,16000,48000,3.0,3ff86b35bc4e7f41664a2e6430e60e38720763381643bd5bff3c56468ab88ec2
0,0,0,0,0,0,0,0,0,3,1,0,1703,16000,48000,3.0,edab23d78e353e4d469848ddcb40a29f74a45d5bbaa48b362000aac3390878b7
1,1,0,0,0,0,0,1,0,1,0,0,1704,16000,48000,3.0,cc880e608df3bb493fc739e4bc6b6d3f3cbef294da0b453a87095a2c63f7e7b1
2,1,1,0,1,0,0,0,0,0,0,0,1705,16000,48000,3.0,ae26f9530c98892c95c5a968a26f782547ccadc9fb6aeb927fc3481e8227245b
1,2,2,0,1,0,0,0,0,0,1,0,1706,16000,48000,3.0,f9b934a7ca8eee0be51981385b7296128f7a1106bae62e1aaeea04d4f7d8127c
0,2,0,0,3,0,0,0,0,1,1,0,1707,16000,48000,3.0,db82d1f2288f4adecfb948f9e3be3fcc795302eb5bfd9bb59f69cc0f081435d4
1,0,0,0,1,0,0,0,1,2,2,0,1708,16000,48000,3.0,e880a19b884c68ca05d4038f6bb901d82630f50a925e2dd7e6288a4e2f466ac1
1,0,0,0,0,0,0,0,0,2,0,0,1709,16000,48000,3.0,d92c29c6cff35a1dc4dddd4a467cf5e82d88c078789d4b7366c830333b863abd
0,1,0,0,0,0,0,0,0,2,1,0,1710,16000,48000,3.0,622616fa459a8aa0b3f375f404b8b00c29aa554470345a3e1974ee49b28ce34d
0,0,0,1,0,0,0,0,0,2,1,0,1711,16000,48000,3.0,8f5ffc268b1fbc60c1bbd749d4a98941bdf6a835a37e952dc3ce70bc5b7f2427
0,1,2,0,3,0,0,1,0,1,1,0,1712,16000,48000,3.0,45611103749bfac5bd97d9f6afa1d2b1dd946ebc430a4a3383c2bd845a791a23
0,0,0,0,0,0,0,0,0,3,0,0,1713,16000,48000,3.0,de2fec47f7cbb3855438fa861169c9d7715c32a2712f4dd8c8de8c60cfa47ca4
0,0,0,1,3,0,0,0,0,2,0,0,1714,16000,48000,3.0,b43fc08a038a54805fc7c41006e918fa25d3d136048a9b02a10c7af6643c0fff
0,1,0,0,0,0,0,0,0,2,0,0,1715,16000,48000,3.0,5ee573e9c22c046ed7d79c00c0a453b9de2a6d327fb6b6e56454f994f98a8032
0,0,1,3,3,0,0,0,0,0,1,0,1716,16000,48000,3.0,ce46396fd135572ae7e7a566e55440360a9c9b2844bcab1e93dfe9cd39e6f22c
0,0,0,2,1,0,0,0,0,1,0,0,1717,16000,48000,3.0,fd0f9ca49be56fd0fae57d06d8016302f9579ead78cdf89adca257d7fefc118f
1,1,0,0,2,0,0,0,0,1,1,0,1718,16000,48000,3.0,4fdc7858515be89095d3ca27815e91770bf07c41a5846d8a86909f9c5d1985b9
0,0,0,0,0,0,0,0,0,3,1,0,1719,16000,48000,3.0,8a4bd3ce3ce9f20fed860f5f59e527d1711d2274033fbace6291e8628aa8a026
0,1,0,0,1,0,1,0,0,2,0,0,1720,16000,48000,3.0,785b3edf4afc924450431a1ad179cc34c7c09e3c8ad6c85bd3b9f8bb13886ce5
0,2,3,0,0,1,1,0,3,0,0,0,1721,16000,48000,3.0,f656dde346b198612d05f0c6d8d95ba1dd319e3c3815e5f8f13528b5028614e9
0,0,0,0,0,0,0,0,0,3,0,0,1722,16000,48000,3.0,2541fbb72bf5980011265bd4028741ca4cfd8a98ae1a18f1dac31cdc859714b2
0,1,1,0,0,0,0,0,0,2,0,0,1723,16000,48000,3.0,2f3f6fa108f6e007b0f93cc1b0a00d366e34e0d0633dea702a549d60969e4c26
2,1,1,0,0,0,0,0,0,1,0,0,1724,16000,48000,3.0,6039cdd0e58eef556aafd0850a805dc14b87571172470fddc16ac026ce845ce7
1,1,0,0,0,0,0,0,0,2,0,0,1725,16000,48000,3.0,22144af4fc019413777f8e1a88fee14dfc9a65452ecd715fc09163c6ee8109ab
0,0,0,0,0,0,0,0,0,3,0,0,1726,16000,48000,3.0,89e73947d85837eb35b916b3ad6dc66ed995c9b7a7eb022398c4445a3fc9d985
0,1,3,0,0,0,0,0,1,0,0,0,1727,16000,48000,3.0,9b758c45add81cc4a11fd0264a078ccd90f6329a59e5e9ad60b380968d7d47a3
0,0,0,2,1,0,0,0,0,1,0,0,1728,16000,48000,3.0,1cb10c4fc83bc2163b6dfe6d142222f21d7c99b69897185c5f9dfe429e08ac75
0,1,0,0,2,0,0,0,0,2,2,0,1729,16000,48000,3.0,d21faf3e12a05d6c4979e89034bc6ec18f282f8c36e34e99b4eb293a20e78151
3,0,0,0,0,0,1,0,0,0,0,0,1730,16000,48000,3.0,0cbc12dd990cdc0b5fb0eb1b06b1412a91322baa853e5ff7f42b52e4e303769f
0,1,0,0,0,0,0,0,0,2,1,0,1731,16000,48000,3.0,1f5a94ebcc746d6e2e63ce32cb08bcd7ab28c15a1077c433107e28bfa07e7a67
3,0,0,0,0,0,0,0,0,0,0,0,1732,16000,48000,3.0,bff69fe8a71d551073bcedee760fc13d0558546726006811797073cd53406a16
0,0,0,1,2,0,0,0,0,2,0,0,1733,16000,48000,3.0,fa371155698ff14db84dd5bd1d2a150cffe7ac29e129de5eef2c6bab07f0f521
2,1,1,3,0,0,0,0,1,0,0,0,1734,16000,48000,3.0,8b976ffe52d288b4d164839fbe88c3b9dd733733f22c252ece4f58692ab1e573
0,0,0,0,0,0,0,0,0,3,1,0,1735,16000,48000,3.0,a3fb033f8e1bb0af74ff52bb8c324d8397296887ad2e4e32293d36c88684100d
0,1,0,0,3,0,0,1,0,2,1,0,1736,16000,48000,3.0,ae9b63c5b3c182ef1b1d7a16f4f3c18cabd2c618380855c12491e62f671590bf
0,1,3,0,0,0,0,0,0,0,0,0,1737,16000,48000,3.0,a223d9fe05bd8598c275c0ed353c1c01461a6d605afabd51fd10be1befd5eab8
0,3,2,1,0,0,0,0,1,0,0,0,1738,16000,48000,3.0,b365a21a3b884c0d34e1429eeb9e0f4b21692aa850c5237d6dfefda2200c91f2
2,0,0,0,2,0,0,0,0,1,1,0,1739,16000,48000,3.0,14847d02e5f2aac282feaf68041de40fbdda8e67e47afb9b4d0b590138d8ecbc
1,0,0,0,3,0,0,0,0,2,0,0,1740,16000,48000,3.0,51384da1afd0f4dfacf345167f55289cb0a35792e5d263596bac96a2d3950aa8
1,0,0,3,0,0,0,0,0,0,0,0,1741,16000,48000,3.0,453428247c370900a4ee008e32494f8d4171148a3cc83acfa0131696e0cf8dfb
0,0,0,0,0,0,0,0,0,3,0,0,1742,16000,48000,3.0,971570f60c54880da7a1ff95fbdb4472a20f3bfa1bf4c543834cc0c5244fe79f
0,2,1,0,0,0,0,1,0,0,0,0,1743,16000,48000,3.0,0d8cb93c715e061e8ce4801d5596064700569c91df42286a78042807d0618f43
0,0,0,0,0,0,0,1,0,3,0,2,1744,16000,40800,2.55,1ff797a00cd0952a5c9205c7eb2d15fe11d2708a3a17f281eb70daaad650cf91
2,0,0,0,0,0,0,0,0,1,1,0,1745,16000,48000,3.0,bd1898f7c282d3f259b1191b025909f4ed7b85c979fb7f8f305ea4f8080f5bb7
0,1,1,0,0,0,0,0,0,1,0,0,1746,16000,48000,3.0,037296f07941f666da4dd0a7b47ff7e49ab5ee18832ff2548ff07533c79a4b42
0,0,0,0,3,0,1,0,0,3,1,0,1747,16000,48000,3.0,ea3f1af0a950b227c7dff6d7a09aef8bce91c2d1b906b86b8885840a4400902b
0,1,0,0,0,0,0,0,0,2,0,0,1748,16000,48000,3.0,66d0cd29cdfe2aab58cbf9364f12c7a95900c344f707e96e3f45c55fe85f67e7
0,0,0,0,0,0,0,0,0,3,2,0,1749,16000,48000,3.0,9ffa88ea59b4a0867bdfd2a9cc2ea4b2a1a7e3a16ddfa887b2f6436ebb68fa48
1,1,0,0,0,0,0,0,0,2,0,0,1750,16000,48000,3.0,ab7f40581ff38580a1c3956c28d2c5bef16f458a506bf5df46580158696c5b88
0,0,0,0,1,0,0,0,0,3,0,0,1751,16000,48000,3.0,5890129ca4cf28340342c1cad7784e91c6b468bcbe7f429d53ff2406a678ce95
0,2,0,0,0,0,0,0,0,1,0,0,1752,16000,48000,3.0,005dfe5c94b7f5494968b2424f1939d5f154034745b53c9cb20d78146b7875fa
0,1,2,2,0,0,0,0,0,1,1,0,1753,16000,48000,3.0,709c4bf1c5c4f28a1df50a48a8df28ce5622527a53505798d45643256f59da04
0,0,0,0,2,0,0,0,0,3,1,0,1754,16000,48000,3.0,32b6673400ffd4a825ba68ce7d85f621356adc0a1c8c455f0497894a4236ca6b
0,0,0,0,0,0,0,0,0,3,1,0,1755,16000,48000,3.0,10693a37612665f6c16c541f07e735313119cee5df5660c39f50663f10db45cd
3,1,0,0,0,0,0,0,0,0,0,0,1756,16000,48000,3.0,8772485c2463f08734f9bd5bfa2193ef8ea3b16896fa6d619e8e52b9da0a1aad
0,0,0,0,2,0,0,0,0,3,0,0,1757,16000,48000,3.0,81cd227750eb65998021009898b493c34d2547d0e70e5b657998a3f733159055
3,0,1,0,1,0,0,0,0,0,0,0,1758,16000,48000,3.0,e080967fb5635e613e1cad2df80b07af05019287e64bdd9c20884b547b6f1070
0,1,0,0,0,0,0,0,0,2,0,0,1759,16000,48000,3.0,c988b30d921ae5abac39e613462843b3606f9beceb70ee991bf64266d7e2253d
0,1,3,0,0,0,1,0,1,0,0,0,1760,16000,48000,3.0,eaacc612116bf10bfe4d36eda3c55fdca50ab300e109bb90f1688a8ff975b219
3,1,0,0,0,0,0,0,1,0,0,0,1761,16000,48000,3.0,6e3cf0b615e32bc6f7704e17a3281d9f7a91983af2eab52fa4f44c5982c51269
0,2,0,0,0,0,0,0,0,1,0,0,1762,16000,48000,3.0,f326195390c77ba0ae8d4d7c22d47182e666e5e10f5b21fed5c9fbf13f08f638
0,2,3,0,0,0,0,0,0,0,0,0,1763,16000,48000,3.0,fb6bbb07c4330a1be8a667a56ead7fe6cc7fca4510db894cf19ac51bd9c921fc
0,0,1,0,0,0,0,0,0,2,0,0,1764,16000,48000,3.0,132b6bbc7eef4ec5eb95f8f67e03dc17d944e5c4f38b64398db124ca6df7c96b
0,1,1,1,2,0,0,0,0,0,0,0,1765,16000,48000,3.0,eb8eaaf4f14de200ba400dd214449a583a94bfbaada0feece8c84e6e070b5b4e
0,0,3,0,0,0,0,0,0,0,0,0,1766,16000,48000,3.0,17bbffbf629f67b059f44991dc56d34d6af3b4e665f991bf7d4380bdf05f4cce
1,0,0,0,1,0,0,0,0,2,1,0,1767,16000,48000,3.0,8f5a9a65b14d02272d99832a2459104037246d6ee1eda6c13d37cab020d4b08b
0,0,0,0,3,0,0,0,0,3,0,0,1768,16000,48000,3.0,6bf076885c4a1756d154479bb20f171a076ec3b824f7661f62193b5e91cd195a
0,1,0,0,1,0,0,0,0,2,1,0,1769,16000,48000,3.0,ca2fc3ae3f1f9c69df856660a328d132eda60ae845520f478d4655cd53a407a7
0,0,0,0,0,0,0,0,1,3,0,0,1770,16000,48000,3.0,5080655e3bd47c9c474c96ff12fa3671186b7ee9c2d63b62f2a815001fe9af8c
1,1,0,0,2,0,0,0,0,1,1,0,1771,16000,48000,3.0,be28c6cd9d208350ae0747b52064157d60209bcf9445d12018b6e2f4dad3d643
0,3,0,0,3,1,0,0,0,1,0,0,1772,16000,48000,3.0,71e96f7c944559ac81721cc95e675d66d6580704a9482e3a4ed1768eab89bb40
1,0,0,0,0,0,1,0,1,2,0,0,1773,16000,48000,3.0,eb10c9b5bb2ba0e03ad97021e4cc76fce78d8460a6c5f4263774d10d2f7ab749
0,2,0,0,0,0,0,0,2,1,0,0,1774,16000,48000,3.0,ad708d0c8af7ca583e6587b9da6d2feb89146ace011e0132c189eb52622aaad0
0,2,0,0,0,0,1,0,0,1,1,0,1775,16000,48000,3.0,a94b438e7592bc54f2222d806062c2e105f12e352c36ca90fc28e58f51915215
0,1,3,0,0,0,0,0,1,0,0,0,1776,16000,48000,3.0,277bb398333b6cc23cec5ba06612e99412bbe34dcee481fdd6f9183b160b9346
0,0,0,0,0,0,0,0,0,3,1,0,1777,16000,48000,3.0,91992ba58d195b4032abd6be52108fdf1d4b5d96f439ba359603f77dd0b94e5f
0,0,0,0,0,0,0,0,0,3,0,0,1778,16000,48000,3.0,5daa3fb81f5c632406d933f38ac4b022a525fe1cfb59b8f05d90bfa4d4af2404
1,0,0,0,1,0,0,0,0,2,1,0,1779,16000,48000,3.0,12e100293da395c7809b7a2443caa3fdb26caf8bb7cf0b01b1043104d595fe53
0,0,0,0,0,0,1,0,0,3,1,0,1780,16000,48000,3.0,000b7b2b2a8e437d0fa6b1e5ad62c8ecc47d2857f831aeb11c6fde30aa69b24f
0,1,0,1,0,0,0,0,0,2,2,0,1781,16000,48000,3.0,2cfeec05823084427a918b08b0948bbe451747f15829981ce7370d9685f57323
0,1,0,0,0,0,0,0,0,2,1,0,1782,16000,48000,3.0,670330edb828f1790710b5f1a621ef2ed3a8fde1fad39d1a38348ec9ac136127
1,3,0,0,0,0,0,0,0,0,1,0,1783,16000,48000,3.0,6af1d10035e8c830ddfb1d1c025ced618c38189f210374668cf0c76fe514e723
0,0,0,0,0,0,0,0,0,3,1,0,1784,16000,48000,3.0,5376a1d57d406be997dc54dcf02e198c65de78edeb40862d7b7c77d2df02912d
0,0,0,3,0,0,0,0,0,0,0,0,1785,16000,48000,3.0,e049b03aa226356e69d9bb961b90149e557532e03723542b377e48f375233e6b
0,0,0,0,0,0,0,0,0,3,1,0,1786,16000,48000,3.0,addb201b976d6d20170a3053015a02ba3e0997e48eee57373e2cb1bd7c9f5808
1,0,1,0,0,0,0,0,1,1,0,0,1787,16000,48000,3.0,4e40a43bb0c0dd4f2ad951a40aabc032eee00a56efb62b321d55734a5b34e9f0
1,0,0,0,0,0,0,0,0,2,0,0,1788,16000,48000,3.0,26673f49f89750fb94b3dcbd7b183463875845272202ee44edb7d9343bd5b289
0,1,0,0,1,0,0,0,0,2,1,0,1789,16000,48000,3.0,6adf939f89ca20aadf36c6d21d2151df9565fa01533d8199e037f9dd4133a76c
1,0,0,0,0,0,0,0,0,3,0,0,1790,16000,48000,3.0,1be8d93bf4bd6bfb42fada1a425b74bc32563abbc4f4ffa332bc8b47e619d3e4
0,0,1,0,0,0,0,0,0,2,0,0,1791,16000,48000,3.0,3890936b60e8b5df49f3dce43c10072afdf7cbbbaecf0769857879ba78ab80d9
1,0,1,1,0,0,0,0,0,1,0,0,1792,16000,48000,3.0,5cef113f16989c21c779619bdfee5669a861b83ac6abc19a3258b7d8e45ee102
0,1,0,2,0,0,0,0,0,0,0,0,1793,16000,48000,3.0,1b7de6276afb929c7dfe4f673ba8d39396cc3d55469d32da3f15e755d7de7f60
0,0,0,0,0,0,0,0,0,3,1,0,1794,16000,48000,3.0,106ba4ce8c50e6c4226670d308226a70fb9cca96818088b05d1efe8078238d0a
0,0,0,0,0,0,0,0,0,3,2,0,1795,16000,48000,3.0,6b1640c5d4b196627ea20f886e0de43c29915a0b7b5895826f2b81482e2a7a25
0,0,3,0,2,0,0,0,1,0,0,0,1796,16000,48000,3.0,e70aab69330b9d6c1847e3e2f7542abfd65951ea8176d8cf4bd20e982187985b
0,0,0,3,3,0,0,0,0,0,2,0,1797,16000,48000,3.0,5e3b85bdfd1344f19ad7988ad18a869140465de6e58a5bfefaaa372f035036e4
0,0,0,2,1,0,0,0,0,1,0,0,1798,16000,48000,3.0,3ebbb3622be5a6e875580246fe1715a2d4cb3fc7168d756b48948ee2dccbd648
0,0,0,0,0,0,0,0,0,3,0,0,1799,16000,48000,3.0,4692f609af0e1ae4592ad554f411c72f7fe760c88bbbafef32e20e9dae3e4bcc
1,0,0,0,3,0,0,0,1,2,1,0,1800,16000,48000,3.0,979900f42df65089d216cb352d41dc6c87c9a46dbddc6a224a436eb6255edd7e
0,1,0,0,0,0,0,0,0,2,0,0,1801,16000,48000,3.0,282bca0c9bd76c7f275a5165cbe33dbbda80a9c0d8b9b8b14ac3fa3caed8b280
0,0,0,0,1,0,0,0,0,3,3,0,1802,16000,48000,3.0,8655f1092d3d3461a0116ab8c76afc2d83b18d578c37359324f18d46a055a489
0,0,0,0,2,0,0,0,0,3,0,0,1803,16000,48000,3.0,9f59fbe2c31f4675365a501d30627b946c2f9a1505c02b46d5cdd8bbe0b4f20d
0,1,0,0,2,0,0,0,0,2,1,0,1804,16000,48000,3.0,5d2433b0613e1d24c1858839ddc395a0f1b54cb9419d1cc5ada9947ab83fb86d
0,0,0,0,0,0,0,0,0,3,0,0,1805,16000,48000,3.0,6bf6261658b42893e7f9c2d94fde2bd8aaccbe296e5b6afb6b171b16eb4009ea
0,1,3,0,1,0,0,0,1,0,0,0,1806,16000,48000,3.0,d1db730ed9788632bbe6d3edfbdacc0a5d99ba01520221222f0414c63f41e1d9
0,0,0,0,0,0,0,0,1,3,0,0,1807,16000,48000,3.0,ec9bb9b32dde632e506948723d6e27a53aedfb6c71c83871a716240dd8ec99a5
1,1,0,0,0,0,1,0,2,1,0,0,1808,16000,48000,3.0,580ee9ddcab9751fb0474d83097be31216adedea30e8b5f86d49236e3875dd62
0,0,0,0,0,0,0,0,0,3,2,0,1809,16000,48000,3.0,f524ecf4ca7b9c78c089a0d94be2e1945d31363bf174a5e15c275b79724c80fb
1,0,2,1,0,0,0,0,1,0,0,0,1810,16000,48000,3.0,2ade697d2acbdee345bb39d8c9be45e795aaa875f6fd19d337def5df4952f125
0,2,0,0,0,0,0,0,0,1,1,0,1811,16000,48000,3.0,b2b5291da869fe47f4f5115ebaaf9142b0c6bc453a58189bc77ea7aecee6eebb
0,0,0,2,0,0,0,0,0,1,0,0,1812,16000,48000,3.0,ca4a5a472dd739950910273cf5a1b31a5e3db5a918c06230c7edb5758d49ee64
2,0,0,0,1,0,0,0,0,1,0,0,1813,16000,48000,3.0,5bda5e7fc5f6f6697123ddeeac65add20b468871b60480f0df6ac8dbcf43dbf8
1,0,3,0,2,0,0,0,0,0,0,0,1814,16000,48000,3.0,4774eacff6e824478fe1440620373334d7b626b4a761750b88be74616a892bfb
1,0,1,0,1,0,1,0,0,1,0,0,1815,16000,48000,3.0,f316bf643f4b46430139da6cf745a287c61c3242bf50f41206f4153f408753d4
3,0,0,0,3,0,0,0,0,0,1,0,1816,16000,48000,3.0,30e020545c1721221cb9f47e2b1a86d475ad9a615f006528c8503c4be292db48
1,1,2,0,0,1,0,0,0,0,0,0,1817,16000,48000,3.0,6d7d00c6177e7426afc8002f9526cc7e7efe4d5261bc6173bfa363180019da1d
1,0,0,1,2,0,0,0,0,1,0,0,1818,16000,48000,3.0,08929f15c5ebeb0a3d9bdec84d0ed75830a5d885b3d25f6fd4e09e04085d22b6
0,2,1,1,0,0,1,0,0,0,0,0,1819,16000,48000,3.0,bbd7c74fa5a25350a8115ffdc494a0bd169d5c13b1b1dbeef871c3124baf41da
0,1,0,0,0,0,0,0,0,2,0,0,1820,16000,48000,3.0,525ba5551a22ffd1d1c13bd55d53b6c5138ecb6fec48f6a922b08f15f76aab57
0,0,3,0,1,0,0,2,0,0,0,0,1821,16000,48000,3.0,61a85d08c323e22b7cee2032a5c6e20b6c46f239dbf1e74807198842d93c80ed
2,0,0,3,0,0,0,0,0,0,0,0,1822,16000,48000,3.0,f102ea138866532a878f12136c9402668de7295f6a5caf002a467d2e3511aadd
0,1,0,2,3,0,0,0,0,0,0,0,1823,16000,48000,3.0,f5f6d89caa56c676fdbc82d6963219d99e2fb8b2df3e33988047d0b3f8f2aedf
0,1,0,0,0,0,0,0,0,2,0,0,1824,16000,48000,3.0,118203f76a0321e6bccee385fe734f32c254a914d5a1d91b7a44f045bea381c7
0,0,0,0,0,0,0,0,0,3,0,0,1825,16000,48000,3.0,487960dbce3b405c9b9fd3d610bc03b6d06a6e3b9edc340c6bb392cbca4d29bb
0,1,0,0,2,0,0,0,0,2,0,0,1826,16000,48000,3.0,ae818b79ed07f0ac9103a42f25c83f457768cd1355c32a41add6c0f608308ecf
1,0,0,0,0,0,0,0,0,2,1,0,1827,16000,48000,3.0,93ac7bcb99f1f0e8aa5d7a281b47065b7e363fe042cd406310315a11f43ad997
2,0,0,0,3,0,0,1,0,2,0,0,1828,16000,48000,3.0,d508c2b5fe166380cc624616a8e8ed91e5069ca411adbaf809e6a98b6b081334
0,2,1,0,1,0,0,0,0,0,0,0,1829,16000,48000,3.0,c450719e5ae40cb563424959b83872c7d921233242c47186f69ce330a78d4ebe
0,0,1,2,3,0,0,0,0,0,0,0,1830,16000,48000,3.0,a343796c92d00c9ebd3d8bb25a8614bb51550dd6754d83f0dee6ed3a80e8ae45
0,0,0,0,0,0,0,0,0,3,0,0,1831,16000,48000,3.0,b40b088666e45289ab1d915173ac3a8c816cce564d1ff1a52c81bb63b82f8e44
0,1,0,0,2,0,0,0,0,2,0,0,1832,16000,48000,3.0,dcab547daacc453b7bfd381453701c982bc32ae42c5629bb5045436227dc0197
0,0,0,1,0,0,0,0,0,2,0,0,1833,16000,48000,3.0,e8a7aa3b7eca6047323685b65ea708d84e8e395cfd4a054d426e728d4205bffb
0,0,0,0,1,0,0,0,1,3,0,0,1834,16000,48000,3.0,f9d6e7a838efd93fa07137d1b2d633b38d9908f6b6e908f034625cc695ee009d
0,1,0,3,2,0,0,0,0,0,1,0,1835,16000,48000,3.0,3049173ce15d5d6cb29a72805c7350e418a343bae1dc42a7e630765b5c711228
0,2,2,1,0,0,0,0,0,0,0,0,1836,16000,48000,3.0,4dd3855b681dfbcf8ac62892b411b1280f7f1e8286002e96f83fcb7701c66d8c
0,2,1,0,0,0,0,0,1,0,0,0,1837,16000,48000,3.0,0358cbedab541e9b6e97c21542186387830036737475448fdd96b0ed1008d293
1,0,0,0,0,0,0,0,0,2,0,0,1838,16000,48000,3.0,e94959a48d144370fef82679feb09e2c0e1ca79adb8f645db527b2cf3d3b8971
0,1,0,2,3,0,0,0,0,2,1,0,1839,16000,48000,3.0,ae736aff0ab1212e4ff6773169695f92b319969bb2435c75d0d1c2a12afbfee4
0,1,0,0,0,0,0,0,0,2,0,0,1840,16000,48000,3.0,d217187e99538e36bd70a0be77f7b6cbec91bf3051e1d0d3974b387592fb2154
0,2,0,0,0,0,0,0,0,1,0,0,1841,16000,48000,3.0,73f870a8c01ec35230cd8eb2b9af0ebba01d9a4e63f9859870dc7827836953b5
0,0,0,0,0,0,1,0,2,3,1,0,1842,16000,48000,3.0,e83a801aa28fb9cbe928f636e2525ccc68bed06dd30dc2fba056d785e231e8c9
2,2,0,0,1,0,0,0,1,0,0,0,1843,16000,48000,3.0,f8c358e2632c28e85872c79d279f6f2f63824e45b4dfe7e87053975b8513bd7f
1,0,0,0,0,0,0,0,0,2,2,0,1844,16000,48000,3.0,8b08897c19a1741a7ae14fb1d9d06e00f7ac53b41416f8169a1f198f27f59dcf
0,1,0,0,0,0,0,0,0,2,0,0,1845,16000,48000,3.0,687d769d6519c1b0b4fd9a52292751f150c51e7383785e724723e071a2f2e60b
0,3,1,0,0,0,0,0,0,0,0,0,1846,16000,48000,3.0,930cc961ff1c48c2ee9f0b738eec6a5f74561465bfe4fe0b69ab65b4ddb85147
0,0,1,1,0,1,0,0,0,1,0,0,1847,16000,48000,3.0,34fb2ca5256cf7516d2935aa0a0253f07b96ac07ac8162e24394f0ccf07282eb
0,0,0,0,0,0,0,0,0,3,0,0,1848,16000,48000,3.0,7952703db95bea48a570c0c5e3aa24bd116779e7e7f4682f32c1d143e24c8316
0,2,0,0,1,0,0,0,1,1,0,0,1849,16000,48000,3.0,001587d7f4e230f9260ee6d6fda2a6444635348ce974b96871b67d38df231961
0,1,0,0,1,0,0,0,0,2,1,0,1850,16000,48000,3.0,8be3c39a132a054de0f2b373eb71be9dcd8fb13c078103d216c57ca5b73876b8
0,0,0,0,0,0,0,0,0,3,1,0,1851,16000,48000,3.0,7d23d610274795d92facce4d9115a54c93367d021b3f803a404eb71d0dc46a2d
0,1,0,3,0,0,0,0,2,0,0,0,1852,16000,48000,3.0,a2965c03fec1612705bc09734238902dd5f50f8941ba5ea057dfec6b52fd3eb0
1,1,0,0,3,0,0,0,0,1,0,0,1853,16000,48000,3.0,9052667eb75a0efce2c8a4a036ed9bfd4f5ebc29ca088ed412a99b3e01f980d0
1,1,3,0,1,0,0,0,0,0,0,0,1854,16000,48000,3.0,770ee295f1ee2bfc27a042ed4f29988d3ea437825012879a0d0f6ce03cab45da
0,1,0,0,0,0,0,0,0,2,0,0,1855,16000,48000,3.0,8c6fedffa04302955f576b8f737700533559a6d8df86560c4095366c943bc39d
1,0,0,0,0,0,0,0,1,2,0,0,1856,16000,48000,3.0,251d0e7ef704889ac4c9a62db9da36b75dba5f3f2146adf7733d9794961ba383
2,0,0,0,0,0,0,0,1,1,0,0,1857,16000,48000,3.0,9bf03c509090339a82b09cc4d77ab9870568a26fa3026436c7291224f88fae2a
1,2,0,0,1,0,0,0,0,1,0,0,1858,16000,48000,3.0,a98c308953fbf52b1f93a60ec440bd92d7d81f790b43b79e123ace620c13610a
1,0,1,0,0,0,0,0,0,1,0,0,1859,16000,48000,3.0,45f151c24bbc5669950c34e28a501b3a0c2943286c7aa5ad736046516c7240da
0,0,0,0,0,0,0,0,0,3,2,0,1860,16000,48000,3.0,4f99ec66ab8e0deae6bd1e9d69436e7a187fb7d1a4768926edc06b89c6eda8ba
1,1,0,0,0,0,0,0,0,1,0,0,1861,16000,48000,3.0,bb0f5399a4e69bd3fb13e3bd11d2786abfef9ba15305b831284d18f775b64acc
1,1,0,0,1,0,0,0,1,1,0,0,1862,16000,48000,3.0,f02f65c9399dee02601cadcca504fb307027e1def4109b1921566fea04aa6fc3
0,1,0,2,0,0,1,0,0,0,1,0,1863,16000,48000,3.0,8f043d171b613d6193d27a817152683876e36c9888e50366c58b3d84d85cddf0
0,1,0,0,0,0,0,0,0,2,1,0,1864,16000,48000,3.0,bba0a7e72b71432d0aa6fb335bc1e0ac487ef226cfe61c4d434c53f9ceab1370
0,0,0,1,2,0,0,0,0,2,0,0,1865,16000,48000,3.0,db036f6bebb4ab1f63846a0ab0a617d5e1d257d5e87c0b22dcbaa72741a30e1c
0,0,0,0,3,0,0,0,0,3,0,0,1866,16000,48000,3.0,9230ade6e28f2d6509d544128f06a627148d7a6049f135d22b9aa861673dfc0d
0,1,0,0,1,0,0,0,0,2,2,0,1867,16000,48000,3.0,50b102089c0c71ed384f8ff7739d251dc139aec0d2abef3b4a2892fbbf01381c
2,0,0,0,0,0,0,0,0,1,0,0,1868,16000,48000,3.0,c9f1c0fa13e603d28a6aa42882b59d285b2c7a1c267753eff7e0a0ac537311a1
1,0,0,0,0,0,0,0,0,2,0,0,1869,16000,48000,3.0,81e758ddc26dc56dd6559861f7168a94d1173e520a4a2c52cbfe9ca21af7c580
0,0,0,0,0,0,0,0,0,3,2,0,1870,16000,48000,3.0,fb621d80d06b86e45d865039f04d82ebb33b2ee9cc8429869e5c82fa2accd607
0,1,0,3,0,0,0,0,0,0,2,0,1871,16000,48000,3.0,92eb5e029b2003c56d263cf84501aa4517971d217e31a1a93db31e9bc2661220
0,0,0,0,0,0,0,0,0,3,3,0,1872,16000,48000,3.0,e707f1911ef0c078ea2444f7c375ce48ee27227dd9976990358b53ba5627872b
0,0,2,2,2,0,0,0,0,0,0,0,1873,16000,48000,3.0,6110145b1781a407dd1877e3ecbaa403819df5fef0cd4301db32baf4f732510d
0,1,1,2,3,0,0,0,0,0,1,0,1874,16000,48000,3.0,c9f2cd46cc7ad1be07b58706675169c376a5563d77df729c09ee1420a9add7fa
1,2,1,0,1,0,0,0,0,0,1,0,1875,16000,48000,3.0,97ee546213c78852d2ab3404a0e77856bab4e6ca0303b1c2f06c79d8b7ad39ce
0,0,0,0,0,0,0,0,0,3,1,0,1876,16000,48000,3.0,99d3908dbb22caa77f16b602f74f35590350d719122ccc18330acca1a7b17164
1,0,3,0,1,0,0,0,0,0,0,0,1877,16000,48000,3.0,42934b77d49a8ecbed45cfd3552a4f07e90e86e24838b99b06fff5fd0e3c442e
0,0,0,1,0,0,0,0,0,2,0,0,1878,16000,48000,3.0,38353d1a8efbe4fb4a1c7545e9538e03f25e472f523b0d65707e88435a67225d
1,0,0,0,1,0,0,0,0,2,1,0,1879,16000,48000,3.0,b7b0111027b7eea4ac44d2f5badd3f5996f859a08ca3c1b8c5d50902b4ad0b4e
0,1,0,1,1,0,0,0,2,2,0,0,1880,16000,48000,3.0,89eba1930a571c406c0a645d36e38a86240f038770aa61d9e37795d68a2583d0
1,1,0,1,2,0,0,0,0,1,0,0,1881,16000,48000,3.0,b099c0ff82e603994555d124d67ed0b205818226df226934cbaf039cb2ddbbac
0,0,0,0,2,0,0,0,0,3,1,0,1882,16000,48000,3.0,700b03d6ea9de4f26195330e30c6df062642ae91239ff25f225ff94bf1bba39d
0,0,1,3,2,0,0,0,0,0,0,0,1883,16000,48000,3.0,087c81044f555832e0a763f9abcff4aedf36dd1deb30e8c20d5d9fadf1010431
0,0,0,0,0,0,0,0,0,3,1,0,1884,16000,48000,3.0,7e7f391900199e04290e73216130a1fd3c52e0b5827ab9fe23eef5de06da858d
0,3,1,0,0,0,0,0,2,0,0,0,1885,16000,48000,3.0,121864a3161d992bff05f01ce01fb186949c53aedd0ea97a2dd950d525f0721a
0,0,0,2,1,0,0,0,0,1,0,0,1886,16000,48000,3.0,8343e87ce07b923806559aec5fe73d772f26be99d469ef41cf2e9134ca423269
0,0,0,0,1,0,0,0,1,3,0,0,1887,16000,48000,3.0,8592c4dd61e95f52c80f51995281d99a33d8275293958c0fbd53c1a0c74295fc
1,0,0,0,0,0,0,0,0,2,0,0,1888,16000,48000,3.0,42c7e7422861d3d5465d1d52040ddb234af469291190b66877d0f5747a501502
0,0,0,0,1,0,0,0,0,3,1,0,1889,16000,48000,3.0,92f36861aef860362a449497b0e4e14e8cb76d7292b6bf8698cd3eeb8e1a47ec
2,0,0,0,0,0,0,0,0,1,1,0,1890,16000,48000,3.0,eba764ae54508499c991655aebb48ec11482d9b6b6030d6963938c2aa22c51e5
0,0,0,0,2,0,0,0,0,3,1,0,1891,16000,48000,3.0,da40e4bbb81a50413a3a3929e07d0fcb66bdd5004844232cd0b54e103afe8ec5
1,3,1,0,2,0,0,0,0,0,0,0,1892,16000,48000,3.0,daa10a33213aa823ea56d9eea8e5cad754ee04f24611219d3f7d4d9779d1f6f1
0,0,0,0,0,0,0,0,0,3,1,0,1893,16000,48000,3.0,4741cf7b4961f8647b6dfb566dc2860b68fd08aa8c18cf17a94b890e3da9da87
2,0,0,0,0,0,1,0,1,2,2,0,1894,16000,48000,3.0,76c538007680d2eb85918659da515838780a9d86ddae3fe48cbef7db6b7b4085
2,2,1,0,0,0,0,0,1,0,0,0,1895,16000,48000,3.0,88dfb8aeed9ee0fb40ef5107f87eb764fb5cd17fbad1e00d0a33d9790832bfe0
0,0,2,0,0,0,0,0,0,1,0,0,1896,16000,48000,3.0,2804973e47a60c0032d20aa8cc9b0f335bb1a354cb2bfcc2784a3e02d5a7cb3d
0,0,0,0,0,0,0,0,0,3,0,0,1897,16000,48000,3.0,46b8dbfcdf39cd778b7ade6a67f15d25a7bd4f26515cd44d63734096f83eef16
1,0,0,0,2,0,0,0,0,2,1,0,1898,16000,48000,3.0,fc9bbaa251c99002971d06c66d4886c5d87612155fffb03985f0a77103fecd38
0,2,0,0,0,0,0,0,0,1,1,0,1899,16000,48000,3.0,ea1e7234e6a41abd94a6a35cf58dca5f11f88e90f0708679db04d9b8efe07f91
0,1,0,0,0,0,0,0,0,2,2,0,1900,16000,48000,3.0,68b02be927ab5d7adc08156e0ff010fc297af599d8fcb8c22f1285bc7e4b7c78
2,1,0,0,3,0,0,0,1,1,1,0,1901,16000,48000,3.0,f41bd5206f44fd7fc19ad7f0b6419e1e504e1d9859b7ae1850709fe08803356b
1,0,1,1,0,0,0,0,0,1,0,0,1902,16000,48000,3.0,dc248a3efc7f1e821e176f803d7df872b19184372504d0deea7a43e95ac34961
1,1,0,0,0,0,0,0,0,1,0,0,1903,16000,48000,3.0,0871e7b213b3d9b42ad498ceb136f5959b93a74ee6c1eb4b0a778aee0684f8fc
0,1,0,0,0,0,1,0,2,2,1,0,1904,16000,48000,3.0,74ac39de9249776241867bc3d0df50c0f933dc853a19f065546f3c086e3be64d
1,0,1,0,0,0,0,0,0,1,0,0,1905,16000,48000,3.0,b61f39bcff11fc5988344f59bfe05c5dc3f42aece0a082fc58f87646ddc578cc
2,0,0,0,0,0,0,0,0,1,1,0,1906,16000,48000,3.0,1fbf56cbf35963de2deb2cb30ffc0ab48f15071add8bf03d96122da80ff19822
1,0,0,0,0,0,0,0,1,2,0,0,1907,16000,48000,3.0,6c59c1b7931b2a6631bf8b28dad41a5735aba842922c28a0f92b143ad4f29fab
2,0,1,0,0,0,0,0,0,0,0,0,1908,16000,48000,3.0,d1e45668db77316cc26ae8ff0b2a79e4b13f62df145891d4a658ab0ca3f31f5c
0,2,1,0,0,0,1,0,2,0,0,0,1909,16000,48000,3.0,e016fc1680e5739f8a1f2efad6abf96be5495d2c7d68c078280fd0977869dc8a
0,0,0,3,2,0,0,0,0,0,0,0,1910,16000,48000,3.0,b3e25e0400bf32aab85266b58a0a6cc4e26be4dd6eb08ff1b4f463e1e04975a8
0,0,1,3,2,0,0,0,0,0,0,0,1911,16000,48000,3.0,c9d8596641ac65deb1ddd9c74d92ed426a063aa8742252c1a52baec6a44d8cf3
0,2,2,0,0,0,0,0,0,0,0,0,1912,16000,48000,3.0,12038ad7d26fea82c4e950158f135ebab34a9f2ea72cd7623845a85992183079
0,0,0,0,1,0,0,0,0,3,1,0,1913,16000,48000,3.0,d4b5ce5bacc8ee1c6d8f7abb7d162837f919b102004a8daa872dd25ed4b8900c
0,0,0,3,1,0,0,0,1,0,0,0,1914,16000,48000,3.0,ffac3ededf270960c491f1a9984aa1dc25a2b16ebebbcd717fbfed0d84b066eb
0,0,0,0,1,0,0,0,0,3,0,0,1915,16000,48000,3.0,a5b92ff32d8866d3165f01258a2c0beb9bc2ef7e8a6702ba2b25af85c76bf3b4
0,0,0,0,0,0,0,0,0,3,0,0,1916,16000,48000,3.0,f410c2e0a72086b1b359709b2597ff8bcedd0c34db810fda50ecdc85801a8f77
0,0,0,0,0,0,0,0,0,3,1,0,1917,16000,48000,3.0,de9e2345819a173deff5f582e5ddddbbed84b9c4372885388d2871593d01c55b
0,1,0,0,0,0,0,0,0,3,0,0,1918,16000,48000,3.0,b1a25e810f450c08faee47c98fceed09cc5b10b59372584f75f0ab61305128bd
0,0,0,0,1,0,1,1,1,3,0,0,1919,16000,48000,3.0,a8fd08ee16253f87634e50f7dc9ad7d2e2593427bac11a41cf63735935b7be50
1,0,0,0,3,0,0,0,0,2,2,0,1920,16000,48000,3.0,10bc6726ad5bc96d5f2c5a4f29794365ec76d656f8867a24a313bc1d1cc2706c
0,0,1,0,1,0,0,0,0,2,0,0,1921,16000,48000,3.0,c5f920bc4dc326f19cf2f93197126caa66434b6abbe707c38618ee536e3fb4dc
0,0,0,0,0,0,0,0,0,3,0,3,1922,16000,48000,3.0,cab5fa9967e04c5a48d55b2e29ac35fb47299b90f8d58d81623ee8755755465a
1,0,0,0,0,0,0,0,0,2,0,0,1923,16000,48000,3.0,021dfa51c4ad79267e5f279a94291a95fbf97eb2304b276b164405fdeda0a25d
2,1,0,0,3,0,1,0,1,0,0,0,1924,16000,48000,3.0,79dbd4e166f6c423767e9034e41a0c15d6d1ef307e709cda46176b682633c6d7
0,0,0,0,3,0,0,0,0,3,0,0,1925,16000,48000,3.0,23d8be23913031d90dd49bc7d2e2b039dc65f845aa5739e7cdccd0ea44b3e604
0,0,1,2,1,0,0,0,0,0,0,0,1926,16000,48000,3.0,1abd566bb3e1ac0c66b239084ebad721289a82685503adfb6053381b4f5b4e51
1,1,0,1,1,0,0,0,0,0,0,0,1927,16000,48000,3.0,2bbc5605b6d1639c5401db6b3af6b9e94bbb5826a755ee16450a97babafa675d
0,1,0,0,3,0,0,0,1,2,0,0,1928,16000,48000,3.0,a11bbcdfa283a30ce0e7848206a7f790f4052a5495e19c47702991cdef822f1b
0,1,0,0,0,0,0,0,0,1,1,0,1929,16000,48000,3.0,de6f7fb470547b0351a11f236fa65756962371f752c8dcdfccef9f7c86c4fa8f
0,0,0,0,0,0,0,0,0,3,1,0,1930,16000,48000,3.0,6a82f23c0d9f3d73ac76c68ff321279e8e67c746c2e9ff2bc4f6659f0c73aac9
1,0,0,0,0,0,0,0,0,2,2,0,1931,16000,48000,3.0,5073b12d868b60b427240ede4c95b4b533eb6b6d241d6e990bce1f301df68caf
0,1,0,0,0,1,0,2,1,1,0,0,1932,16000,48000,3.0,d1366cb6c3fed0b4553bbdc0cba0c53d4501f90be102be5baecf6c14eec6956e
0,2,0,0,2,0,0,0,0,1,0,0,1933,16000,48000,3.0,4372a82f8185f1b8a4a51dfa0b0035597d3e6189e669ba3af4e49ade1670e323
2,1,0,0,0,0,0,0,0,0,0,0,1934,16000,48000,3.0,a4451cb1a1c3586c50f9f1d030c9c8869867d6d4d967aeb19dea179ca8b99390
1,0,0,0,2,0,0,0,0,2,0,0,1935,16000,48000,3.0,463d97553f3f67a1361c1eb9186e188fee326b91c5200c1afd67b1923ce0a7fe
0,0,0,0,0,0,0,2,0,3,0,3,1936,16000,41248,2.578,123ca5fa886e2bebd2ce71d579c84e19cb6154b5ed1f3ff1b960cbd191204ce5
0,1,1,1,1,1,0,0,0,1,1,0,1937,16000,48000,3.0,4db2180084abae7d6951fc8c08674bbea8768f3eae32304754830a4cfbfcc570
2,0,1,0,0,0,0,0,0,0,0,0,1938,16000,48000,3.0,51fa97d01ba106fe23f088c2f74e86988da361aa11b27b74c4892120764a73fc
0,3,0,0,0,0,0,0,0,0,0,0,1939,16000,48000,3.0,afb874d469bb27f71edfdac076ecca4f5f8c1ac9aee81295f12331086bcc795e
0,0,0,0,0,0,1,0,0,3,0,0,1940,16000,48000,3.0,359916b4d504098d3a86c112a3582b2176510a46c443eaaab1a45785f9870732
0,1,0,0,0,0,0,0,0,2,1,0,1941,16000,48000,3.0,291aad1d84170bea46f6408a576e8170e82d008aac24f7441638401c93b4584b
2,0,2,0,2,0,0,0,0,0,0,0,1942,16000,48000,3.0,d5fec4199bfc13cc6211a1f3dc50298f3aeef2c9c1c98e8eca1e64f3178c9ec5
1,0,0,0,1,0,0,0,0,2,1,0,1943,16000,48000,3.0,5fd936d860844808312564cb6fd851a470f83a89bb7f04d7d5eb9d97868287f3
0,0,0,0,0,0,1,0,0,3,2,0,1944,16000,48000,3.0,03e4fc3e0870dcf3cb5dcf3e72a842ba52dbef047d518ef5b27c4780d093a7bd
2,0,3,0,0,0,0,0,0,0,0,0,1945,16000,48000,3.0,d90b2a006261a5c2667857fa09fb35de15bc65888c277751456cb807a8ca77ad
0,0,0,0,0,0,0,0,0,3,0,0,1946,16000,48000,3.0,c47a33d55ec61f9b84ad0288b07a628627df918c377621f755c2fa47e980068b
0,0,0,0,0,0,0,0,0,3,1,0,1947,16000,48000,3.0,f9f9057d41a88a30a3841bc3f647934b62f6d80a8a070f6919a6d56da46f736b
0,1,0,0,0,0,1,0,0,2,0,0,1948,16000,48000,3.0,76130e1b20282b6f2d5c8c17a4632cb9a376da8fdb01c99aeacbfbf241aa419e
0,2,3,2,0,0,0,0,0,0,0,0,1949,16000,48000,3.0,e88f6d4d76eb83f48a6368f03b2301c0b1877b8bfad0459a119e370f69bfdabf
0,0,0,3,1,0,0,0,0,0,0,0,1950,16000,48000,3.0,3c9b27091e5a524ec8af8d25bb2eb46554afcc4511bd6d8c9cfa53ed0ac1ebf4
2,1,1,0,0,0,0,0,0,0,0,0,1951,16000,48000,3.0,f64ee632177a953f2ecfda1caf995ab1e1fc1778b023ee77646c0e3c45d2d91a
0,1,1,1,1,0,0,0,0,0,0,0,1952,16000,48000,3.0,c89e71e7ec442c04c0742031f444c378826cfb1c84d13b5080b2e6631ca7b982
0,1,0,0,3,0,0,0,0,2,0,0,1953,16000,48000,3.0,df9cadc6e290692af8c81c3c10d76f39c3e0fba2fdf5fcf51e94435e2332715c
2,0,0,0,0,0,0,0,0,1,0,0,1954,16000,48000,3.0,d1223c67a97abea25d11a6d69ee5598f05108be806c82e935877ea596a89b70f
0,2,0,3,0,0,0,0,0,0,1,0,1955,16000,48000,3.0,6002a614296c2a3af71d4b346be6d5c18bbb56c6852ebc8c427b7c0c0bada94c
1,0,1,0,2,0,0,0,0,1,2,0,1956,16000,48000,3.0,88f0b8c755e4f88b6cf53b2d071f9dbf6f04f1cb2881375a4217c1a37b96fe21
1,0,0,0,3,0,0,0,0,2,0,0,1957,16000,48000,3.0,4257d8d7bd5513331839af243faec339322bc04392ba74c88493cebbd21f3a80
0,0,3,1,0,0,0,0,0,0,0,0,1958,16000,48000,3.0,bed91f66538e8ae921430e0a616b75342097477c9b629f2ee32a90a539887265
0,1,0,0,0,0,0,0,0,2,0,0,1959,16000,48000,3.0,905077413b68fa52625255f07bd09158a4c925fa47438c49e6db0cc16e35769a
2,1,0,0,0,0,0,0,1,0,0,0,1960,16000,48000,3.0,64a79b9f1a23461292c132e67745b48f37560ca898f8e51b21c75fd16fef5b25
1,0,0,0,0,0,0,0,0,2,0,0,1961,16000,48000,3.0,41a4fa815b995fa0a6e631cead181db9706457cc0ea6c43ae07fd954daf44545
0,1,0,0,3,0,0,0,0,2,3,0,1962,16000,48000,3.0,33a5d7ad8e3e8c75e8f6736a8a36927fb8b44d2f8fe39448914015b35d40c2a5
1,0,0,0,3,0,0,0,0,2,0,0,1963,16000,48000,3.0,b833ad27736ed331eedf04e6d53bb888e1adbc50580071f074c046068f768d15
0,0,0,0,0,0,0,0,1,3,1,0,1964,16000,48000,3.0,821472ecdda71b47c4f25179058b09a711b6f423911d410777ad4bd004efdbea
1,1,1,2,0,0,0,0,0,0,0,0,1965,16000,48000,3.0,2116324b2d798ba586ae52f62dcf8f5d9d07c49d9dbdd1d6275083c7ff8cfa1e
0,0,0,0,0,0,0,0,0,3,1,0,1966,16000,48000,3.0,3f7e45e0a90a31d039734e9d0421981abc02f221d4744ae686c686fcdf6f0930
0,0,0,0,1,0,0,0,0,3,0,0,1967,16000,48000,3.0,dc7895395a2eb14a3129d125b106a3a24f2306ac576960488924804e8826a7de
0,2,1,0,0,0,0,0,0,0,0,0,1968,16000,48000,3.0,2021302519c5213794dfc5e11220146e0153115835741ed422ddb02580cd98af
2,2,0,0,0,0,0,0,0,0,0,0,1969,16000,48000,3.0,2c445e173d40ab955a781d40fa626242269294be43a1628d4ba5547a671541ec
0,0,0,0,0,0,0,0,0,3,1,1,1970,16000,48000,3.0,88409a7de0a340a3b145215f0bfe878d9d5e7633ecd99ebae18fdf5ca75c5801
0,1,0,2,0,0,0,0,1,0,0,0,1971,16000,48000,3.0,879666a87631313c5bbfa45ecc53a5fd0e17b8456d14b442746c9ac6d2149972
1,0,1,2,0,0,0,0,0,0,0,0,1972,16000,48000,3.0,d927bebe9103fe31be07b78bfab1695917c8cdc73a52c89b22665eb382fb203c
0,0,0,1,0,0,0,0,0,2,0,0,1973,16000,48000,3.0,4198bdffa11ad369e8fae48a593b648241b09f23d14c84ab7f203227538aadd6
0,1,1,2,0,0,0,0,0,0,2,0,1974,16000,48000,3.0,c12b77df54c05e5a52b1048c0ff3149f8a820d4e7dcd3a42f046ded0247db07c
1,0,0,0,0,0,0,0,0,2,0,0,1975,16000,48000,3.0,36b3c60e5a6dea75244999b0803820442996a5139765237c17de4d106283ffe7
0,1,0,0,0,0,1,0,0,2,0,0,1976,16000,48000,3.0,9191fdcb1b6f898551302e59873b72658b6426e6b5de2baffc9bc4e69fd61824
1,1,0,0,0,0,0,0,0,2,0,0,1977,16000,48000,3.0,4cceb986bbf3f8f2ffb2453771d5f5c8be252e0893125847192467822e6fd94f
0,2,0,0,1,0,0,0,2,1,0,0,1978,16000,48000,3.0,80a06a63545d3a17e4e00ddb26c631168c8465fb8e5eb87e6b75ab8520545f1e
0,0,0,3,0,0,0,0,0,0,0,0,1979,16000,48000,3.0,a4017b6bebdb32a232314718fb62c6b53b8b2077d884e577ff7dade5f56c7414
0,3,0,0,0,0,0,0,0,1,0,0,1980,16000,48000,3.0,0f23827939856eefd46209415cfb7028a51cbc6338fa04d10362b0653eb5c7e1
0,1,1,3,0,0,0,0,0,0,0,0,1981,16000,48000,3.0,b98abdf990f3122f23bb098146ea4c42b6ef530ca36c2f2d7f9ab8f8fcd439ea
1,1,0,0,3,0,0,0,0,1,0,0,1982,16000,48000,3.0,fa517c4eaed1a0e896f7edaa42a2bff5a16602fdad97b4ced07916314b9784f6
0,0,0,0,1,0,0,0,0,3,0,0,1983,16000,48000,3.0,a0aa08d36ce9a5931c36ee01f471259a03b5fc979ecb1e64c53d7f55f1e8ca70
0,1,0,0,1,0,0,0,0,2,0,0,1984,16000,48000,3.0,7769e0e6622b120653789b953f78327d296c18318289fd2c23243be384a6f941
0,0,0,0,0,0,0,0,0,3,1,0,1985,16000,48000,3.0,58370bf35dbc53b923605f65516ec78a2bdd842cf2552ff4882b3df83e2b9a8f
0,0,0,0,0,0,0,0,0,3,1,1,1986,16000,48000,3.0,1f8fa7934d2b9ddc7646fe30c5438a675bb7e9c44c4949cf3e9ee8c3a4181336
0,3,0,0,1,0,0,0,0,0,0,0,1987,16000,48000,3.0,9e4acd12e7b7f758535196b6a1ee8536d5d0020ee3e1e7081253e6cc4c0c7619
0,0,3,1,2,0,0,0,0,0,0,0,1988,16000,48000,3.0,3b6bc572e604d36e4a60451fe1caf19fe155a6259fc83e4f7ac0928031dbe05c
0,1,1,0,3,0,0,0,1,1,0,0,1989,16000,48000,3.0,6870a3e29ff53b79096c1678d3827950135746ba6204dfb60232046ee166cebf
0,0,0,0,0,0,0,0,0,3,1,0,1990,16000,48000,3.0,18e3d9f27b82eff423154bf5b4da4aaee84373d966123d4be748491427e53ac7
1,1,0,0,3,0,0,0,0,1,0,0,1991,16000,48000,3.0,587dd7d5f05d147fb7d3cd635ccf1dad1fd3e67e3ed4a45a4af02a6b27e2e9ee
0,0,0,0,0,0,0,0,0,3,0,0,1992,16000,48000,3.0,3fb7149b41731adba9505017a20c049e6699ba78f2e6b8d9ee6f262607248c8c
0,0,0,0,0,0,0,0,0,3,0,0,1993,16000,48000,3.0,464538c4b0899768310141f63b6dfde59e5ecda43e5049751c342606b7d8fd7a
1,0,0,0,0,0,0,0,0,2,1,3,1994,16000,48000,3.0,ba6d8ebc5c73b8be87dc51b99d15ddef427beb4ee50ed097471347f56f91dc17
0,0,0,0,0,0,0,0,0,3,1,0,1995,16000,48000,3.0,2fa63d0aab516274c0c39ecb1b5eae2429bb3bc75e249e3fd1e0b0b6a03e1875
0,0,0,0,0,0,0,0,0,3,0,0,1996,16000,48000,3.0,9ce713ccd9df6cb5ef3132b3fa35464f74a6b38d2a0136193e06cce158ef0753
0,0,0,0,0,0,0,0,0,3,0,0,1997,16000,48000,3.0,06cebe23771b80612a181afb0ae719d3271e466c2985d91d3509116555efb2c4
2,1,0,0,0,0,0,0,0,1,0,0,1998,16000,48000,3.0,12f7f011d5e8e672cabde9ae389aeef5b902a9b7c7f56248b569470da38b84e8
1,0,0,0,0,0,0,0,0,2,0,0,1999,16000,48000,3.0,51c1447f2447138a579a764bfcd7b6a780983847e07c4d75d4bc2a790063495f
